{"type":"FeatureCollection","features":[{"type":"Feature","geometry":{"type":"LineString","coordinates":[[-73.770506999985415,42.644097999726178],[-73.769793999957884,42.64392699977676],[-73.769644999994966,42.643882999682837]]},"properties":{"NAME":"Osborne St"}},{"type":"Feature","geometry":{"type":"LineString","coordinates":[[-73.794537000310939,42.65421799993446],[-73.794240000210024,42.654836999879883],[-73.793692000038931,42.655941000286035],[-73.793364999800801,42.656654000303313],[-73.793307999899383,42.656745000218542],[-73.7932669998915,42.65679899997459],[-73.792537999970449,42.657490000201008],[-73.79220800025756,42.657764000040572],[-73.791680000177962,42.658289000290203],[-73.790984999693777,42.658941000041743],[-73.790779999654376,42.659152000179056]]},"properties":{"NAME":"W Erie St"}},{"type":"Feature","geometry":{"type":"LineString","coordinates":[[-73.814286000098235,42.660829000271669],[-73.814625999856872,42.660497999800732],[-73.814799999934152,42.660324000199687],[-73.81513800004295,42.659991000015651],[-73.815169000005113,42.659952999720581],[-73.815184999898619,42.659911000062777]]},"properties":{"NAME":"Milner Ct"}},{"type":"Feature","geometry":{"type":"LineString","coordinates":[[-73.754044999603082,42.66663099991959],[-73.753144999977806,42.666918999845734],[-73.752151999567786,42.667196999940039],[-73.751973000365965,42.667243000149369],[-73.751637999731898,42.667334999805405],[-73.751419000347099,42.667400000104983],[-73.751169999926745,42.667468999850627],[-73.750174000042009,42.667746000088144],[-73.749729999627988,42.667867000085913]]},"properties":{"NAME":null}},{"type":"Feature","geometry":{"type":"LineString","coordinates":[[-73.751173000299815,42.642264999967161],[-73.751099999606538,42.642152999798654],[-73.751086000261154,42.642105999738689],[-73.751072999842364,42.642025000114344],[-73.751072999842364,42.641971999878891],[-73.751104999629419,42.641856000003948]]},"properties":{"NAME":null}},{"type":"Feature","geometry":{"type":"LineString","coordinates":[[-73.75591500007215,42.669011999792019],[-73.754544000268695,42.670112000170079],[-73.754033999732428,42.670520999935832],[-73.753959000287665,42.670584000219293],[-73.753912000431995,42.670620999968065],[-73.753890999617298,42.670634999867318],[-73.753776999814491,42.670736999698256],[-73.75366300001167,42.670835000064621],[-73.752949000159219,42.671400000133751],[-73.752089999643516,42.672109000012441],[-73.751554999891226,42.672575000318822],[-73.751436999890444,42.672678000228309],[-73.750465000295137,42.673489999943186],[-73.750435999982827,42.673510000195975],[-73.750401999647636,42.673529999781849],[-73.748927000087093,42.674680999746954],[-73.748556000366335,42.675011000072892],[-73.74792399963134,42.675535999981932],[-73.747709000444502,42.675701999986352],[-73.74765699966764,42.675743000293167],[-73.747608000162174,42.675793999670496],[-73.7475329998191,42.675862000096096],[-73.747432000435069,42.675942999903789],[-73.747291999794655,42.676043999703637],[-73.747051999595158,42.676217000313329],[-73.746824999814422,42.676359000228651],[-73.746724000430405,42.676399000202068],[-73.746562000048698,42.676465000167894],[-73.746536999934335,42.676479999970255],[-73.746299000282974,42.676557000043317],[-73.745711999753823,42.676689000229715],[-73.744765000272878,42.676890999882055],[-73.743736999702762,42.677112000063808]]},"properties":{"NAME":"Northern Blvd"}},{"type":"Feature","geometry":{"type":"LineString","coordinates":[[-73.813102999717444,42.663530999909682],[-73.813985999624279,42.66404999975699],[-73.814830999896301,42.664563000014098]]},"properties":{"NAME":"Greenway"}},{"type":"Feature","geometry":{"type":"LineString","coordinates":[[-73.814662999666808,42.658529000154878],[-73.814784999865537,42.658668000288777],[-73.814861000033517,42.658731000033242],[-73.815235999952264,42.658979000294657],[-73.815460000258241,42.659123000312228],[-73.816283999715537,42.65961099998357],[-73.816760999741518,42.659892999728918],[-73.817440000332155,42.660262999745932],[-73.817576999701188,42.660319000067297],[-73.817682000181506,42.660357000138688],[-73.817969000236673,42.660425000277996],[-73.818092000260307,42.660446999763138],[-73.818269999637238,42.660453000041734],[-73.818529999928231,42.660450000232807],[-73.819011000152159,42.660413999871892],[-73.819405000337468,42.660369000052107],[-73.820111999618902,42.66031699974998],[-73.820247000236421,42.66031699974998],[-73.820304999962758,42.660325999856212],[-73.820345999970627,42.660337999775614]]},"properties":{"NAME":"Krumkill Rd"}},{"type":"Feature","geometry":{"type":"LineString","coordinates":[[-73.767863000287761,42.658877000328211],[-73.768470000010083,42.658285000185529]]},"properties":{"NAME":"Sprague Pl"}},{"type":"Feature","geometry":{"type":"LineString","coordinates":[[-73.778305999907289,42.649085999884107],[-73.778413999862323,42.649087999901958],[-73.778494000228278,42.649089000241233],[-73.778603999833109,42.649145999731488],[-73.77876700003975,42.649239000074317],[-73.778859999926155,42.649294000076686],[-73.778956000185644,42.64934799969528],[-73.779050999721875,42.649401999927733],[-73.779147999806241,42.64945800011931],[-73.779341000150083,42.649567999688074],[-73.779520000250244,42.64966900005782],[-73.779592000220276,42.649709999696618],[-73.779646999573529,42.649740999985738],[-73.779706000023069,42.649774999922769],[-73.779771000320409,42.64980400018473],[-73.77988799959796,42.64983200010581],[-73.779955000443437,42.649838999753754],[-73.780018000192612,42.649842999741026],[-73.780085999964669,42.649846999727998]]},"properties":{"NAME":"Union Dr"}},{"type":"Feature","geometry":{"type":"LineString","coordinates":[[-73.749609999977395,42.650013999946538],[-73.750461000097175,42.650230999924673],[-73.751298999798195,42.650333999856358],[-73.752155999765748,42.650616999701413]]},"properties":{"NAME":"Maiden Ln"}},{"type":"Feature","geometry":{"type":"LineString","coordinates":[[-73.804309999560644,42.670479000151701],[-73.804372000383239,42.670395999834376],[-73.805055000273541,42.669750000037872],[-73.805445000260875,42.669357000036392],[-73.807535999764582,42.667430000118685]]},"properties":{"NAME":"Milner Ave"}},{"type":"Feature","geometry":{"type":"LineString","coordinates":[[-73.758665999899918,42.657878999782284],[-73.759152999971647,42.658230000206387],[-73.759511999996846,42.658458000018875],[-73.759900000334355,42.658739000185001],[-73.760384000033028,42.658424000204178]]},"properties":{"NAME":null}},{"type":"Feature","geometry":{"type":"LineString","coordinates":[[-73.779634000053051,42.6709820003244],[-73.779480000067267,42.671040000209935],[-73.779292999571197,42.671125000297423],[-73.779239999867755,42.671158999771492],[-73.778571000221163,42.671913999812475],[-73.777926999790608,42.672639999762175],[-73.777822000208616,42.672749999935427],[-73.777296999603749,42.673346000178704]]},"properties":{"NAME":"Manning Blvd N"}},{"type":"Feature","geometry":{"type":"LineString","coordinates":[[-73.795359000118424,42.667980000225988],[-73.795337000377117,42.668039000305178]]},"properties":{"NAME":"Manning Blvd"}},{"type":"Feature","geometry":{"type":"LineString","coordinates":[[-73.751894999649849,42.665109000060426],[-73.751488999768981,42.664874000259317]]},"properties":{"NAME":"Lark Dr"}},{"type":"Feature","geometry":{"type":"LineString","coordinates":[[-73.772395999822734,42.639228000121392],[-73.772569999900014,42.640563000155495]]},"properties":{"NAME":"Sand St"}},{"type":"Feature","geometry":{"type":"LineString","coordinates":[[-73.759954999687636,42.65333399987869],[-73.760059000343006,42.653294000257624],[-73.760502999858716,42.652854000085377],[-73.760830999921765,42.65253200001986],[-73.761093999687503,42.652258999879272],[-73.761502999941413,42.651854999703772],[-73.76173100044538,42.651638000105926],[-73.761930999563589,42.651433999708331],[-73.762050000287587,42.65132000024407],[-73.762625000222855,42.650758000306311],[-73.763272999953074,42.65015000030759],[-73.763361999641518,42.650007999982101]]},"properties":{"NAME":"S Swan St"}},{"type":"Feature","geometry":{"type":"LineString","coordinates":[[-73.791199999778939,42.66011400023779],[-73.792703999651806,42.660998999850577]]},"properties":{"NAME":"Peyster St"}},{"type":"Feature","geometry":{"type":"LineString","coordinates":[[-73.771913999773901,42.656874000218636],[-73.771936000413518,42.656635000130002],[-73.771719999605139,42.656262999878273],[-73.771569999817316,42.656114000034165],[-73.771495000372553,42.656054999868623],[-73.771362000303171,42.655975999704928],[-73.771297000005831,42.655881999956343],[-73.771230999883599,42.655757000147958],[-73.771209000142278,42.655653999947894],[-73.771213000340239,42.655573999700437],[-73.771322999945113,42.655461999709644],[-73.77145400036467,42.655314999745926],[-73.771513999740819,42.655232000323011],[-73.771548999900915,42.65516199996744]]},"properties":{"NAME":"Washington Park Rd"}},{"type":"Feature","geometry":{"type":"LineString","coordinates":[[-73.785845000436481,42.667486999972731],[-73.78747700035585,42.668432000053016],[-73.788258999980371,42.668898000186381],[-73.78903800013012,42.669316000140164]]},"properties":{"NAME":"Chestnut St"}},{"type":"Feature","geometry":{"type":"LineString","coordinates":[[-73.757012000239243,42.66524599985781],[-73.757276999654778,42.665404000310019],[-73.757572999930787,42.665579999713898],[-73.758408000157061,42.666077000162907],[-73.759167000215356,42.666522000204999],[-73.759905000357236,42.666953999690818],[-73.760681000133957,42.667400000104983],[-73.761523999857815,42.66788099994492]]},"properties":{"NAME":"Beverly Ave"}},{"type":"Feature","geometry":{"type":"LineString","coordinates":[[-73.754288000175649,42.64711899974067],[-73.754400000328644,42.647193999765129],[-73.754741999737092,42.647398000193441],[-73.754955999997335,42.647517999783119],[-73.755031000340409,42.647566999785752],[-73.755469999833224,42.647815999998365],[-73.755768999583978,42.647971999759037],[-73.75630900025746,42.648271999825624],[-73.757521000052265,42.64890100026556],[-73.757848000290409,42.649052000231187],[-73.758029000040381,42.649118999840347],[-73.758183000026179,42.649196000110678],[-73.758261999668875,42.649231000021878],[-73.758824000083678,42.649522999948026],[-73.758839000152292,42.649530999962955],[-73.759715000386421,42.65004199977313],[-73.760097999802767,42.650265000254535],[-73.760849000363436,42.650736000036161],[-73.760892999846064,42.65076400019845],[-73.761825000156705,42.651355000281519],[-73.761930999563589,42.651433999708331]]},"properties":{"NAME":"S Mall Arterial"}},{"type":"Feature","geometry":{"type":"LineString","coordinates":[[-73.751135999591554,42.644422000010735],[-73.75147299987546,42.644729000240751]]},"properties":{"NAME":null}},{"type":"Feature","geometry":{"type":"LineString","coordinates":[[-73.762050000287587,42.65132000024407],[-73.762651000162137,42.651707999803179],[-73.764165000080737,42.652600999749509],[-73.765591999960705,42.653423999757841],[-73.766289999919621,42.653813000328832],[-73.766645999571764,42.654017999790028],[-73.767429999744408,42.654486999715658]]},"properties":{"NAME":"Hudson Ave"}},{"type":"Feature","geometry":{"type":"LineString","coordinates":[[-73.793736000419855,42.67433500006112],[-73.793712999955332,42.674365999962653],[-73.792076999838002,42.67591900014299],[-73.791275000122013,42.676657000270346],[-73.790783999852337,42.677086000316294],[-73.790505000193079,42.677356000110585]]},"properties":{"NAME":"Ver Planck St"}},{"type":"Feature","geometry":{"type":"LineString","coordinates":[[-73.816030999995533,42.654063999840574],[-73.816461000165845,42.653787000084598]]},"properties":{"NAME":"Governor Cir"}},{"type":"Feature","geometry":{"type":"LineString","coordinates":[[-73.775457000170221,42.639053999823204],[-73.775716999562903,42.640801999888794],[-73.775805000324766,42.641490999829578]]},"properties":{"NAME":"Raymo St"}},{"type":"Feature","geometry":{"type":"LineString","coordinates":[[-73.787925999894426,42.67173699987358],[-73.787821000312448,42.671814999852778],[-73.786734000191103,42.67282000030454],[-73.786406000128054,42.673101000285172],[-73.785513000175456,42.673945999748035]]},"properties":{"NAME":"Buchanan St"}},{"type":"Feature","geometry":{"type":"LineString","coordinates":[[-73.814286000098235,42.660829000271669],[-73.814625999856872,42.660497999800732],[-73.814799999934152,42.660324000199687],[-73.81513800004295,42.659991000015651],[-73.815169000005113,42.659952999720581],[-73.815184999898619,42.659911000062777]]},"properties":{"NAME":"Milner Ave"}},{"type":"Feature","geometry":{"type":"LineString","coordinates":[[-73.771788000275507,42.644093000271454],[-73.771847999651641,42.644088000155541],[-73.772026999751802,42.644157999759358],[-73.772137000254972,42.644176000022334],[-73.772234000339353,42.644143000086856],[-73.773478999746118,42.643609999906317],[-73.774354000155355,42.643205999721076]]},"properties":{"NAME":"View Ave"}},{"type":"Feature","geometry":{"type":"LineString","coordinates":[[-73.75012899983615,42.6471549998694],[-73.749547000228205,42.648148999966722],[-73.749742000221872,42.648678999864927],[-73.750030999926878,42.648716000096847],[-73.750822999597119,42.648845999915743]]},"properties":{"NAME":null}},{"type":"Feature","geometry":{"type":"LineString","coordinates":[[-73.80819000024087,42.659097000306204],[-73.807168000416851,42.660097000124864],[-73.806776999706287,42.660491000031222],[-73.806284999611691,42.660954999941978],[-73.805609000292407,42.661593000193271],[-73.805168000251442,42.662017999982915],[-73.805030999984112,42.662131000185759],[-73.804758999997532,42.662406000177782]]},"properties":{"NAME":"Kakely St"}},{"type":"Feature","geometry":{"type":"LineString","coordinates":[[-73.768229999810572,42.657529000222958],[-73.767929000409993,42.657354000034843],[-73.767532999676575,42.65718900012368],[-73.767190000443222,42.657082000131439],[-73.766886999596196,42.656966000024518],[-73.766609999586748,42.65683000003358],[-73.766351000018972,42.657091000045277]]},"properties":{"NAME":"Washington Park Rd"}},{"type":"Feature","geometry":{"type":"LineString","coordinates":[[-73.753035000372947,42.664890000302037],[-73.753159000221501,42.664903000086049],[-73.753225000343747,42.664898000321898],[-73.753314000032205,42.664884999876278],[-73.753479999713562,42.664828000278582],[-73.75401000034131,42.66456199992372]]},"properties":{"NAME":"Lark Dr"}},{"type":"Feature","geometry":{"type":"LineString","coordinates":[[-73.804261999880069,42.649548000321538],[-73.804323999804353,42.64958300003461],[-73.804365999637156,42.649609000054184],[-73.804610999859534,42.649740999985738],[-73.804810000051162,42.649848000055066],[-73.805236999848418,42.650080000178335]]},"properties":{"NAME":"Edward Ter"}},{"type":"Feature","geometry":{"type":"LineString","coordinates":[[-73.768105000137098,42.647243999731174],[-73.767038000107249,42.647127999774796],[-73.766746999854121,42.647084999673368],[-73.766417999966151,42.647010999890185]]},"properties":{"NAME":null}},{"type":"Feature","geometry":{"type":"LineString","coordinates":[[-73.770563000061912,42.64663700012143],[-73.770249000242558,42.646527999714444],[-73.769957999989415,42.646397999676402],[-73.769936000248109,42.64637500012428],[-73.76992700002728,42.646311999756087],[-73.769949999593493,42.646282000124735],[-73.770163000028845,42.646082999957066],[-73.770199999838752,42.646032999718557],[-73.770212000432636,42.645976000018763],[-73.770204999861633,42.645909000328082],[-73.770188999968099,42.645861999801781],[-73.770133999716506,42.645792000133021],[-73.769921000179494,42.645633000328445],[-73.769809000026498,42.64557100026547],[-73.769648000368022,42.645496000266512],[-73.769188000060481,42.645351999750794],[-73.768614999775025,42.645221000157576],[-73.768138999573964,42.645103000247488],[-73.767963999671792,42.645075999923016],[-73.767794999617394,42.645077000326808],[-73.767228000078035,42.645114999800583],[-73.767320000139549,42.645224999781036],[-73.767356000124551,42.645355000288028],[-73.767536999874537,42.646147000282944],[-73.767717999624494,42.646709999971996],[-73.767824999754623,42.64689700024838],[-73.767946999953367,42.647102999750146],[-73.768105000137098,42.647243999731174]]},"properties":{"NAME":null}},{"type":"Feature","geometry":{"type":"LineString","coordinates":[[-73.790814999814458,42.653805999806742],[-73.790836999555779,42.653896999925472],[-73.79082499986022,42.654117999942621],[-73.790776000354725,42.654230999967808],[-73.790715000255346,42.654314000066023],[-73.790607000300312,42.654418000096378],[-73.790470999857874,42.654489999812249]]},"properties":{"NAME":"Norwood Ave"}},{"type":"Feature","geometry":{"type":"LineString","coordinates":[[-73.766936000000001,42.664017999895549],[-73.767474999950252,42.663456999876381],[-73.768001000380025,42.662960000280407],[-73.768075999824774,42.662825999763868],[-73.768173999734074,42.66268899991811],[-73.768605999554211,42.662392999871635],[-73.769163999771038,42.662040999695954],[-73.769302999688193,42.661966999870906],[-73.76942200041222,42.661909000107144],[-73.769979999730737,42.661571999930956],[-73.770510000358456,42.661229999850782],[-73.770701000154162,42.661088999866905],[-73.77076300007846,42.661051000242885]]},"properties":{"NAME":"Robin St"}},{"type":"Feature","geometry":{"type":"LineString","coordinates":[[-73.767863000287761,42.658877000328211],[-73.768456999591294,42.65906099982255],[-73.768747000019516,42.659157999922037],[-73.769840999813553,42.659511000075966],[-73.770420999771702,42.659698000181997],[-73.771413000356802,42.660000999672171],[-73.772343999944212,42.660266000224482],[-73.772466000142941,42.66030599998539],[-73.774303999926659,42.660907000066196],[-73.775233999689164,42.66124600017077],[-73.777244999725212,42.661861999780527],[-73.77983800026756,42.662685000096495],[-73.780932999886488,42.663041999842804],[-73.781316000201159,42.663155000166213],[-73.782423000413971,42.663504999765216],[-73.782893999693854,42.663655999944439],[-73.783261000114976,42.663765000060259],[-73.783939999807316,42.663990999855173],[-73.78521199987658,42.664399000169482],[-73.786483999945858,42.664807999874277],[-73.787474999807728,42.665118000133511],[-73.788146000002456,42.665327999707841],[-73.789413000048867,42.665726999851138],[-73.790121000053517,42.665950000236073],[-73.79132500035071,42.666337999671377],[-73.791670000132228,42.666446000309087],[-73.792003000218145,42.666565000078897],[-73.792449000281991,42.666712999924385],[-73.792578000153412,42.666753000161314]]},"properties":{"NAME":"Western Ave"}},{"type":"Feature","geometry":{"type":"LineString","coordinates":[[-73.808639999604338,42.650974000022615],[-73.808596999946644,42.650938000122018],[-73.808529999999493,42.650900999890411],[-73.808277000279517,42.650775000329531],[-73.808130999791317,42.650711000140198],[-73.807502000327688,42.650487000280322],[-73.806961999654206,42.650300000224888],[-73.806417999681102,42.650098999711489],[-73.805755999707188,42.649848999721435],[-73.805646999927248,42.649838999753754],[-73.80550999965989,42.649858999687453],[-73.805436000040061,42.64990100018796],[-73.805236999848418,42.650080000178335],[-73.803814000166412,42.651579000318826],[-73.803060999955918,42.652263999999086],[-73.802944999604961,42.65238299982547]]},"properties":{"NAME":"Keeler Dr"}},{"type":"Feature","geometry":{"type":"LineString","coordinates":[[-73.772543000135826,42.671750000207162],[-73.77235300016504,42.672263000327312],[-73.772262999753366,42.672482999832162],[-73.772216999722602,42.672589999739181],[-73.772095000422183,42.672871000099228],[-73.772020000079095,42.673064000031289],[-73.771755999590141,42.673672999836626],[-73.771608000350454,42.674028999947836],[-73.771476999930883,42.674345999985334],[-73.771368999975863,42.674631000045046],[-73.771266999868601,42.674954999776766]]},"properties":{"NAME":"Terminal St"}},{"type":"Feature","geometry":{"type":"LineString","coordinates":[[-73.809660999603452,42.672152999952665],[-73.809699999961509,42.672107000074462],[-73.810490999806845,42.671325000239008],[-73.811178999720013,42.670679000190475],[-73.811900999968373,42.670013999984782],[-73.811967000090618,42.669963999830706],[-73.812812000362626,42.669197999707926],[-73.813538999735528,42.668500999974192],[-73.813901999958688,42.668197000263781],[-73.814339999626611,42.667773999857459],[-73.815827999605943,42.666369000258932]]},"properties":{"NAME":"Daytona Ave"}},{"type":"Feature","geometry":{"type":"LineString","coordinates":[[-73.806764000185822,42.67451800010825],[-73.806570000017061,42.674407999761961],[-73.806498999871948,42.67434200025329],[-73.806460000412216,42.674278999816352],[-73.806461000237107,42.674163000092243],[-73.806496000397203,42.674049000027168],[-73.806524999811217,42.673996999939618],[-73.806610000200024,42.673927000235715],[-73.806664999553306,42.673910999877215],[-73.806712000307272,42.673883000230553],[-73.806821000087211,42.673848000324263],[-73.806996999814331,42.673811999796214]]},"properties":{"NAME":null}},{"type":"Feature","geometry":{"type":"LineString","coordinates":[[-73.785283000021693,42.668022999751834],[-73.786889999826712,42.66897100032876],[-73.788486999585999,42.669872000102643],[-73.789825999602414,42.670664000308982]]},"properties":{"NAME":"State St"}},{"type":"Feature","geometry":{"type":"LineString","coordinates":[[-73.758558999769804,42.641490000028938],[-73.760758999951761,42.642073000026841],[-73.763303000090289,42.64275799998758],[-73.765576000067171,42.64336900018511],[-73.765854999726429,42.643444000105184],[-73.767240999598513,42.643789999922511],[-73.767947999778258,42.64397599996488],[-73.769762999995748,42.644478999812826],[-73.77027299963369,42.644610000307722],[-73.770839000246426,42.644745999929427],[-73.771373999998715,42.644899000222196],[-73.771662999703736,42.644967000084705],[-73.772143000102758,42.645096999809333]]},"properties":{"NAME":"Catherine St"}},{"type":"Feature","geometry":{"type":"LineString","coordinates":[[-73.773996999779982,42.658909000193177],[-73.774050000381749,42.658952000047805],[-73.774134999872231,42.658989000113984],[-73.774354999980275,42.659031999913282],[-73.774505999593018,42.659049000317331],[-73.774579000286266,42.659077000040071],[-73.77462299976888,42.659104999750241],[-73.774643999685267,42.659125000007329],[-73.774715999655285,42.659272000213299],[-73.774763000409266,42.659341999906076],[-73.774869999641083,42.659420000244815],[-73.774976999771198,42.659454999687455],[-73.775059999611898,42.659463999918458],[-73.775165999917093,42.659463999918458],[-73.775273000047207,42.659447000288495],[-73.775367999583452,42.659402999942188],[-73.77566200020965,42.659146999952419]]},"properties":{"NAME":"Thurlow Ter"}},{"type":"Feature","geometry":{"type":"LineString","coordinates":[[-73.776549000314446,42.674176999854069],[-73.776190000289233,42.673952999983975],[-73.775159000244386,42.673326999822571],[-73.774061000252402,42.672678000228309],[-73.773369000141287,42.672274999924134],[-73.77235300016504,42.672263000327312],[-73.771702999886713,42.672221999706053]]},"properties":{"NAME":"Manning Blvd N"}},{"type":"Feature","geometry":{"type":"LineString","coordinates":[[-73.765832000160216,42.642886999924436],[-73.766101999598632,42.642339000109509]]},"properties":{"NAME":"S Hawk St"}},{"type":"Feature","geometry":{"type":"LineString","coordinates":[[-73.750891000267487,42.646399999780741],[-73.751352000399947,42.646356999836797],[-73.751671000242169,42.64634999979701],[-73.752488000026773,42.646377999951412]]},"properties":{"NAME":"Hamilton St"}},{"type":"Feature","geometry":{"type":"LineString","coordinates":[[-73.796931999588253,42.645747000304368],[-73.798179000441493,42.644531000143161],[-73.799722999599012,42.643100999670295]]},"properties":{"NAME":"Swartson Ct"}},{"type":"Feature","geometry":{"type":"LineString","coordinates":[[-73.755785000375823,42.646003999680779],[-73.75654400043409,42.64439200012869],[-73.757439000036484,42.642612999959518]]},"properties":{"NAME":"Trinity Pl"}},{"type":"Feature","geometry":{"type":"LineString","coordinates":[[-73.795436999936214,42.66745399985502],[-73.795462999875483,42.667350999875296],[-73.795970000038679,42.666880999821828],[-73.796609000446381,42.666291000050848],[-73.79731300025307,42.665615000312819],[-73.797939000241968,42.665014000163453],[-73.798619999584119,42.664359999832605],[-73.799284000106169,42.663735000259592],[-73.799982999890005,42.663076999888915],[-73.80040700021253,42.662686000217072],[-73.800753999643831,42.662344999784871],[-73.801127999737645,42.661910000240205],[-73.801166000270811,42.66186600031569],[-73.801312999685578,42.661675999713673],[-73.80174299985589,42.661114000215335],[-73.801983000055401,42.660785000242761],[-73.802419999898405,42.66012799986094],[-73.802592000325845,42.659833999845858],[-73.80289399955133,42.659296999971069],[-73.803071999826557,42.658985000054344],[-73.803286999911734,42.658607000192248],[-73.803594000058396,42.658117000180688],[-73.804004999962117,42.657513999810831],[-73.804082999779922,42.657416999789348],[-73.804128999810686,42.657374999739886],[-73.804194000108012,42.657354000034843]]},"properties":{"NAME":"S Manning Blvd"}},{"type":"Feature","geometry":{"type":"LineString","coordinates":[[-73.820345999970627,42.660337999775614],[-73.820357999666186,42.660350999850777],[-73.820432000184354,42.660378000150757],[-73.82050199960625,42.660446999763138],[-73.820530999918546,42.660498999956474],[-73.820542999614119,42.660552999755573],[-73.820540999964294,42.660595000300887],[-73.820539000314469,42.660628000096054],[-73.820523000420962,42.660680000138029],[-73.8204980003066,42.66072800018906],[-73.820460999598353,42.660781999789258],[-73.819769000385534,42.661413000168231],[-73.819417000033042,42.661737000102363],[-73.818005000221689,42.663035999814056],[-73.817672999960664,42.663328999771494],[-73.816835000259672,42.664091999921681],[-73.816445000272324,42.664460999960205],[-73.816075000376472,42.664834000134434],[-73.81581799956021,42.665129999788597],[-73.815487999847335,42.665447000296695],[-73.815409000204596,42.66554900005395]]},"properties":{"NAME":"Bender Ave"}},{"type":"Feature","geometry":{"type":"LineString","coordinates":[[-73.763046000172352,42.643276000317279],[-73.763098000050874,42.643178999894893],[-73.763303000090289,42.64275799998758]]},"properties":{"NAME":"Eagle St"}},{"type":"Feature","geometry":{"type":"LineString","coordinates":[[-73.793046999783471,42.644292999952782],[-73.793245999975099,42.644093000271454],[-73.793338999861518,42.643980000329172]]},"properties":{"NAME":"Elbel Ct"}},{"type":"Feature","geometry":{"type":"LineString","coordinates":[[-73.793630000114675,42.667075999959117],[-73.793290000356038,42.667395999925922],[-73.792877999729072,42.667792999929674],[-73.790952999906736,42.66959100005419],[-73.789825999602414,42.670664000308982],[-73.78887099972556,42.671557000157577]]},"properties":{"NAME":"N Pine Ave"}},{"type":"Feature","geometry":{"type":"LineString","coordinates":[[-73.80725999958004,42.666095000027539],[-73.808119000095772,42.666344000041988],[-73.808444999610671,42.66646099988742],[-73.808818999704485,42.666638000318976],[-73.809051000406413,42.666765000161348],[-73.809427999974957,42.667030999676896]]},"properties":{"NAME":"Stonehenge Ln"}},{"type":"Feature","geometry":{"type":"LineString","coordinates":[[-73.806247999801784,42.646621999725163],[-73.8064739997576,42.646559999987105],[-73.806513000115643,42.646496000086074],[-73.806503999894815,42.646408000197283],[-73.806458999688971,42.646356999836797],[-73.806396999764701,42.646344999862507],[-73.806161999588056,42.646349000074466]]},"properties":{"NAME":"Cheshire Ct"}},{"type":"Feature","geometry":{"type":"LineString","coordinates":[[-73.772282000019928,42.673175000066358],[-73.772095000422183,42.672871000099228]]},"properties":{"NAME":"Prospect St"}},{"type":"Feature","geometry":{"type":"LineString","coordinates":[[-73.786386000036558,42.654902000033246],[-73.786446000311031,42.65481799981206],[-73.786762999605116,42.654048000315164],[-73.786862000237619,42.653770999827302],[-73.787063000079087,42.65329699975112],[-73.787089000018341,42.65323699994385],[-73.787128000376413,42.653064000120445],[-73.787208999668948,42.652198999731318],[-73.787381999921323,42.650614000078711],[-73.78759399963343,42.648535000109995]]},"properties":{"NAME":"Grove Ave"}},{"type":"Feature","geometry":{"type":"LineString","coordinates":[[-73.762945999714901,42.640335999978973],[-73.763364000189654,42.63995500029273],[-73.763645000397048,42.639722000245619],[-73.764741999665816,42.638707000255842]]},"properties":{"NAME":"Sloan St"}},{"type":"Feature","geometry":{"type":"LineString","coordinates":[[-73.770729999568175,42.64638599971007],[-73.771179000005063,42.646637999839356]]},"properties":{"NAME":"Cortland St"}},{"type":"Feature","geometry":{"type":"LineString","coordinates":[[-73.755670999674678,42.657513999810831],[-73.756222000218813,42.656957000092589],[-73.756806000374922,42.656375999969839],[-73.757151000156398,42.656042999783324]]},"properties":{"NAME":"S Swan St"}},{"type":"Feature","geometry":{"type":"LineString","coordinates":[[-73.757151000156398,42.656042999783324],[-73.758125000299842,42.655141000175739]]},"properties":{"NAME":"S Swan St"}},{"type":"Feature","geometry":{"type":"LineString","coordinates":[[-73.785109999769318,42.675781000182837],[-73.785212999701486,42.67571199975761],[-73.785628999628102,42.6754740000098],[-73.786575000182438,42.674572000278992]]},"properties":{"NAME":"King Ave"}},{"type":"Feature","geometry":{"type":"LineString","coordinates":[[-73.783676000216673,42.672026999860677],[-73.78519599998306,42.672938999760376]]},"properties":{"NAME":"West St"}},{"type":"Feature","geometry":{"type":"LineString","coordinates":[[-73.81701600000963,42.668725999701998],[-73.817462999898368,42.668942999777613],[-73.817768000395219,42.669102000097801],[-73.818253999743703,42.669353999996581],[-73.818512000384885,42.669487000301835],[-73.820175000266403,42.670366999928127],[-73.820400000397299,42.670476000166026],[-73.820565000253751,42.670550999764224],[-73.820735999957961,42.670617999989254],[-73.820895999791546,42.670638999837934],[-73.821027000211117,42.670647999770885],[-73.82114100001391,42.670638999837934],[-73.821516999757563,42.670559999709923],[-73.821670999743361,42.670521999930337],[-73.821739000413714,42.670472000184922],[-73.821869999934975,42.670374999903601],[-73.822861999621765,42.669546000271609],[-73.823291999792076,42.669195999676276]]},"properties":{"NAME":"Wellington Ave"}},{"type":"Feature","geometry":{"type":"LineString","coordinates":[[-73.779582000174514,42.666163999900654],[-73.77965199959641,42.666099999695405],[-73.780582000257226,42.665215000031353],[-73.781557000225575,42.664321000131835],[-73.782423000413971,42.663504999765216]]},"properties":{"NAME":"Oleary Blvd"}},{"type":"Feature","geometry":{"type":"LineString","coordinates":[[-73.752258999697915,42.642564999802872],[-73.752322000345416,42.642512999811636],[-73.752359999980257,42.642377999720487],[-73.752448999668701,42.64203500001657],[-73.752696000439244,42.641347999758651],[-73.752925999694682,42.640801000077076],[-73.75307999968048,42.640405999839352],[-73.753240000412376,42.640080000139974],[-73.753483999911523,42.63966199989936],[-73.753579000346079,42.639540999862092],[-73.75366300001167,42.639448000219652],[-73.754020000387044,42.639011999928996]]},"properties":{"NAME":"Church St"}},{"type":"Feature","geometry":{"type":"LineString","coordinates":[[-73.797587999714366,42.668327000313212],[-73.797298000184455,42.668590999698843],[-73.796156999636452,42.669669000084554],[-73.794826000015959,42.670938000215678],[-73.792182000318306,42.673420000328655],[-73.792111000173193,42.673475000079613],[-73.790487999576328,42.674986000029492]]},"properties":{"NAME":"Winthrop Ave"}},{"type":"Feature","geometry":{"type":"LineString","coordinates":[[-73.816280000415887,42.674256999942259],[-73.816927000321172,42.673613999821569],[-73.817381999707536,42.673184000292579],[-73.817570999853416,42.673016000258194],[-73.817764000197258,42.672823000177061],[-73.817949999970097,42.672702999879192],[-73.818334999934578,42.672535999827623],[-73.818755999884047,42.672366000093376],[-73.818950999877714,42.672304000261093],[-73.819170999985744,42.672246000234097],[-73.819982999747467,42.672074999737113],[-73.820329000252187,42.671997000084154],[-73.820761999897243,42.671905000062843],[-73.821221000379865,42.67180999998407],[-73.822234999807961,42.67156799991298],[-73.822765000435695,42.671439999996537],[-73.823284000294464,42.671326000220589],[-73.823449000150916,42.671279999730309],[-73.8236030001367,42.671222000068724],[-73.82379099955935,42.671104999937626],[-73.824323999661829,42.670662000324505],[-73.824640000029319,42.670399999820376],[-73.825327999942502,42.669869000087679],[-73.825885000334409,42.669382999714891],[-73.82695900003695,42.668559000193312],[-73.827719999745057,42.66797199994226],[-73.827961999594393,42.667838000320806],[-73.82821900041067,42.667709999988752],[-73.828496000420103,42.667588999685371],[-73.828538000252905,42.667572999676779],[-73.82866100027654,42.66752100011572],[-73.828826000132977,42.66744500012009],[-73.828963000400321,42.667374000257531],[-73.829298000136092,42.667173000104484],[-73.830130999814216,42.666635000147927],[-73.830484999816548,42.666413000299286],[-73.830816000252653,42.666242999670899],[-73.830978999560941,42.666164999965261],[-73.831145999965543,42.666086000095845],[-73.831772999779346,42.665846999745931],[-73.832126999781664,42.665724999707827],[-73.832568999647535,42.665579999713898],[-73.832714000310816,42.665531000031223],[-73.832828000113636,42.665488000102663],[-73.832909000304483,42.665458999888273],[-73.833459999950307,42.665285000299427],[-73.83367400021055,42.665228999827072],[-73.834204999764893,42.665130999869831],[-73.834563999790078,42.665088000325163],[-73.835127000029772,42.66505899992417],[-73.835486000054985,42.665066999922246],[-73.836881999972803,42.665118000133511],[-73.837800999864669,42.665151000170233],[-73.838518000090147,42.665179999867746],[-73.838564000120911,42.665177000286889],[-73.838600999930819,42.665175000125878],[-73.838697000190294,42.665161999738174],[-73.83892300014611,42.665104000312844],[-73.839277999973334,42.66499800015265],[-73.839489999685455,42.664920000205989],[-73.839601000013531,42.664880000110685],[-73.840238999697988,42.664670999772213],[-73.84074699968609,42.664494999776593],[-73.841549000300404,42.664279000121851],[-73.841643000011729,42.664254999820315],[-73.842209999551073,42.664123999745037],[-73.843059000021057,42.66391500016779],[-73.84330099987038,42.663856000137855],[-73.843753999606903,42.663746000078071]]},"properties":{"NAME":"Russell Rd"}},{"type":"Feature","geometry":{"type":"LineString","coordinates":[[-73.818847999945547,42.654992000285972],[-73.818693000134857,42.655135000045171],[-73.818633999685304,42.655228000021694]]},"properties":{"NAME":"Teacup Cir"}},{"type":"Feature","geometry":{"type":"LineString","coordinates":[[-73.761081000167039,42.662775000314596],[-73.760349999697851,42.66346600018867],[-73.760045000099311,42.663779000182508],[-73.760035999878482,42.663820999869699]]},"properties":{"NAME":"Oak St"}},{"type":"Feature","geometry":{"type":"LineString","coordinates":[[-73.805841999920915,42.647074999922083],[-73.80598199966299,42.646962000110292],[-73.806181999679552,42.646781000305687],[-73.806212999641673,42.646730000251019],[-73.806247999801784,42.646621999725163],[-73.806217999664554,42.6464750000113],[-73.806161999588056,42.646349000074466],[-73.806118999930348,42.646287999787859],[-73.806019000371251,42.646203999826056],[-73.805811999783671,42.646061000015635],[-73.805635000231675,42.645970000325541],[-73.805494999591275,42.645919999996259],[-73.805349999826333,42.645885000204338],[-73.805179000122109,42.645878999841564],[-73.805044000402887,42.645907999937663],[-73.804985999778253,42.645937000020197],[-73.80489600026489,42.646002999952621],[-73.804872999800338,42.646019999953928],[-73.804849000409206,42.646037999678157],[-73.804779000089027,42.64615799990905],[-73.804772000416321,42.646237999714131],[-73.804794999982533,42.646322000290787],[-73.804875000348488,42.646484000138599],[-73.804918999831102,42.646522999794236],[-73.805235000198593,42.646724999686278],[-73.805841999920915,42.647074999922083]]},"properties":{"NAME":"Victoria Way"}},{"type":"Feature","geometry":{"type":"LineString","coordinates":[[-73.801552999885089,42.668434000109244],[-73.800845999705345,42.669104000132521],[-73.80062399994749,42.669296999872969]]},"properties":{"NAME":"Fairlawn Ave"}},{"type":"Feature","geometry":{"type":"LineString","coordinates":[[-73.795668999739817,42.675460999794737],[-73.796806999914764,42.674367999827929],[-73.799131999770196,42.672163000295001],[-73.799939000407377,42.671397000192535],[-73.800789999628847,42.670596000140222],[-73.800982999972689,42.670428999711184],[-73.801107999646163,42.670348999979538],[-73.801246999563347,42.670285000120025],[-73.801347999845675,42.670261000155755],[-73.801422000363843,42.670253000165602]]},"properties":{"NAME":"Hawthorne Ave"}},{"type":"Feature","geometry":{"type":"LineString","coordinates":[[-73.790814999814458,42.653805999806742],[-73.790665000026635,42.653883000220837],[-73.790600999554229,42.65393999994253],[-73.790547000025867,42.654004999712107],[-73.790425999652044,42.654291999732393],[-73.790425999652044,42.654366000102968],[-73.790470999857874,42.654489999812249]]},"properties":{"NAME":"Norwood Ave"}},{"type":"Feature","geometry":{"type":"LineString","coordinates":[[-73.802542000097148,42.678164999847546],[-73.802819000106581,42.678691000050776],[-73.803518999715308,42.679902000074847],[-73.803601999556008,42.680049000021192]]},"properties":{"NAME":"Campus Access Rd"}},{"type":"Feature","geometry":{"type":"LineString","coordinates":[[-73.771373999998715,42.644899000222196],[-73.771724999628006,42.644138999733094],[-73.771788000275507,42.644093000271454]]},"properties":{"NAME":"Avondale Ter"}},{"type":"Feature","geometry":{"type":"LineString","coordinates":[[-73.762651000162137,42.651707999803179],[-73.762497000176339,42.651709000100318],[-73.762380999825396,42.651729000093383],[-73.762258999626653,42.651781999944888],[-73.762137000326234,42.651908000108563],[-73.762082999899562,42.652026999955353],[-73.762071000203989,42.652075999709496],[-73.762087999922429,42.652153000283398]]},"properties":{"NAME":null}},{"type":"Feature","geometry":{"type":"LineString","coordinates":[[-73.801300999990005,42.676623999737679],[-73.801434999884322,42.676667999783554],[-73.801536000166649,42.676716999933028],[-73.801630999702894,42.676789000244277],[-73.801851999635829,42.676983999677766],[-73.801966000336975,42.677119999831476],[-73.802106999903955,42.677368999929172],[-73.802190999569547,42.677500999711597],[-73.802239999973352,42.677597000217766],[-73.802367000194948,42.677842000218114],[-73.802440999814806,42.677969000282943],[-73.802542000097148,42.678164999847546]]},"properties":{"NAME":null}},{"type":"Feature","geometry":{"type":"LineString","coordinates":[[-73.77852900038836,42.674298999815228],[-73.778391000296111,42.674403000101854],[-73.778122999609195,42.674669999882028],[-73.777643000108469,42.675293999889256],[-73.77685599956277,42.676174999755304],[-73.776405000374396,42.676678999955222]]},"properties":{"NAME":"Rawson St"}},{"type":"Feature","geometry":{"type":"LineString","coordinates":[[-73.797242999932877,42.654951999749301],[-73.797117000434497,42.655095999843141],[-73.796673000020476,42.655511000060734],[-73.795862000083659,42.656256000292672],[-73.79526700005691,42.65683899998389],[-73.794533000112992,42.657530999969318],[-73.793806999666657,42.658240999677595],[-73.793031999714856,42.658941000041743]]},"properties":{"NAME":"Oakwood St"}},{"type":"Feature","geometry":{"type":"LineString","coordinates":[[-73.760998000326353,42.641596999753247],[-73.761929999738683,42.641845000278018],[-73.763555999810293,42.642258999916038],[-73.765832000160216,42.642886999924436]]},"properties":{"NAME":"Osborne St"}},{"type":"Feature","geometry":{"type":"LineString","coordinates":[[-73.813331000221396,42.677715999772502],[-73.813306000107033,42.677543999915379],[-73.813318999627498,42.677436999952164],[-73.813352999962703,42.677367000160459],[-73.813410999689012,42.67730199971723],[-73.813533999712675,42.677229000113741],[-73.81365699973631,42.677211000171226],[-73.813805999699227,42.677216000265823],[-73.813968999905867,42.677240000186146]]},"properties":{"NAME":null}},{"type":"Feature","geometry":{"type":"LineString","coordinates":[[-73.758196000444954,42.664124999842457],[-73.757870999856621,42.664443000283036],[-73.757012000239243,42.66524599985781],[-73.756478000311859,42.665735999834808],[-73.756116999738509,42.666067000162499],[-73.756529000365475,42.666345000103703],[-73.756659000061816,42.666438999888129]]},"properties":{"NAME":"Northern Blvd"}},{"type":"Feature","geometry":{"type":"LineString","coordinates":[[-73.777864999866338,42.661274999708048],[-73.77879600035206,42.661812999809811]]},"properties":{"NAME":"Jay St"}},{"type":"Feature","geometry":{"type":"LineString","coordinates":[[-73.800540000281913,42.647044000286499],[-73.798535000093636,42.650084999812641],[-73.798415000443029,42.650250000072425]]},"properties":{"NAME":"Turner Pl"}},{"type":"Feature","geometry":{"type":"LineString","coordinates":[[-73.750540999564819,42.653665000165681],[-73.750287000019924,42.65401599993065],[-73.750030999926878,42.654243999998506]]},"properties":{"NAME":"Clinton Sq"}},{"type":"Feature","geometry":{"type":"LineString","coordinates":[[-73.801952999918186,42.658293999925199],[-73.802363999821907,42.658555999924765]]},"properties":{"NAME":"Twitchell St"}},{"type":"Feature","geometry":{"type":"LineString","coordinates":[[-73.755350000182631,42.649935999702457],[-73.755416000304862,42.64984499973454],[-73.755462000335612,42.649754999962056],[-73.755628000016969,42.649233000035061]]},"properties":{"NAME":"Wendell St"}},{"type":"Feature","geometry":{"type":"LineString","coordinates":[[-73.760036999703388,42.664510999916892],[-73.759280000193257,42.665259000227941],[-73.758408000157061,42.666077000162907],[-73.757827000374007,42.666616999779116],[-73.757685999908688,42.666748999940616],[-73.757588999824335,42.666841000327764],[-73.757555000387455,42.666906999875472],[-73.757555000387455,42.66697400006521]]},"properties":{"NAME":"Pennsylvania Ave"}},{"type":"Feature","geometry":{"type":"LineString","coordinates":[[-73.802698999557663,42.662161000099822],[-73.802841999672808,42.66224199992778],[-73.802951000351058,42.662276999763669],[-73.803564999746072,42.662391999746355],[-73.80418499988717,42.662527000000296],[-73.804543000087463,42.662627999802915]]},"properties":{"NAME":"Upton Rd"}},{"type":"Feature","geometry":{"type":"LineString","coordinates":[[-73.751446000111272,42.644006000047533],[-73.751937000380963,42.643597000296104],[-73.752030000267368,42.643519999702896],[-73.752206999819393,42.643334000279566],[-73.752344000086737,42.643205999721076],[-73.752455000414813,42.643047999690644],[-73.752473999783078,42.642960000210707],[-73.752467999935291,42.642820000210904],[-73.752411000033888,42.642670999879137],[-73.752356999607201,42.642579999855826],[-73.752322000345416,42.642512999811636]]},"properties":{"NAME":"Broadway"}},{"type":"Feature","geometry":{"type":"LineString","coordinates":[[-73.758029000040381,42.649118999840347],[-73.757766000274643,42.648934000319997],[-73.756532999665126,42.648273999869652],[-73.755474999856105,42.647690999835788],[-73.755121999678678,42.647499000122302],[-73.754848000042287,42.647346000277381],[-73.754331999658262,42.647019000228148],[-73.754124999969022,42.646860999970343],[-73.753889999792392,42.64663700012143],[-73.753678000080285,42.646420000159416]]},"properties":{"NAME":null}},{"type":"Feature","geometry":{"type":"LineString","coordinates":[[-73.808601000144606,42.671823000302375],[-73.808654999672967,42.671776000205668],[-73.808868999933196,42.671532000045673],[-73.809385000317235,42.671030999673249],[-73.809877000411845,42.670609000051961],[-73.810527999616767,42.670010999976668]]},"properties":{"NAME":"Seminole Ave"}},{"type":"Feature","geometry":{"type":"LineString","coordinates":[[-73.797083000099306,42.660616999725868],[-73.797745000073206,42.65989799989562],[-73.799806000337995,42.658134000174321],[-73.800285999838692,42.657634999904829]]},"properties":{"NAME":"Onderdonk Ave"}},{"type":"Feature","geometry":{"type":"LineString","coordinates":[[-73.802099000406358,42.660826999970759],[-73.801983000055401,42.660785000242761]]},"properties":{"NAME":null}},{"type":"Feature","geometry":{"type":"LineString","coordinates":[[-73.792122000043832,42.671598999873709],[-73.792013000263879,42.671522000262314],[-73.791871999798587,42.67143700005726]]},"properties":{"NAME":null}},{"type":"Feature","geometry":{"type":"LineString","coordinates":[[-73.750872000000925,42.681218000202726],[-73.75085600010739,42.681103000047976],[-73.75084000021387,42.681087000216323],[-73.750798000381067,42.680956999780271],[-73.750606999687051,42.680508999902194],[-73.750454000424483,42.680254000151947],[-73.749790999727352,42.67920900026607],[-73.749418000356769,42.678571999721584],[-73.749223000363102,42.67818800019063],[-73.749081999897783,42.677893999730031],[-73.748636999658856,42.677065999893472],[-73.748399999832401,42.676563999985198],[-73.748259000265421,42.676290999686493],[-73.748118999625007,42.675990000151508],[-73.74792399963134,42.675535999981932]]},"properties":{"NAME":"Loudon Rd"}},{"type":"Feature","geometry":{"type":"LineString","coordinates":[[-73.813589999789158,42.651967999876554],[-73.811911999839026,42.653588000142371],[-73.81089900023585,42.654531000237156],[-73.810363999585249,42.655044999999447],[-73.810363999585249,42.655098000328415]]},"properties":{"NAME":"Westford St"}},{"type":"Feature","geometry":{"type":"LineString","coordinates":[[-73.788556999906206,42.667441999987993],[-73.789792000165548,42.668163999862507],[-73.790100000137116,42.668351999732643]]},"properties":{"NAME":"Jay St"}},{"type":"Feature","geometry":{"type":"LineString","coordinates":[[-73.79309000033949,42.647725999933051],[-73.793271999914367,42.647528000123891],[-73.794678999702853,42.646181999927471],[-73.795658999694083,42.64528200016894]]},"properties":{"NAME":"Betwood St"}},{"type":"Feature","geometry":{"type":"LineString","coordinates":[[-73.774569000240533,42.661844000011484],[-73.776241000342878,42.66279600017063],[-73.778279000143101,42.663978999980237],[-73.778382999900188,42.664040000091042]]},"properties":{"NAME":"State St"}},{"type":"Feature","geometry":{"type":"LineString","coordinates":[[-73.745802000165511,42.671211000252079],[-73.746038999991981,42.671410999916944],[-73.746342999765588,42.671594999964874],[-73.746572999919351,42.671713999784764],[-73.746731000103111,42.671784999973973],[-73.746904000355457,42.671863999865913],[-73.746977000150395,42.671904000090578],[-73.747183000014715,42.671999000025671],[-73.747290000144829,42.67205499968302],[-73.747409999795451,42.672109000012441],[-73.747891999844285,42.672341000306929],[-73.748972000292937,42.672842000026847],[-73.750435999982827,42.673510000195975],[-73.750568000227304,42.673586000041098],[-73.750865000328233,42.673732999738526],[-73.751554000066307,42.674064999689712],[-73.752652000058319,42.674582000232093],[-73.753811999974587,42.67512199993277],[-73.754114000098369,42.675273000292535],[-73.754552999591198,42.675505999917895],[-73.75473400023948,42.675648000137031],[-73.755043000035968,42.67592299977359],[-73.755300999778825,42.676234999883363],[-73.756106999692776,42.67738699982597],[-73.756274999922255,42.677652000234509],[-73.756448999999535,42.677913000010719],[-73.757054999896937,42.678747000282264],[-73.757408999899269,42.679268000252506],[-73.758236999554526,42.680741999706825],[-73.758752999938565,42.68164500016681],[-73.758757999961432,42.681655000302442],[-73.758805999642007,42.68175900016508],[-73.758927999840736,42.681973000210959],[-73.758979999719287,42.68207100002909],[-73.759046999666438,42.682194999954859],[-73.759301999934564,42.682709000160656],[-73.75938099957726,42.682868000262438],[-73.759480000209791,42.683096999976478],[-73.759963000083545,42.684249999923132],[-73.760113999696287,42.684626999936846],[-73.760153000054359,42.684725000191072],[-73.76023699971995,42.684932000267111],[-73.760444000307487,42.685434999679771],[-73.760924999633119,42.686637000067201],[-73.761111000304254,42.687135000245327],[-73.76137099969695,42.687985000250336],[-73.761820000133824,42.689572000069781],[-73.762137000326234,42.690784999956335],[-73.762353000236303,42.691647000012964],[-73.762410000137706,42.691799000142566],[-73.762622999674718,42.692242999919841],[-73.763140999708583,42.693024999958411],[-73.763457999900979,42.693474000321523],[-73.763601000016124,42.693646999937712],[-73.764095999585436,42.69415599975386],[-73.764197999692712,42.694273999672021],[-73.764796000092502,42.694868000253038],[-73.765001999956823,42.695052999767242],[-73.765341999715432,42.69538300017323],[-73.765535999884207,42.695524999860318],[-73.766106999621513,42.695918000086508],[-73.766529000294213,42.696208999699671],[-73.76697700000787,42.696499999929863],[-73.768152999817687,42.697289000090969],[-73.768670999851537,42.697638000028533],[-73.769617000405873,42.698252999881717],[-73.770394999832419,42.698765000177922],[-73.770582000328488,42.698882999920954],[-73.770660000146293,42.698931999714773],[-73.770993000232224,42.699158999898899],[-73.77115499971562,42.699267000273942],[-73.771208000317387,42.69930299991708],[-73.771747000267638,42.699662000296229],[-73.77271499966497,42.700336999866721],[-73.773042999728034,42.700573999926561],[-73.773385999859713,42.700853000149671],[-73.773796999763448,42.701216000132057],[-73.774016000046558,42.701429999825649],[-73.774502000293381,42.701956999924342],[-73.774683000043325,42.702230000328669],[-73.775128000282251,42.703024999768139],[-73.775408999591335,42.703515000247521],[-73.7760549996717,42.704756000049876],[-73.776622999934304,42.705797000232955],[-73.776760000201634,42.706018999986433],[-73.776822000125918,42.706133000140127],[-73.776899000118803,42.706250000323351],[-73.776934000278899,42.70628900011539],[-73.777062000325429,42.706451000157109],[-73.777134000295447,42.706560999879272],[-73.777751999888423,42.707287000286151],[-73.777990000438109,42.707548000313288],[-73.778616000427007,42.708240000111111],[-73.779384999632711,42.709132999846275],[-73.779865999856654,42.709689999977947],[-73.78032799981402,42.710223000021976]]},"properties":{"NAME":"Shaker Rd"}},{"type":"Feature","geometry":{"type":"LineString","coordinates":[[-73.750624000303802,42.664372999727441],[-73.750526000394515,42.664445999899293],[-73.750206999653969,42.664648999800022],[-73.749829000260505,42.664848000015901],[-73.749778000206888,42.66486899983223],[-73.74967600009964,42.664880000110685],[-73.74956200029682,42.664839999989645],[-73.749343999838615,42.664724999911151],[-73.749156000415951,42.664617000246892],[-73.74910500036232,42.664569999985794],[-73.749061999806315,42.664395999890374]]},"properties":{"NAME":"Lark Dr"}},{"type":"Feature","geometry":{"type":"LineString","coordinates":[[-73.751843999596232,42.648663000275711],[-73.75222699991086,42.648770999900925],[-73.753319999879977,42.649130000262346]]},"properties":{"NAME":"Norton St"}},{"type":"Feature","geometry":{"type":"LineString","coordinates":[[-73.799939000407377,42.671397000192535],[-73.800702999590214,42.67183200006393]]},"properties":{"NAME":"Laurel Ave"}},{"type":"Feature","geometry":{"type":"LineString","coordinates":[[-73.790581000361058,42.642877999937546],[-73.788947999718445,42.644376999851829],[-73.788009999560018,42.645305999864547]]},"properties":{"NAME":"Fullerton St"}},{"type":"Feature","geometry":{"type":"LineString","coordinates":[[-73.777992000087934,42.644102000082626],[-73.778758999643813,42.643773999736609],[-73.778863000299211,42.643724000285395],[-73.779741000183165,42.643340999997967],[-73.780715000326609,42.642913999877386],[-73.782507000079562,42.642154000249448]]},"properties":{"NAME":"Summit Ave"}},{"type":"Feature","geometry":{"type":"LineString","coordinates":[[-73.752990999992008,42.644319000201108],[-73.752585999936059,42.64417800019806],[-73.752520999638733,42.644124999814373],[-73.752493000049654,42.64406399999006],[-73.752344999911642,42.643535000186347],[-73.752384000269714,42.643395000158854],[-73.752436000148251,42.643317999976382],[-73.752566999669497,42.643105000090848],[-73.752816999914742,42.642661999860998],[-73.753072000182883,42.642208000118984]]},"properties":{"NAME":"Dongan Ave"}},{"type":"Feature","geometry":{"type":"LineString","coordinates":[[-73.816461000165845,42.653787000084598],[-73.816354999860636,42.653750999830145],[-73.816215999943481,42.653648000271701],[-73.816155999669007,42.653571999833865],[-73.81613599957754,42.653467999710088],[-73.816242999707654,42.652732999938245],[-73.816280000415887,42.652645999905388],[-73.816403000439536,42.652521999822895]]},"properties":{"NAME":"Governor Cir"}},{"type":"Feature","geometry":{"type":"LineString","coordinates":[[-73.771362000303171,42.655975999704928],[-73.771237999556291,42.655953999959202],[-73.77117099960914,42.655949999704333],[-73.771025999844184,42.65596499983306],[-73.770977000338704,42.655975999704928],[-73.770851999766904,42.656022000289134]]},"properties":{"NAME":"Washington Park Rd"}},{"type":"Feature","geometry":{"type":"LineString","coordinates":[[-73.770851999766904,42.656022000289134],[-73.770770999576072,42.656120000070281],[-73.770502999787468,42.656566999809748],[-73.770407000426289,42.656654999860287],[-73.770334999557974,42.656699000169169],[-73.77022699960294,42.656742999786246]]},"properties":{"NAME":"Washington Park Rd"}},{"type":"Feature","geometry":{"type":"LineString","coordinates":[[-73.754547999568317,42.643204999947997],[-73.755073000173198,42.643378000101009]]},"properties":{"NAME":"John St"}},{"type":"Feature","geometry":{"type":"LineString","coordinates":[[-73.758402000309275,42.643490999815192],[-73.759968000106426,42.64439200012869],[-73.760575999653653,42.644745000181096],[-73.761547000322338,42.645257999803306],[-73.762451000145575,42.645758000001187],[-73.76254800022997,42.645832999684224],[-73.762616000002041,42.645912000177674],[-73.762688999796964,42.646041000182294],[-73.762937000392398,42.646416999673505],[-73.763484999665152,42.647347999690417],[-73.763555999810293,42.647454999911787],[-73.763713000169119,42.647597000118907],[-73.763800000207752,42.647652000251654],[-73.763873000002704,42.647679000118821],[-73.764181999799163,42.647758000250143],[-73.764526999580681,42.647835000223068],[-73.764671000419014,42.647842000095736],[-73.764849999620864,42.647837999979835],[-73.765217000041986,42.647772999711727],[-73.76554500010505,42.647688000071923],[-73.765772999710663,42.647661999910184],[-73.765855999551349,42.64767000016441],[-73.767998999831889,42.648883000048315],[-73.769035999724522,42.64944899976156]]},"properties":{"NAME":"Park Ave"}},{"type":"Feature","geometry":{"type":"LineString","coordinates":[[-73.799475999726781,42.661579000239421],[-73.799966000171565,42.661142999814189],[-73.800464000113919,42.660681000290857],[-73.801056999592547,42.660113000075839],[-73.801455999800723,42.659753999691034]]},"properties":{"NAME":"Pine Ave S"}},{"type":"Feature","geometry":{"type":"LineString","coordinates":[[-73.751684999587567,42.644576000190625],[-73.751790999892762,42.644645999906139],[-73.752012999650617,42.644829999877608],[-73.752168000359617,42.644957999737933],[-73.752431999950289,42.645229999805572],[-73.752534999882442,42.645351999750794],[-73.752668999776745,42.645479999858594],[-73.75274499994471,42.645561000270817],[-73.752812999716781,42.645636999925415],[-73.753201000054304,42.646043000298064],[-73.753413999591331,42.646232999770611],[-73.753678000080285,42.646420000159416]]},"properties":{"NAME":null}},{"type":"Feature","geometry":{"type":"LineString","coordinates":[[-73.789283000352526,42.653163000211975],[-73.789459000079617,42.65099699985646],[-73.789490000041752,42.650707999861311],[-73.789680000012538,42.64861999991389],[-73.789721000020435,42.648493000008543],[-73.789801000386376,42.648384999900649],[-73.79003499983979,42.648122999997618],[-73.79138899992482,42.646911999917577]]},"properties":{"NAME":"Forest Ave"}},{"type":"Feature","geometry":{"type":"LineString","coordinates":[[-73.757871999681555,42.667066000119412],[-73.757403000051482,42.667565000001161],[-73.757285000050715,42.667654999759947]]},"properties":{"NAME":null}},{"type":"Feature","geometry":{"type":"LineString","coordinates":[[-73.750113999767549,42.653059999679662],[-73.750165999646086,42.653163000211975],[-73.750172000392183,42.653231999902218],[-73.750150999577471,42.65328400018317],[-73.750087000003361,42.653328999844859],[-73.750004999987596,42.653362999802575],[-73.749958999956846,42.653369000104114],[-73.749892999834614,42.653377000285012],[-73.749779000031793,42.653372999864324]]},"properties":{"NAME":null}},{"type":"Feature","geometry":{"type":"LineString","coordinates":[[-73.809980000343998,42.670049000068715],[-73.810373999630983,42.669787000283108],[-73.810517999571019,42.669714999785576],[-73.810696999671165,42.669655999976214],[-73.81082399989279,42.669636999812944],[-73.810925000175118,42.669631999769024],[-73.811091999681395,42.669639999839099],[-73.811223999925858,42.669665000051509],[-73.811280000002355,42.669681000182138],[-73.811342999751545,42.669699000324172],[-73.81148699969161,42.669771000179765],[-73.811609999715245,42.669848999984239],[-73.811818999952607,42.669968999847924],[-73.811900999968373,42.670013999984782]]},"properties":{"NAME":null}},{"type":"Feature","geometry":{"type":"LineString","coordinates":[[-73.794801999726488,42.669040999669953],[-73.79466700000728,42.669025000035091],[-73.794486000257322,42.66895700005476]]},"properties":{"NAME":null}},{"type":"Feature","geometry":{"type":"LineString","coordinates":[[-73.764028999638285,42.657138000014498],[-73.76412499989776,42.657359999951318],[-73.764194000393061,42.657538000072044]]},"properties":{"NAME":null}},{"type":"Feature","geometry":{"type":"LineString","coordinates":[[-73.77708099969368,42.642939000263887],[-73.777992000087934,42.644102000082626],[-73.778026000423125,42.644249000117718],[-73.778091999647032,42.644363999741145],[-73.778536999885958,42.644883000321514]]},"properties":{"NAME":"Barclay St"}},{"type":"Feature","geometry":{"type":"LineString","coordinates":[[-73.782738999883165,42.6407029999475],[-73.78256300015606,42.639444000224806]]},"properties":{"NAME":"Beekman St"}},{"type":"Feature","geometry":{"type":"LineString","coordinates":[[-73.760502999858716,42.652854000085377],[-73.762636999918442,42.654075000048685],[-73.763863999781861,42.654811000063773],[-73.76475799955935,42.655284999831991]]},"properties":{"NAME":"Chestnut St"}},{"type":"Feature","geometry":{"type":"LineString","coordinates":[[-73.805475000398118,42.673761000113238],[-73.805550999667773,42.673765999824994],[-73.805707000201693,42.67377100019683],[-73.805816999806552,42.673770000254592],[-73.806363000327821,42.673786999930947],[-73.806996999814331,42.673811999796214],[-73.80737099990813,42.673860000275489],[-73.807492000281954,42.673869999682672],[-73.807700999621005,42.673909999937223],[-73.807975000155707,42.673982000198414],[-73.808355000097308,42.674088000229389]]},"properties":{"NAME":"Campus Access Rd"}},{"type":"Feature","geometry":{"type":"LineString","coordinates":[[-73.760143999833517,42.667923000163462],[-73.760398000276737,42.668032000063569]]},"properties":{"NAME":"Jasmine Ave"}},{"type":"Feature","geometry":{"type":"LineString","coordinates":[[-73.780446999639693,42.673192999857008],[-73.780335000385023,42.673272999890898],[-73.78025199964604,42.673382000316209],[-73.780120000299874,42.673980000320704],[-73.78002800023836,42.674216999911032],[-73.779969999613712,42.674289999750478]]},"properties":{"NAME":"Bleeker Ter"}},{"type":"Feature","geometry":{"type":"LineString","coordinates":[[-73.771702999886713,42.672221999706053],[-73.771445999968748,42.672204000294684],[-73.771139999647005,42.672168000135308],[-73.770943999828404,42.672130999986422],[-73.770811999583941,42.672076999676115],[-73.770498999589478,42.671911999868222]]},"properties":{"NAME":null}},{"type":"Feature","geometry":{"type":"LineString","coordinates":[[-73.765376999875556,42.656506999854088],[-73.766483000263463,42.655431999866622],[-73.767429999744408,42.654486999715658],[-73.768761000263225,42.653218000047879],[-73.76885499997455,42.653132999920565],[-73.768885999936685,42.653095000059281]]},"properties":{"NAME":"Willett St"}},{"type":"Feature","geometry":{"type":"LineString","coordinates":[[-73.803480000255576,42.674833999707673],[-73.803026999620727,42.675383999684492],[-73.802845999870769,42.675661000312928],[-73.802658000448105,42.675991000058026],[-73.802435999791925,42.67641100032116],[-73.80232899966181,42.676683000197308],[-73.802294000400025,42.676926000055843]]},"properties":{"NAME":null}},{"type":"Feature","geometry":{"type":"LineString","coordinates":[[-73.753430000383162,42.65320200030483],[-73.753435000406043,42.653141000131832],[-73.753589000391813,42.652980000059394],[-73.753637000072388,42.652931999973532],[-73.753883000119686,42.652729000136873],[-73.75401000034131,42.652605000219815],[-73.754345999901957,42.652278000068215],[-73.754452000207181,42.652189999770201],[-73.754591999949255,42.652114000193443],[-73.754649999675564,42.652093000033176]]},"properties":{"NAME":"Eagle St"}},{"type":"Feature","geometry":{"type":"LineString","coordinates":[[-73.756054999814239,42.674600000275696],[-73.756679999978218,42.674354000109133],[-73.756731999856754,42.674306000011448],[-73.756763999643809,42.674254000138944],[-73.756763999643809,42.674196999885773],[-73.756679999978218,42.673651999692154]]},"properties":{"NAME":"McCartney Dr"}},{"type":"Feature","geometry":{"type":"LineString","coordinates":[[-73.794753000221007,42.644941000107195],[-73.795099999652336,42.644611000058227],[-73.796053999704284,42.643736000104489],[-73.798095999702483,42.641787000249138]]},"properties":{"NAME":"Kelton Ct"}},{"type":"Feature","geometry":{"type":"LineString","coordinates":[[-73.762797999576904,42.66378699968476],[-73.763452000053206,42.663191000261179],[-73.764186999822044,42.662474000057891],[-73.764765999955273,42.661915999717053],[-73.765376000050637,42.66134999983818],[-73.7655579996255,42.661173000205032],[-73.765962999681449,42.660891999808413],[-73.766515000050504,42.660528999997446],[-73.767110000077281,42.660170000032728],[-73.767177000024418,42.660139000317642],[-73.767229999727846,42.660090999811914],[-73.7678590000898,42.65969999985861],[-73.768325000245127,42.659420000244815]]},"properties":{"NAME":"Lexington Ave"}},{"type":"Feature","geometry":{"type":"LineString","coordinates":[[-73.8059189999138,42.662812000087605],[-73.806965000027276,42.661795000026586],[-73.807692000298502,42.661122000060438],[-73.808182999669867,42.660655000275703],[-73.809231000331465,42.659690000153681],[-73.809335999913444,42.659566999753366],[-73.809346999784111,42.659494999970086],[-73.809314000172122,42.659368999983577]]},"properties":{"NAME":"Euclid Ave"}},{"type":"Feature","geometry":{"type":"LineString","coordinates":[[-73.788941999870673,42.660868000181189],[-73.790135000297198,42.661555000216715],[-73.791368000008433,42.662279000017932],[-73.793031999714856,42.663193999937846],[-73.793676999970316,42.663591999799536],[-73.794567000448168,42.664102000239794]]},"properties":{"NAME":"Park Ave"}},{"type":"Feature","geometry":{"type":"LineString","coordinates":[[-73.763264999557137,42.656749999977734],[-73.76341600006819,42.656766000129252],[-73.764028999638285,42.657138000014498],[-73.765391999944157,42.657951000115496],[-73.765673000151565,42.658115999986613],[-73.766023999780828,42.658288000098899],[-73.766616000332846,42.658488999911455],[-73.767863000287761,42.658877000328211],[-73.767828000127665,42.658927999671718],[-73.767832000325626,42.658986000234435],[-73.767875999808254,42.659048000138256],[-73.76820600041944,42.659322999893455],[-73.768325000245127,42.659420000244815],[-73.768618000148081,42.659656999860672],[-73.769223000220592,42.660107999926417],[-73.769306999886169,42.660170000032728],[-73.769701000071478,42.660475999673075]]},"properties":{"NAME":"Washington Ave"}},{"type":"Feature","geometry":{"type":"LineString","coordinates":[[-73.763795000184885,42.641762999856816],[-73.763893999919091,42.641527999711258],[-73.763917000383628,42.64145399992595],[-73.763900999591783,42.641367999779078]]},"properties":{"NAME":"Eagle St"}},{"type":"Feature","geometry":{"type":"LineString","coordinates":[[-73.801757000099585,42.647486000003262],[-73.801988000078282,42.647295999732556],[-73.802398000157112,42.647058999920297],[-73.802491999868437,42.646978000137075],[-73.802640999831354,42.646879999825984],[-73.803378999973233,42.646363999875788],[-73.803716000257111,42.64611999975083],[-73.80399499991637,42.645897999997182]]},"properties":{"NAME":"Stanford Ct"}},{"type":"Feature","geometry":{"type":"LineString","coordinates":[[-73.792203000234693,42.643806999867778],[-73.793384000067363,42.642646000045751],[-73.793482999801569,42.642585000092893],[-73.793683999643022,42.642410000145468],[-73.793959999827536,42.642135000271928],[-73.795734999862049,42.640499000032349]]},"properties":{"NAME":"Rose Ct"}},{"type":"Feature","geometry":{"type":"LineString","coordinates":[[-73.752369000201099,42.656718999878862],[-73.751677999914875,42.657407999922697]]},"properties":{"NAME":"St Josephs Ter"}},{"type":"Feature","geometry":{"type":"LineString","coordinates":[[-73.779822000374025,42.641788999840905],[-73.780386000438639,42.64250800022954],[-73.780715000326609,42.642913999877386],[-73.781327999896718,42.643688000153517],[-73.781575999593827,42.644056999692253]]},"properties":{"NAME":"St James Pl"}},{"type":"Feature","geometry":{"type":"LineString","coordinates":[[-73.799689999987038,42.659296999971069],[-73.800408999862341,42.659727999948863],[-73.801056999592547,42.660113000075839]]},"properties":{"NAME":"Cliff St"}},{"type":"Feature","geometry":{"type":"LineString","coordinates":[[-73.758771000380221,42.642957999995822],[-73.759414999912465,42.643110000285766]]},"properties":{"NAME":"Warren St"}},{"type":"Feature","geometry":{"type":"LineString","coordinates":[[-73.747193999885383,42.656970000214031],[-73.747240999741052,42.657026999748901],[-73.747387000229224,42.657129000107517],[-73.747564999606141,42.657253999800616],[-73.747646999621892,42.657310999735813],[-73.748154999610023,42.657618999976904],[-73.749265000195891,42.658245999977098],[-73.749876000116174,42.658614000173841],[-73.750126000361433,42.658764999680074],[-73.750328000027793,42.658887000163936],[-73.751436000065524,42.65950800022155],[-73.752318999972374,42.660013000314912],[-73.752749000142686,42.660250000312928],[-73.754170999999772,42.661106999854574],[-73.755458000137651,42.661860000173462],[-73.756448999999535,42.662435999959214],[-73.758065999850302,42.663351000210817],[-73.758222000384237,42.663436999691577],[-73.758584999709072,42.663659000259251],[-73.758664000250093,42.663708000096264],[-73.758752000113645,42.663756999894645],[-73.760036999703388,42.664510999916892],[-73.760814000203339,42.664961999782911],[-73.761589000155155,42.665394000201346],[-73.76232700029702,42.665835000229301],[-73.76348100036553,42.666486000057311],[-73.7644720002274,42.667075999959117],[-73.766200000406229,42.668071000078399],[-73.768212000267212,42.669219000036307],[-73.768511999842872,42.669396999892982],[-73.771197000446733,42.670947000105343],[-73.772353999989946,42.671654999891466],[-73.772543000135826,42.671750000207162],[-73.773369000141287,42.672274999924134]]},"properties":{"NAME":"Livingston Ave"}},{"type":"Feature","geometry":{"type":"LineString","coordinates":[[-73.754627000109352,42.646085999798274],[-73.754585000276563,42.645920999725703],[-73.754543000443761,42.645839000051431],[-73.754468000100701,42.645762999982885],[-73.754351999749744,42.645681000100339]]},"properties":{"NAME":null}},{"type":"Feature","geometry":{"type":"LineString","coordinates":[[-73.809747999642084,42.663817000120922],[-73.810680999777645,42.662922999934942],[-73.811182999917975,42.662454999681145],[-73.813189999756077,42.660565000291761],[-73.813435999803389,42.66034100025054],[-73.814220999800924,42.6595850001816],[-73.814276000052502,42.659527999688429],[-73.814301999991784,42.659480000032275],[-73.814315000410573,42.659438000055026],[-73.81432100025836,42.659378999740177],[-73.81431799988529,42.659311999953026]]},"properties":{"NAME":"Colonial Ave"}},{"type":"Feature","geometry":{"type":"LineString","coordinates":[[-73.752898000105603,42.669880000141831],[-73.752503999920293,42.669505999850387],[-73.752248999652181,42.669088999870887],[-73.75218199970503,42.668814999739396],[-73.752160999788629,42.668570999844675],[-73.752214000390396,42.668311999864116],[-73.752304999728665,42.668064999874431],[-73.752342000436911,42.668007999889902],[-73.752440000346212,42.667836000245394],[-73.75251200031623,42.667735000316874],[-73.75265299988321,42.667595999976825],[-73.752895999557452,42.667404000283781],[-73.75363000039971,42.666944999883498]]},"properties":{"NAME":null}},{"type":"Feature","geometry":{"type":"LineString","coordinates":[[-73.750189000110623,42.643070000036793],[-73.749921000322004,42.643169000176535],[-73.749671999901679,42.643291999970508]]},"properties":{"NAME":null}},{"type":"Feature","geometry":{"type":"LineString","coordinates":[[-73.820263000129955,42.675551999922114],[-73.818949000227903,42.676807000309076],[-73.818099999757933,42.677570000131645],[-73.816942000389787,42.678665000303553],[-73.816735999627156,42.678858000073006]]},"properties":{"NAME":"Tudor Rd"}},{"type":"Feature","geometry":{"type":"LineString","coordinates":[[-73.753554000231716,42.645527000012741],[-73.753698999996672,42.645561000270817],[-73.754351999749744,42.645681000100339],[-73.754776000072269,42.645753000019099]]},"properties":{"NAME":"Madison Ave"}},{"type":"Feature","geometry":{"type":"LineString","coordinates":[[-73.779969999613712,42.674289999750478],[-73.779148999631161,42.674819000168483]]},"properties":{"NAME":"Bleecker Ter"}},{"type":"Feature","geometry":{"type":"LineString","coordinates":[[-73.756434999755839,42.675173999739407],[-73.756058000187281,42.67532799972448]]},"properties":{"NAME":"Bluebell Ln"}},{"type":"Feature","geometry":{"type":"LineString","coordinates":[[-73.803501999996882,42.665096000319487],[-73.804511000300423,42.665676000139491],[-73.805534999774252,42.666271000117213],[-73.806558000321488,42.666838000166514],[-73.807535999764582,42.667430000118685],[-73.808459999679286,42.667952999924772],[-73.809320999844829,42.668465999679128]]},"properties":{"NAME":"Cortland St"}},{"type":"Feature","geometry":{"type":"LineString","coordinates":[[-73.750287999844815,42.644693999778809],[-73.750216999699703,42.644780999701332]]},"properties":{"NAME":null}},{"type":"Feature","geometry":{"type":"LineString","coordinates":[[-73.803460999988985,42.672952999797928],[-73.803605999753955,42.673036999957084],[-73.804574000049598,42.673548000130154],[-73.804820000096896,42.673701000238374],[-73.804954999816118,42.673738000113012],[-73.805096000281424,42.673749000142905],[-73.805174999924148,42.67374600031507],[-73.805475000398118,42.673761000113238]]},"properties":{"NAME":"Belvidere Ave"}},{"type":"Feature","geometry":{"type":"LineString","coordinates":[[-73.801552999885089,42.669615000277211],[-73.801492999610645,42.669721999837606],[-73.801485999937938,42.669757000085959],[-73.801280000073604,42.670188000207425],[-73.801246999563347,42.670285000120025],[-73.801234999867773,42.670454000266702],[-73.801243000263696,42.670767000082954],[-73.801290999944271,42.671027999714227],[-73.801358999716342,42.671232999883486],[-73.801425999663493,42.671460000248537],[-73.801494000333847,42.671592000033073],[-73.80169600000022,42.671882000036241],[-73.801786000411909,42.671973000120452],[-73.801954999567997,42.672121000299434],[-73.802123999622395,42.672261999700368],[-73.802641999656245,42.672547000070267],[-73.80332299989675,42.67296100010104],[-73.803460999988985,42.672952999797928]]},"properties":{"NAME":"Belvidere Ave"}},{"type":"Feature","geometry":{"type":"LineString","coordinates":[[-73.764526999580681,42.647835000223068],[-73.765073000101935,42.648150000321095],[-73.765254999676813,42.648239000080714]]},"properties":{"NAME":"Myrtle Ave"}},{"type":"Feature","geometry":{"type":"LineString","coordinates":[[-73.787996000214633,42.658267000041548],[-73.788994999574115,42.658839000012954],[-73.789109000275232,42.658930000033727],[-73.789192999940823,42.659030000215147],[-73.789264999910856,42.659167999712579],[-73.789291999675029,42.659250999827634],[-73.789412000223948,42.659968000204898],[-73.789440999637947,42.660131999847046],[-73.78943499979016,42.660262999745932],[-73.789413999873773,42.660358999794099],[-73.789362999820142,42.660442000301195],[-73.789235999598532,42.660583999924867],[-73.788941999870673,42.660868000181189],[-73.788621000378612,42.661192999796924],[-73.788264000003238,42.66151899983506]]},"properties":{"NAME":"Ridgefield St"}},{"type":"Feature","geometry":{"type":"LineString","coordinates":[[-73.787795000373194,42.678095000215556],[-73.786564000311785,42.678852000250025],[-73.786162999555486,42.679119999923088],[-73.786002999721916,42.679261999808745],[-73.785914000033443,42.679350999948333],[-73.78582799981973,42.679435999895844],[-73.785770999918327,42.679519000027632],[-73.785648999719598,42.679756000286979],[-73.785592999643086,42.680002000201966],[-73.785532000442032,42.68048400008945],[-73.785381999755899,42.681391000275802],[-73.785338000273285,42.681653999826679],[-73.785264999580036,42.681823000095584],[-73.785137000431845,42.681998999894766],[-73.785030000301717,42.682191000067618],[-73.784923000171588,42.682394000127864],[-73.784892000209439,42.682451999928901],[-73.784856000224437,42.682521999935503],[-73.784776999683402,42.682653000198144],[-73.784611000002045,42.682914000099728],[-73.78433099961957,42.683432000107992],[-73.784195000075457,42.683644999890873],[-73.784127000303386,42.683729000125311],[-73.78403100004391,42.683873000262984],[-73.783697999957965,42.684304000221331],[-73.783650000277405,42.68435499983628],[-73.783210000061345,42.684858999722486],[-73.783179999924116,42.684972999766501]]},"properties":{"NAME":"Co Rd 155"}},{"type":"Feature","geometry":{"type":"LineString","coordinates":[[-73.760814000203339,42.664961999782911],[-73.759167000215356,42.666522000204999]]},"properties":{"NAME":"McArdle Ave"}},{"type":"Feature","geometry":{"type":"LineString","coordinates":[[-73.774586999783864,42.649530000291477],[-73.772728999908679,42.650437000278195],[-73.772993000397634,42.650781999871356],[-73.773052999773768,42.650913000307192],[-73.773067000017477,42.651064000013413],[-73.773014000314035,42.651302000066153]]},"properties":{"NAME":null}},{"type":"Feature","geometry":{"type":"LineString","coordinates":[[-73.803228000360491,42.652426999853503],[-73.803589000035515,42.652609000029209],[-73.804158000122996,42.652861000053939],[-73.804986999603173,42.653204000190343],[-73.805857999814435,42.653611999936786],[-73.806360999779685,42.653837000036418],[-73.806494999673987,42.65389899978868]]},"properties":{"NAME":"Hackett Blvd"}},{"type":"Feature","geometry":{"type":"LineString","coordinates":[[-73.769810999676309,42.640656000113843],[-73.769865000102996,42.640667999863844],[-73.76999099960139,42.640663999947414],[-73.77072799991835,42.640599999928206]]},"properties":{"NAME":"St Georges Pl"}},{"type":"Feature","geometry":{"type":"LineString","coordinates":[[-73.768885999936685,42.653095000059281],[-73.768895000157528,42.653158000164396],[-73.768875999890938,42.653325000081821],[-73.768885999936685,42.653576999848113]]},"properties":{"NAME":"Henry Johnson Blvd"}},{"type":"Feature","geometry":{"type":"LineString","coordinates":[[-73.811757000028337,42.672837000240754],[-73.811798999861125,42.672773000301298],[-73.812317999719895,42.67228099972165],[-73.812629000064518,42.671966000321937],[-73.813197000327094,42.671463000186705],[-73.813676999827806,42.671024999755055],[-73.815487999847335,42.669325000264685],[-73.815625000114665,42.669202999786755],[-73.816484999556977,42.668390000178391],[-73.817754000151524,42.667233999723386]]},"properties":{"NAME":"Pinehurst Ave"}},{"type":"Feature","geometry":{"type":"LineString","coordinates":[[-73.767568999661592,42.654586000184615],[-73.767429999744408,42.654486999715658]]},"properties":{"NAME":"Washington Park Rd"}},{"type":"Feature","geometry":{"type":"LineString","coordinates":[[-73.775894000013238,42.659405000288913],[-73.775777999662282,42.659335000006436],[-73.775695999646501,42.659223999698895],[-73.77566200020965,42.659146999952419]]},"properties":{"NAME":"Washington Park Rd"}},{"type":"Feature","geometry":{"type":"LineString","coordinates":[[-73.81551899980947,42.653650000142868],[-73.814200999709442,42.654887000308833],[-73.812988000089717,42.656082000052116],[-73.812474000253815,42.656542000275699],[-73.81244599976641,42.656575999798108],[-73.812420999652048,42.656620000162889],[-73.812419999827142,42.656629999700911]]},"properties":{"NAME":"Hopewell St"}},{"type":"Feature","geometry":{"type":"LineString","coordinates":[[-73.754998999655044,42.658778000084169],[-73.754557999614065,42.658499999997481],[-73.754179000395695,42.658278000166838]]},"properties":{"NAME":"Hunter S Aly"}},{"type":"Feature","geometry":{"type":"LineString","coordinates":[[-73.792076999838002,42.67591900014299],[-73.791275000122013,42.676657000270346],[-73.790783999852337,42.677086000316294],[-73.790505000193079,42.677356000110585]]},"properties":{"NAME":"Verplanck St"}},{"type":"Feature","geometry":{"type":"LineString","coordinates":[[-73.810657000386513,42.668387000091904],[-73.811001000343097,42.668082999823959],[-73.81118399974288,42.667929999756772],[-73.811244000017339,42.667889000240365],[-73.811511999805958,42.667749000205561],[-73.812145000365845,42.667183999975201],[-73.814560999559546,42.664827000192467]]},"properties":{"NAME":"Tampa Ave"}},{"type":"Feature","geometry":{"type":"LineString","coordinates":[[-73.758461999685437,42.674621000099833],[-73.75921099969797,42.675667999695335],[-73.759415999737371,42.675970999943225],[-73.759944999641903,42.676758000230571],[-73.75999700041875,42.676846000101321],[-73.760446999782218,42.677423000264305],[-73.760549999714371,42.677563000303088],[-73.760605999790883,42.677694999673413],[-73.760618000384767,42.677761000244033],[-73.760584000049562,42.677901000181727],[-73.760224000199457,42.678795000251768],[-73.759650000089096,42.680043000313205],[-73.759526000240541,42.680291000087401],[-73.759435999828867,42.680373999737469]]},"properties":{"NAME":"Rosemary Dr"}},{"type":"Feature","geometry":{"type":"LineString","coordinates":[[-73.799284000106169,42.663735000259592],[-73.799344000380628,42.663774000327962],[-73.799402999931857,42.663805000212399]]},"properties":{"NAME":null}},{"type":"Feature","geometry":{"type":"LineString","coordinates":[[-73.787891999559236,42.678194999948786],[-73.78784100040393,42.678225999906033],[-73.786687000335434,42.678895000179331],[-73.786187999669849,42.679250000240224],[-73.786134000141473,42.679310999893929],[-73.786026000186453,42.67941799993222],[-73.785933000300034,42.679535000263101],[-73.785823999621769,42.679736999909423],[-73.785750000001926,42.680093000283463],[-73.785702000321336,42.68050300023863],[-73.785568000427048,42.681392000095407],[-73.785517000373432,42.681655000302442],[-73.78543299980953,42.681843000307992],[-73.785293000067426,42.682050999890073],[-73.785175000066658,42.682245000174412],[-73.785058999715716,42.682441000118828],[-73.784991999768565,42.682561000103064],[-73.784908999927879,42.68271099975744],[-73.784765999812748,42.682956000064969],[-73.784738000223669,42.683007000126082],[-73.784611000002045,42.683238000228293],[-73.784302000205571,42.68369699982928],[-73.784246000129059,42.683783000216046],[-73.784145999671637,42.683924000231706],[-73.783790000019494,42.684359000244505],[-73.783299999574723,42.684913999914677],[-73.783179999924116,42.684972999766501]]},"properties":{"NAME":"Everett Rd Exd"}},{"type":"Feature","geometry":{"type":"LineString","coordinates":[[-73.770425999794554,42.658782000157125],[-73.770331000258324,42.658790999824923],[-73.770223000303289,42.658782000157125],[-73.770127000043829,42.658764000157056],[-73.769994999799337,42.658703000154709],[-73.769899000438173,42.658622999865948],[-73.769738999706306,42.65845600030233],[-73.769598999964202,42.658337999734997],[-73.769500000230025,42.658274000061468],[-73.769212000349924,42.658152999889609],[-73.768976000348374,42.658076999672232]]},"properties":{"NAME":"Washington Park Rd"}},{"type":"Feature","geometry":{"type":"LineString","coordinates":[[-73.781727999929785,42.677083999878036],[-73.781830999861953,42.677320000293818],[-73.781173999910919,42.678240000073373],[-73.780798000167295,42.678759999809898],[-73.780413000202827,42.679245000309237],[-73.780130000345608,42.679579000228905],[-73.779823000198945,42.679970999809932]]},"properties":{"NAME":"Watervliet Ave"}},{"type":"Feature","geometry":{"type":"LineString","coordinates":[[-73.755878000262229,42.655840000191461],[-73.755999999562647,42.655792999901855],[-73.756063000210148,42.655789000297247],[-73.7561510000737,42.655792999901855],[-73.756470999740841,42.655843000222781],[-73.756849999857522,42.655946000109864],[-73.757151000156398,42.656042999783324],[-73.757453000280222,42.656185000203955],[-73.758117999728825,42.656614000175061],[-73.75818600039922,42.656645999883359],[-73.758429000073463,42.65672499985655],[-73.758506999891267,42.656767999900147],[-73.758745000440953,42.656914000179682],[-73.758978000069476,42.657107000109093],[-73.759280000193257,42.657313999696228]]},"properties":{"NAME":"Road St"}},{"type":"Feature","geometry":{"type":"LineString","coordinates":[[-73.758952000130193,42.63800399991068],[-73.75952200004258,42.638352999796354],[-73.759804000074894,42.638540000080944],[-73.760050999947083,42.638668000326355],[-73.760575999653653,42.638973000190681],[-73.761107000106293,42.63929499973807],[-73.761867999814413,42.63973400017575],[-73.762945999714901,42.640335999978973],[-73.764659999650064,42.64133399987265],[-73.765453999868441,42.641814999814137],[-73.766044999697229,42.642164000130947],[-73.76610800034473,42.642223000258014]]},"properties":{"NAME":"3rd Ave"}},{"type":"Feature","geometry":{"type":"LineString","coordinates":[[-73.793208000340272,42.647780999951728],[-73.793085000316623,42.647927999883102],[-73.79285699981267,42.648228000161893],[-73.792681999910485,42.648547000322516],[-73.792558999886836,42.648789000150572],[-73.792050000073814,42.649279000321137]]},"properties":{"NAME":"Prospect Ter"}},{"type":"Feature","geometry":{"type":"LineString","coordinates":[[-73.768736999973783,42.672543000222433],[-73.768648000285324,42.672545000146371],[-73.768536000132329,42.672533999903386],[-73.768453000291643,42.672509000184519],[-73.768156000190714,42.672418000224617],[-73.767992999984116,42.672382000189202],[-73.767909000318511,42.67236800002302],[-73.767773999700978,42.67236800002302],[-73.767657000423441,42.672397000316572],[-73.767572000034633,42.672440000089267],[-73.76749599986664,42.672494000084178],[-73.76740600035329,42.672621999811369],[-73.767381000238927,42.672697000122412],[-73.767376000216046,42.672753999769931],[-73.767394999584312,42.6728159998138],[-73.767437000315411,42.672847999769623],[-73.767476999600078,42.672862999784535],[-73.767617000240463,42.672871000099228],[-73.768280999864203,42.672742000265586],[-73.768474000208045,42.672683999986916],[-73.768634999866535,42.672596000166777],[-73.768736999973783,42.672543000222433]]},"properties":{"NAME":"Prospect Ave Exd"}},{"type":"Feature","geometry":{"type":"LineString","coordinates":[[-73.772194999981295,42.656773000318147],[-73.771936000413518,42.656635000130002]]},"properties":{"NAME":null}},{"type":"Feature","geometry":{"type":"LineString","coordinates":[[-73.785248999686502,42.650487999936431],[-73.786328000310249,42.650566000148999],[-73.787381999921323,42.650614000078711],[-73.788438000080504,42.650661999971383],[-73.789490000041752,42.650707999861311],[-73.790909000424122,42.65078999972431],[-73.791583999918501,42.650828999983815],[-73.791978999928702,42.650902999849905],[-73.792825000025616,42.651129000145971]]},"properties":{"NAME":"Helderberg Ave"}},{"type":"Feature","geometry":{"type":"LineString","coordinates":[[-73.815071999920718,42.673884000170979],[-73.815989000162745,42.672991000072734],[-73.816394000218693,42.672615000085955]]},"properties":{"NAME":"Sunset Ave"}},{"type":"Feature","geometry":{"type":"LineString","coordinates":[[-73.751400000080508,42.670392999844658],[-73.752052000008689,42.67044300031413],[-73.752806000044089,42.670567000327289],[-73.753074999657613,42.670624999939584],[-73.753482000261684,42.67075800016724],[-73.753610000308214,42.670814000282178],[-73.75366300001167,42.670835000064621],[-73.753702000369714,42.670850999894071],[-73.753894999815245,42.670939000203489],[-73.75416400032708,42.671079000318883],[-73.755201000219714,42.671643000174988]]},"properties":{"NAME":null}},{"type":"Feature","geometry":{"type":"LineString","coordinates":[[-73.75147299987546,42.644729000240751],[-73.751566999586785,42.644685000053265],[-73.751595999899109,42.644653999887474],[-73.751637999731898,42.644624000117297],[-73.751684999587567,42.644576000190625]]},"properties":{"NAME":null}},{"type":"Feature","geometry":{"type":"LineString","coordinates":[[-73.750437999632652,42.647883000278092],[-73.751198000414149,42.647677999756873],[-73.75148600029425,42.647601999952805],[-73.751612999617535,42.647593999689818],[-73.751821999854911,42.647595999755644],[-73.752144000070203,42.647621999945017],[-73.752325999645066,42.647648999825215],[-73.753436000230934,42.647815999998365],[-73.753925999777408,42.647918999964681]]},"properties":{"NAME":"Hudson Ave"}},{"type":"Feature","geometry":{"type":"LineString","coordinates":[[-73.75697200005628,42.663912999966165],[-73.756900999911167,42.663951999922922],[-73.756814999697426,42.663974000141778],[-73.756736999879621,42.663975000241614],[-73.756018999829223,42.663683000130355],[-73.755952999706977,42.66365700004939],[-73.755926999767723,42.663628000302033],[-73.755941000011418,42.663566999786973],[-73.756084000126549,42.663413999834432]]},"properties":{"NAME":null}},{"type":"Feature","geometry":{"type":"LineString","coordinates":[[-73.762542000382197,42.639088000314736],[-73.763477999992489,42.639631999704505],[-73.763645000397048,42.639722000245619],[-73.763848999713247,42.639835999818956],[-73.764043999706914,42.639961999730467],[-73.76410900000424,42.63999199976616],[-73.764360000074404,42.640073999878155],[-73.764595000251035,42.640188000128227],[-73.764775000176101,42.640313999987718],[-73.765001999956823,42.640517000032325],[-73.765097000391378,42.640609000244616]]},"properties":{"NAME":"Cuyler St"}},{"type":"Feature","geometry":{"type":"LineString","coordinates":[[-73.757938999628692,42.639799000252772],[-73.758381000392873,42.639899999963227],[-73.758587000257208,42.63995600011809],[-73.759238000360469,42.640118000022611],[-73.761435999994276,42.640670000152348],[-73.76305399966995,42.641072999816721],[-73.763672000161222,42.641249999829817],[-73.763773000443578,42.641283999782154],[-73.763836000192754,42.641315000305589],[-73.763900999591783,42.641367999779078]]},"properties":{"NAME":"Alexander St"}},{"type":"Feature","geometry":{"type":"LineString","coordinates":[[-73.805333999932799,42.664905000255814],[-73.806123000128309,42.665352999672827],[-73.80619000007546,42.665376000133755],[-73.80623699993113,42.665379999782282],[-73.80631599957384,42.665368000175448],[-73.80635800030494,42.665339999982962],[-73.806477000130627,42.665200000152382],[-73.806628999568289,42.664986999895078],[-73.806660000428735,42.664960999698948],[-73.806717000330153,42.66493799974505],[-73.806842999828532,42.664940999997995],[-73.806909999775684,42.664957000023513],[-73.807602999711733,42.665223000009355]]},"properties":{"NAME":"Stonehenge Dr"}},{"type":"Feature","geometry":{"type":"LineString","coordinates":[[-73.774754000188437,42.640888999967487],[-73.773595000097075,42.640955999778058]]},"properties":{"NAME":"Mc Kowan St"}},{"type":"Feature","geometry":{"type":"LineString","coordinates":[[-73.804661999913165,42.662504999929986],[-73.804543000087463,42.662627999802915],[-73.803882999763388,42.663242000029733]]},"properties":{"NAME":"Kakely St"}},{"type":"Feature","geometry":{"type":"LineString","coordinates":[[-73.787576999914975,42.641165999673582],[-73.788449999776077,42.64031700010716]]},"properties":{"NAME":"Sard Rd"}},{"type":"Feature","geometry":{"type":"LineString","coordinates":[[-73.775864999700914,42.674924000169042],[-73.774866000341433,42.674406999829969],[-73.773348000224871,42.673715000104274],[-73.772282000019928,42.673175000066358]]},"properties":{"NAME":"Prospect St"}},{"type":"Feature","geometry":{"type":"LineString","coordinates":[[-73.759738999777568,42.647925999827898],[-73.758679000318708,42.648941999749901],[-73.758653000379468,42.648980999846678],[-73.758654000204359,42.649019999919048],[-73.758680000143627,42.649071999757204],[-73.75881400003793,42.649237999737451]]},"properties":{"NAME":null}},{"type":"Feature","geometry":{"type":"LineString","coordinates":[[-73.752652000058319,42.652619000212184],[-73.752883999861893,42.652164999797961],[-73.753200000229398,42.651682000000349],[-73.753617999805812,42.651092000028001],[-73.75397799965593,42.650545999781905],[-73.754078000113367,42.650432000011449],[-73.754675999614847,42.649828999784518],[-73.754726999668478,42.649768999935226],[-73.754771000049402,42.64969900003792],[-73.754795000338845,42.649627000061329],[-73.754832000148781,42.649419000321565],[-73.754851000415357,42.649210999886293],[-73.754849999692112,42.649044000154696]]},"properties":{"NAME":"Lodge St"}},{"type":"Feature","geometry":{"type":"LineString","coordinates":[[-73.793485000349705,42.653944000326703],[-73.793050999981446,42.654879000322175],[-73.792650000123444,42.655686999722668],[-73.791953999814339,42.657095000226754],[-73.791963000035182,42.65715200030774]]},"properties":{"NAME":"Parkwood St"}},{"type":"Feature","geometry":{"type":"LineString","coordinates":[[-73.771197000446733,42.670947000105343],[-73.771953000131944,42.670259000158318],[-73.772709999642103,42.669556999722396],[-73.773348000224871,42.668941999757649],[-73.774064999552039,42.668189000007985],[-73.77407100029815,42.668040999713511],[-73.774098000062324,42.668001999679916],[-73.774636000187684,42.667652000298524],[-73.7750610003351,42.667398000015481],[-73.775293000138703,42.667241000054808]]},"properties":{"NAME":"Ontario St"}},{"type":"Feature","geometry":{"type":"LineString","coordinates":[[-73.791023000226929,42.65333399987869],[-73.790988000066832,42.65345899993261],[-73.790814999814458,42.653805999806742]]},"properties":{"NAME":"Norwood Ave"}},{"type":"Feature","geometry":{"type":"LineString","coordinates":[[-73.810310999881793,42.657438000133766],[-73.809037000162704,42.65863500011401]]},"properties":{"NAME":"Maxwell St"}},{"type":"Feature","geometry":{"type":"LineString","coordinates":[[-73.810340000194103,42.675992999871021],[-73.810541999860462,42.676012000072518],[-73.810721999785528,42.675978999857833],[-73.810845999634083,42.675920999958294],[-73.810924000350212,42.675847000144579],[-73.810957999787092,42.675746999935043],[-73.810957999787092,42.67565600009322],[-73.810936000045771,42.6755079997465]]},"properties":{"NAME":null}},{"type":"Feature","geometry":{"type":"LineString","coordinates":[[-73.751323999912543,42.655008000229138],[-73.751267999836045,42.655089999708274],[-73.751216999782415,42.655239000023911],[-73.751053999575788,42.656044000010745],[-73.750981999605784,42.656305000018129],[-73.750835000191003,42.656976000167511],[-73.750615000082973,42.6579199999547],[-73.750328000027793,42.658887000163936]]},"properties":{"NAME":"Ten Broeck St"}},{"type":"Feature","geometry":{"type":"LineString","coordinates":[[-73.791069000257679,42.672398000280893],[-73.790798999920952,42.672646000184947],[-73.790660999828688,42.672775000217833],[-73.79057100031531,42.672857000043194],[-73.79052399956133,42.672886000108576],[-73.790414999781376,42.672916000116423],[-73.790299000328744,42.672932000070652],[-73.790121000053517,42.672930000159162],[-73.789931000082717,42.67289199984711],[-73.789644999852442,42.672761000140184],[-73.788768999618284,42.672251000067739],[-73.787925999894426,42.67173699987358],[-73.787357999631851,42.671419999738106],[-73.786970000192653,42.671253000202086],[-73.785734999933311,42.670771000045079],[-73.785226999945195,42.670545999793838],[-73.784144000021826,42.670021000003132],[-73.784016999800201,42.66996599983765],[-73.783836000050243,42.669926999690787],[-73.783622999614906,42.669907000266534],[-73.783457999758468,42.669915000301216],[-73.783214000259306,42.66996599983765],[-73.783054000425722,42.670004999960028],[-73.782457999675756,42.670165000205913],[-73.781469000362037,42.670470000194271],[-73.780399999784024,42.670760000148618],[-73.779827000396907,42.670935000252179],[-73.779634000053051,42.6709820003244]]},"properties":{"NAME":"Manning Blvd"}},{"type":"Feature","geometry":{"type":"LineString","coordinates":[[-73.757891999773022,42.644225999771031],[-73.759343999767353,42.645039000169049],[-73.760283999575591,42.645589000119614],[-73.760877999777435,42.645893000026383]]},"properties":{"NAME":"Myrtle Ave"}},{"type":"Feature","geometry":{"type":"LineString","coordinates":[[-73.811613999913206,42.659276999769268],[-73.811562999859575,42.659215000093781],[-73.811548999615866,42.65917100024398],[-73.811561000209736,42.659103000054451],[-73.811601000392713,42.659046999959159],[-73.811632000354848,42.659013999985532]]},"properties":{"NAME":null}},{"type":"Feature","geometry":{"type":"LineString","coordinates":[[-73.810069000032442,42.675011000072892],[-73.80984399990156,42.674969999943599],[-73.809720999877911,42.674977999987057],[-73.809586000158703,42.675011000072892],[-73.809473000180787,42.675078000113174],[-73.80941700010429,42.675168000221184],[-73.809382999769113,42.675251000109895],[-73.809406000233636,42.675341999884324],[-73.809451000439481,42.675481000073624]]},"properties":{"NAME":null}},{"type":"Feature","geometry":{"type":"LineString","coordinates":[[-73.779608999938702,42.639239000310027],[-73.779690999954454,42.639731999857155],[-73.779962000116114,42.641729000166244]]},"properties":{"NAME":"Marshall St"}},{"type":"Feature","geometry":{"type":"LineString","coordinates":[[-73.817296000392119,42.681678000014003],[-73.817575000051377,42.681262000297522],[-73.817672999960664,42.680977000271454],[-73.817705999572624,42.680646999928797],[-73.817686000379453,42.680271999873383],[-73.817683999831317,42.680225000222848],[-73.817623999556858,42.679919999898267],[-73.817540999716172,42.679727999971838],[-73.817344000072694,42.679408000096913],[-73.817262999881834,42.679300000188142],[-73.817098999850316,42.679142000056828],[-73.816933000168959,42.679003999989604],[-73.816735999627156,42.678858000073006],[-73.816484999556977,42.678715999924513],[-73.815620000091812,42.678241999813984],[-73.815167000355274,42.67799700006988],[-73.814593000244926,42.677638999814697],[-73.813968999905867,42.677240000186146],[-73.813184999733195,42.676789000244277],[-73.812629999889438,42.676461999810726],[-73.812194999696246,42.676227000001717],[-73.811497999562235,42.675838000304019],[-73.810998999794961,42.675548000267682],[-73.810936000045771,42.6755079997465]]},"properties":{"NAME":"Soc Ring Rd"}},{"type":"Feature","geometry":{"type":"LineString","coordinates":[[-73.784811000018593,42.668465000312068],[-73.78647399990011,42.669383999727714],[-73.787992000016686,42.670294000104278]]},"properties":{"NAME":"Spring St"}},{"type":"Feature","geometry":{"type":"LineString","coordinates":[[-73.75941300026264,42.657193999847173],[-73.759491000080445,42.657123000168752],[-73.759531000263422,42.657104999688457],[-73.759567000248438,42.657101999717959],[-73.759607000431402,42.6571100000793],[-73.760861999883929,42.657703999918525],[-73.761085000364986,42.6578170000341],[-73.761744999790764,42.658176999904185]]},"properties":{"NAME":"Spruce St"}},{"type":"Feature","geometry":{"type":"LineString","coordinates":[[-73.777468000206298,42.659261000263839],[-73.777422000175534,42.659287000201289],[-73.776822999950824,42.659892000224033]]},"properties":{"NAME":"Perry Pl"}},{"type":"Feature","geometry":{"type":"LineString","coordinates":[[-73.794357000385887,42.679763999714311],[-73.795338000202037,42.680356999881795],[-73.79619500016959,42.680863000159142]]},"properties":{"NAME":"Anthony St"}},{"type":"Feature","geometry":{"type":"LineString","coordinates":[[-73.781449000270527,42.671608000328156],[-73.781907999854852,42.671855000109026],[-73.783129999695404,42.67255199987968],[-73.784678999774115,42.67345000007878],[-73.785513000175456,42.673945999748035],[-73.786575000182438,42.674572000278992],[-73.787304999928409,42.674984000184097],[-73.78779899967283,42.675273000292535]]},"properties":{"NAME":"Bradford St"}},{"type":"Feature","geometry":{"type":"LineString","coordinates":[[-73.761093999687503,42.652258999879272],[-73.763214000401831,42.653536999722689],[-73.765292000385045,42.654758999738284],[-73.766483000263463,42.655431999866622]]},"properties":{"NAME":"Lancaster St"}},{"type":"Feature","geometry":{"type":"LineString","coordinates":[[-73.766398999699561,42.663718999919574],[-73.765656000433125,42.664428000217782],[-73.764976000017555,42.665095000237685],[-73.764268000012891,42.665749000102423],[-73.76423700005077,42.665778000181525],[-73.76385899975898,42.666123999945235],[-73.76348100036553,42.666486000057311]]},"properties":{"NAME":"Judson St"}},{"type":"Feature","geometry":{"type":"LineString","coordinates":[[-73.752566999669497,42.643105000090848],[-73.753553000406797,42.643423000321683],[-73.754790000315978,42.643828000182459],[-73.75561700014633,42.644104000260732],[-73.756223999868638,42.644295999880306],[-73.75654400043409,42.64439200012869]]},"properties":{"NAME":"Westerlo St"}},{"type":"Feature","geometry":{"type":"LineString","coordinates":[[-73.770851999766904,42.656022000289134],[-73.770588000176261,42.656015000015699],[-73.770367000243326,42.655990000259735],[-73.770190999617924,42.655949999704333],[-73.769922000004399,42.655841999992141],[-73.769706000094331,42.65576600025355],[-73.768864000195393,42.655314999745926],[-73.7678590000898,42.654764000317776]]},"properties":{"NAME":"Washington Park Rd"}},{"type":"Feature","geometry":{"type":"LineString","coordinates":[[-73.771213000340239,42.655573999700437],[-73.770958999897033,42.655858999947057],[-73.770851999766904,42.656022000289134]]},"properties":{"NAME":"Washington Park Rd"}},{"type":"Feature","geometry":{"type":"LineString","coordinates":[[-73.753035000372947,42.664890000302037],[-73.753035000372947,42.665242000200706],[-73.752907000326431,42.665338999905082],[-73.752337000414045,42.665723000224993],[-73.752262000070971,42.665741000192121],[-73.752212999667165,42.665741000192121],[-73.752144000070203,42.665732000209182],[-73.751848999619085,42.665552000277408],[-73.751747000410148,42.66547200021386],[-73.751716000448027,42.665405999803163],[-73.751716000448027,42.665295999843707],[-73.75176800032655,42.665219999770009],[-73.751894999649849,42.665109000060426]]},"properties":{"NAME":"Lark Dr"}},{"type":"Feature","geometry":{"type":"LineString","coordinates":[[-73.751894999649849,42.665109000060426],[-73.752446000193984,42.664721000220538]]},"properties":{"NAME":"Lark Dr"}},{"type":"Feature","geometry":{"type":"LineString","coordinates":[[-73.812921000142566,42.673038999865135],[-73.81303999996824,42.672906999851399],[-73.813477999636177,42.672510000147049],[-73.813843000407473,42.6721500000478],[-73.814585999673909,42.671516999709532],[-73.814845999964916,42.671253000202086],[-73.815579000083915,42.670607000065715],[-73.816552000402439,42.669812999781783],[-73.817462999898368,42.668942999777613],[-73.817968000411767,42.668488000282103],[-73.818240000398319,42.668239000268862],[-73.818313000193257,42.668181999783314],[-73.818381999790219,42.66814900003456],[-73.818488999920348,42.668119999740483],[-73.818780000173504,42.668075000214017],[-73.819129000152941,42.66801300006447]]},"properties":{"NAME":"Hillcrest Ave"}},{"type":"Feature","geometry":{"type":"LineString","coordinates":[[-73.776083000159133,42.669326000278438],[-73.776360999993457,42.669137000034752],[-73.776857000286014,42.668816999783296],[-73.776892000446111,42.668776000191414],[-73.776978999586447,42.668650999883241],[-73.777063999975255,42.668541999747525],[-73.777499999993353,42.668112000135302],[-73.778059000035086,42.667578999928189],[-73.778427000281127,42.667246999677729],[-73.778982000124884,42.666730000209853],[-73.779582000174514,42.666163999900654],[-73.77965199959641,42.666099999695405],[-73.780582000257226,42.665215000031353],[-73.781557000225575,42.664321000131835],[-73.782423000413971,42.663504999765216],[-73.782688999654439,42.663244000252938],[-73.782818000424186,42.66312500007114],[-73.782897000066896,42.663052000329863],[-73.78297300023489,42.662981000073948],[-73.783147000312155,42.662819000256405],[-73.783262999764801,42.662709999803191],[-73.783368000245105,42.662614000082058],[-73.783696000308154,42.662302000294964],[-73.783938999982411,42.662072999914386],[-73.784157000440615,42.661866999788899],[-73.784775999858496,42.661279999763558],[-73.785360999839497,42.660725999884896],[-73.785944999995579,42.660180000321134],[-73.786274999708482,42.659856000200662],[-73.786611000167454,42.659538000080083],[-73.787292000407945,42.658908000011856],[-73.787996000214633,42.658267000041548],[-73.788699000196416,42.657581999756182],[-73.78956399966161,42.656766000129252],[-73.790648000308195,42.655738999932858],[-73.791024000051848,42.655392000273586]]},"properties":{"NAME":"Partridge St"}},{"type":"Feature","geometry":{"type":"LineString","coordinates":[[-73.787795000373194,42.678095000215556],[-73.786564000311785,42.678852000250025],[-73.786162999555486,42.679119999923088],[-73.786002999721916,42.679261999808745],[-73.785914000033443,42.679350999948333],[-73.78582799981973,42.679435999895844],[-73.785770999918327,42.679519000027632],[-73.785648999719598,42.679756000286979],[-73.785592999643086,42.680002000201966],[-73.785532000442032,42.68048400008945],[-73.785381999755899,42.681391000275802],[-73.785338000273285,42.681653999826679],[-73.785264999580036,42.681823000095584],[-73.785137000431845,42.681998999894766],[-73.785030000301717,42.682191000067618],[-73.784923000171588,42.682394000127864],[-73.784892000209439,42.682451999928901],[-73.784856000224437,42.682521999935503],[-73.784776999683402,42.682653000198144],[-73.784611000002045,42.682914000099728],[-73.78433099961957,42.683432000107992],[-73.784195000075457,42.683644999890873],[-73.784127000303386,42.683729000125311],[-73.78403100004391,42.683873000262984],[-73.783697999957965,42.684304000221331],[-73.783650000277405,42.68435499983628],[-73.783210000061345,42.684858999722486],[-73.783179999924116,42.684972999766501]]},"properties":{"NAME":"Everett Rd Exd"}},{"type":"Feature","geometry":{"type":"LineString","coordinates":[[-73.754166999801825,42.647394000048983],[-73.754405000351511,42.647535000031105],[-73.754781999920056,42.647778000192211],[-73.755100999762277,42.647973000116252],[-73.755264999793809,42.64807300007736],[-73.755611000298529,42.648269999781526],[-73.755834999706209,42.648408000031111],[-73.756079000103682,42.64859099976065],[-73.756245999609959,42.648707000292482],[-73.756844999834655,42.649056999948122],[-73.756966000208493,42.649147000069831],[-73.757020999561746,42.649224999981854],[-73.757058000269993,42.649326999922579],[-73.75706699959251,42.649407000277272],[-73.757052000422206,42.649486000196141],[-73.756992000147747,42.649591999712278],[-73.756902999560978,42.649699999706641],[-73.75683099959096,42.649838000087279]]},"properties":{"NAME":"Market St"}},{"type":"Feature","geometry":{"type":"LineString","coordinates":[[-73.752816999914742,42.642661999860998],[-73.753807999776626,42.642979999712992]]},"properties":{"NAME":"John St"}},{"type":"Feature","geometry":{"type":"LineString","coordinates":[[-73.772282000019928,42.673175000066358],[-73.772020000079095,42.673064000031289],[-73.771847999651641,42.672966999832376],[-73.770852999591824,42.672747000059331],[-73.769208999976883,42.672395999691737],[-73.768996000439856,42.67238799997638],[-73.768940000363372,42.672395999691737],[-73.768783999829438,42.67249799993516],[-73.768736999973783,42.672543000222433]]},"properties":{"NAME":"Prospect St"}},{"type":"Feature","geometry":{"type":"LineString","coordinates":[[-73.768311000001418,42.650968000150726],[-73.768910000226143,42.651313999744907],[-73.769917999806438,42.651897999811268],[-73.771134999624124,42.652579000131269],[-73.772010999858281,42.653095999673425],[-73.772667999809315,42.653443999860102],[-73.773267000034011,42.653792999684541],[-73.774247999850161,42.654363000000387],[-73.775407999766429,42.655022999924427],[-73.778458000243262,42.656766000129252],[-73.778607000206165,42.656889000124437],[-73.781053000435406,42.658261999743729],[-73.78317900009921,42.659500000168784],[-73.785360999839497,42.660725999884896],[-73.786508000235301,42.661395999749914],[-73.787297000430797,42.661840000135513],[-73.787730000075854,42.662084000026972],[-73.788750000250047,42.662671999848691],[-73.790111999832675,42.663455000320603],[-73.791797000353824,42.664401999787863],[-73.792308999641591,42.664706000222353],[-73.793348999907266,42.665278999826597]]},"properties":{"NAME":"Morris St"}},{"type":"Feature","geometry":{"type":"LineString","coordinates":[[-73.75678499956021,42.64186200009393],[-73.756890999865405,42.641882999743515],[-73.757029999782574,42.641898999754929],[-73.757624999809337,42.641954000299847],[-73.758022000367674,42.641961000173467],[-73.758159999561627,42.6419689998393],[-73.758327999791106,42.642003000059475],[-73.759248000406203,42.642258000127747],[-73.759563000050477,42.642348999961264],[-73.760491999988062,42.642594000122216],[-73.761384999940631,42.642814999992673],[-73.762442999749666,42.643117000029328],[-73.763046000172352,42.643276000317279],[-73.763914999835492,42.643509000271159],[-73.765347999563232,42.64387800021084],[-73.767665999745958,42.644504000231215],[-73.770050999875835,42.645134999931678],[-73.770608000267771,42.645262999825178],[-73.77106299965412,42.64540199987588],[-73.771193000248772,42.645449999825971],[-73.771312999899365,42.645512000009596],[-73.771418000379654,42.645581999993411]]},"properties":{"NAME":"Morton Ave"}},{"type":"Feature","geometry":{"type":"LineString","coordinates":[[-73.753056000289348,42.659307999914162],[-73.755125000051734,42.660518999765223],[-73.756362999785807,42.661205999693379],[-73.75723999984487,42.661709999731933],[-73.758263000392105,42.6623310000003],[-73.75885900024376,42.662670000267674],[-73.759424999958213,42.662978999842274],[-73.760349999697851,42.66346600018867],[-73.762364000106956,42.664608000101232],[-73.763729000062639,42.665423999862078],[-73.764268000012891,42.665749000102423]]},"properties":{"NAME":"3rd St"}},{"type":"Feature","geometry":{"type":"LineString","coordinates":[[-73.803436999699542,42.678600999761755],[-73.80332299989675,42.678485000180224],[-73.803221999614394,42.678425000243401],[-73.803127999903069,42.67841799985073],[-73.803014000100248,42.678431999974812],[-73.802923999688574,42.678485000180224],[-73.802851999718541,42.678555000033313],[-73.802819000106581,42.678691000050776]]},"properties":{"NAME":null}},{"type":"Feature","geometry":{"type":"LineString","coordinates":[[-73.751894999649849,42.665109000060426],[-73.751488999768981,42.664874000259317]]},"properties":{"NAME":"Dudley Park"}},{"type":"Feature","geometry":{"type":"LineString","coordinates":[[-73.778619999726658,42.639170000296339],[-73.778864000124116,42.640774999680168],[-73.778902999583877,42.64095400015956],[-73.779004999691111,42.641635000031023],[-73.779069000163545,42.642082000130181]]},"properties":{"NAME":"Bertha St"}},{"type":"Feature","geometry":{"type":"LineString","coordinates":[[-73.79822799994696,42.668528000037377],[-73.79830999996274,42.668452999979721],[-73.79876299969925,42.667983999706934],[-73.799668000245731,42.667145000064451],[-73.800156999967271,42.666672000265784],[-73.800368999679378,42.666474000003419],[-73.800782999956155,42.666097000158956],[-73.801971000359828,42.664971999961075],[-73.802399999806923,42.664579000136904],[-73.802405999654709,42.664544999705889],[-73.802574999709094,42.664670999772213]]},"properties":{"NAME":"Brookline Ave"}},{"type":"Feature","geometry":{"type":"LineString","coordinates":[[-73.763815000276367,42.649573999694951],[-73.764047999904861,42.649711000025881],[-73.764268999837824,42.649842000074607],[-73.764447000113037,42.64994699998001],[-73.765911999627846,42.650781000220029],[-73.765986000146,42.650823000097944],[-73.767853000242027,42.651893999956144]]},"properties":{"NAME":"Jefferson St"}},{"type":"Feature","geometry":{"type":"LineString","coordinates":[[-73.788203999728793,42.65310899994131],[-73.788438000080504,42.650661999971383],[-73.788583999670379,42.649243999776225],[-73.788618000005556,42.648774000273249],[-73.788632000249265,42.648571000079983]]},"properties":{"NAME":"Glendale Ave"}},{"type":"Feature","geometry":{"type":"LineString","coordinates":[[-73.796156999636452,42.669669000084554],[-73.796944000182137,42.670315000062381],[-73.797716999585816,42.670965999868166],[-73.798479000017124,42.671616000143899],[-73.799131999770196,42.672163000295001],[-73.799799999591897,42.672696000162894],[-73.800443000197518,42.673243000055372],[-73.801213999951386,42.673894000234732],[-73.80199700029911,42.674547999988768],[-73.802532999876306,42.67499899968346],[-73.802795999642044,42.675178000078368]]},"properties":{"NAME":"Melrose Ave"}},{"type":"Feature","geometry":{"type":"LineString","coordinates":[[-73.796909999846932,42.668115000235062],[-73.79755299955427,42.667522000158499]]},"properties":{"NAME":"Marion Ave"}},{"type":"Feature","geometry":{"type":"LineString","coordinates":[[-73.75725699956331,42.647632000269077],[-73.756788999758172,42.648066000230671],[-73.75673400040489,42.648090999868288],[-73.756660999711642,42.648109000314726],[-73.756586000266893,42.648107000265384],[-73.756508000449088,42.648096000323171],[-73.75612199976139,42.647910000044995],[-73.755796000246463,42.647734000179057],[-73.755242000227597,42.647409999964616]]},"properties":{"NAME":null}},{"type":"Feature","geometry":{"type":"LineString","coordinates":[[-73.76943900013066,42.648651000085515],[-73.770768000101313,42.649413999973042]]},"properties":{"NAME":"Leonard Pl"}},{"type":"Feature","geometry":{"type":"LineString","coordinates":[[-73.776547999591216,42.639058999682852],[-73.776918000385379,42.641399000260662]]},"properties":{"NAME":"Van Vechten St"}},{"type":"Feature","geometry":{"type":"LineString","coordinates":[[-73.789891999724645,42.646205999936591],[-73.792347999999649,42.643890000000219]]},"properties":{"NAME":"Rose Ct"}},{"type":"Feature","geometry":{"type":"LineString","coordinates":[[-73.800217000241716,42.646941000192818],[-73.800731999902538,42.646157000183408],[-73.801752000076704,42.644643999745455]]},"properties":{"NAME":"Marlborough Ct"}},{"type":"Feature","geometry":{"type":"LineString","coordinates":[[-73.783395000009278,42.640469000241055],[-73.783939999807316,42.641303999823187],[-73.7840939997931,42.641526999911207],[-73.784610000177139,42.642258000127747],[-73.785104999746466,42.642978000159509],[-73.785272000151039,42.643277999861134],[-73.785425000311918,42.643482999684295]]},"properties":{"NAME":"Cuyler Ave"}},{"type":"Feature","geometry":{"type":"LineString","coordinates":[[-73.779174999570429,42.6780740002445],[-73.779054000094916,42.678218000280708],[-73.778657000434876,42.678692999776878],[-73.778341999892305,42.679067000259302]]},"properties":{"NAME":null}},{"type":"Feature","geometry":{"type":"LineString","coordinates":[[-73.806699999713402,42.653445000129324],[-73.806857000072227,42.653482999776806],[-73.807874999698285,42.653705000208774],[-73.809269999791198,42.654020000309984],[-73.809508000340898,42.654060000124758],[-73.80967200037243,42.654065999698361],[-73.809788999649982,42.654058000266772],[-73.809918000419714,42.654030999865199],[-73.810038999895241,42.65398799991106],[-73.810167999766648,42.653908000163128],[-73.81075899959545,42.653408999676898],[-73.810870999748445,42.653357999771124],[-73.810973999680598,42.653333000268375],[-73.811085999833594,42.653320000047266],[-73.811243000192434,42.653320000047266],[-73.811343999576465,42.653333000268375],[-73.81142399994242,42.653354000009905],[-73.811570000430578,42.653408999676898],[-73.811911999839026,42.653588000142371],[-73.812656999653612,42.654025999887395],[-73.813434999978469,42.654455000217702],[-73.813951000362493,42.654740999894983],[-73.814200999709442,42.654887000308833],[-73.814949999721989,42.65532500015447],[-73.81561099987097,42.655703999719954],[-73.815954999827554,42.655915999839657],[-73.816292999936366,42.656111000015926],[-73.816566999572743,42.656252000057172]]},"properties":{"NAME":"Hackett Blvd"}},{"type":"Feature","geometry":{"type":"LineString","coordinates":[[-73.786463000029457,42.666927000265041],[-73.788039999697247,42.667907000240803],[-73.789607000217615,42.668804000157309],[-73.790952999906736,42.66959100005419],[-73.792756000428639,42.670612000031198],[-73.792838000444419,42.670665000301192],[-73.792881999927019,42.670685000142058],[-73.793003000300857,42.670762000129933]]},"properties":{"NAME":"Lancaster St"}},{"type":"Feature","geometry":{"type":"LineString","coordinates":[[-73.816760999741518,42.659892999728918],[-73.816730999604275,42.659940000222768],[-73.816708999862968,42.660025000294716],[-73.816646000113778,42.660727000036978],[-73.816605000105895,42.661202999920796],[-73.816560999724956,42.661556999833607],[-73.816532000310957,42.661657999890778],[-73.816492999952899,42.661723000180892],[-73.816217999593292,42.661994000129731]]},"properties":{"NAME":"Friebel Rd"}},{"type":"Feature","geometry":{"type":"LineString","coordinates":[[-73.774202999644302,42.656153000258442],[-73.774805000242068,42.655573999700437],[-73.775407999766429,42.655022999924427],[-73.775976000029004,42.654502000197226]]},"properties":{"NAME":"Robin St"}},{"type":"Feature","geometry":{"type":"LineString","coordinates":[[-73.769567000177176,42.639220000103187],[-73.769665000086462,42.639995999725791],[-73.769733999683424,42.640499999848913],[-73.769749999576959,42.640588000165039],[-73.769810999676309,42.640656000113843]]},"properties":{"NAME":"Moore St"}},{"type":"Feature","geometry":{"type":"LineString","coordinates":[[-73.759414999912465,42.643110000285766],[-73.759547000156928,42.643157000248088],[-73.759715000386421,42.64323499974163],[-73.760121000267304,42.643459999715219],[-73.760605999790883,42.643711000038252],[-73.761680000391749,42.644320999711454],[-73.76173499974503,42.644357000137887],[-73.761959999875913,42.644504000231215]]},"properties":{"NAME":"Warren St"}},{"type":"Feature","geometry":{"type":"LineString","coordinates":[[-73.765144000247048,42.651636000170072],[-73.766011000260363,42.652128000296294],[-73.766606000287112,42.652449999810685]]},"properties":{"NAME":"Garden Aly"}},{"type":"Feature","geometry":{"type":"LineString","coordinates":[[-73.807132000431835,42.65253900002466],[-73.80691599962347,42.65248100005558],[-73.80666200007856,42.652435000155585],[-73.806508000092776,42.6524230000324],[-73.806379000221355,42.652419999836098],[-73.805907000218241,42.652447000276389],[-73.805639000429636,42.652463999837956],[-73.80541400029874,42.652460000019289],[-73.805245000244341,42.652407999710086],[-73.804671999958899,42.652071999865882],[-73.804225000070147,42.65183000025759],[-73.803814000166412,42.651579000318826]]},"properties":{"NAME":"Arthur Dr"}},{"type":"Feature","geometry":{"type":"LineString","coordinates":[[-73.751684999587567,42.644576000190625],[-73.751805999961377,42.644481999731383],[-73.751938000205868,42.644338999927271],[-73.752002999604869,42.644228999701831],[-73.752050000358864,42.644094999789111],[-73.7520539996585,42.643853999964335]]},"properties":{"NAME":null}},{"type":"Feature","geometry":{"type":"LineString","coordinates":[[-73.756319000303193,42.651257999902953],[-73.757238000195045,42.650374999717542],[-73.757408000074363,42.650189999968518],[-73.757413000097245,42.650168999819407]]},"properties":{"NAME":"Park St"}},{"type":"Feature","geometry":{"type":"LineString","coordinates":[[-73.801889000344076,42.662804999917967],[-73.801959999590864,42.662790000118093],[-73.802036999583763,42.662757000149284],[-73.802121999972584,42.662713000163656],[-73.802698999557663,42.662161000099822],[-73.80353999963171,42.661328000011991],[-73.804091000175859,42.660762000065105]]},"properties":{"NAME":"Marion Ave"}},{"type":"Feature","geometry":{"type":"LineString","coordinates":[[-73.751253999592336,42.677094999976113],[-73.751498999814714,42.677130999923179],[-73.751734999816279,42.677207999850076],[-73.751862999862794,42.677334999889787],[-73.752313000124573,42.677948000269353],[-73.752365999828044,42.678112999902041],[-73.752385999919525,42.678281000026466]]},"properties":{"NAME":"Birchwood Ct"}},{"type":"Feature","geometry":{"type":"LineString","coordinates":[[-73.773436999913329,42.651778000082309],[-73.773780000045008,42.65202199981649],[-73.774118000153805,42.652318999969353],[-73.774385000117491,42.652612000216394],[-73.774532000430597,42.652800999826034]]},"properties":{"NAME":null}},{"type":"Feature","geometry":{"type":"LineString","coordinates":[[-73.816927000321172,42.673613999821569],[-73.817097000200491,42.673679000159659],[-73.818693999959777,42.674183000128451],[-73.820686999554169,42.674795999899338],[-73.820980000355434,42.674924000169042]]},"properties":{"NAME":"Maplewood Ave"}},{"type":"Feature","geometry":{"type":"LineString","coordinates":[[-73.795595000119974,42.654508999980294],[-73.795301000392101,42.655101999977482],[-73.794629000372467,42.656470999852857]]},"properties":{"NAME":"Maplewood St"}},{"type":"Feature","geometry":{"type":"LineString","coordinates":[[-73.7872470002021,42.639062999702453],[-73.788397000072635,42.639680999971191],[-73.788464000019786,42.639718000268381],[-73.788566999951939,42.639773999926213],[-73.788823999869891,42.639915999823799],[-73.789599999646597,42.64034200021554],[-73.790049999908405,42.640580000321691]]},"properties":{"NAME":"Mapleridge Ave"}},{"type":"Feature","geometry":{"type":"LineString","coordinates":[[-73.802542000097148,42.678164999847546],[-73.802685000212279,42.678271000008223],[-73.80273999956556,42.678295000181464],[-73.802897999749291,42.678296999920299],[-73.802968999894404,42.678277999757029],[-73.803039000214611,42.678230999919002],[-73.803074000374707,42.678170999736871],[-73.803081000047399,42.678055000013032],[-73.803071999826557,42.677960000089278]]},"properties":{"NAME":null}},{"type":"Feature","geometry":{"type":"LineString","coordinates":[[-73.753638999722213,42.665558000063378],[-73.753812999799493,42.665672999922016],[-73.753874999723777,42.665681999913446],[-73.753912000431995,42.665677000211957],[-73.753974000356294,42.665633000311225],[-73.754030000432778,42.665580999787899],[-73.754048999801043,42.665544999755781],[-73.754052999999004,42.665508999702809],[-73.754054999648829,42.665475999856163],[-73.754030000432778,42.665439999763237],[-73.753992999724559,42.665407999956756],[-73.753930999800261,42.665398999925614],[-73.753863000028218,42.665403000233177],[-73.753781999837344,42.66543500004228],[-73.753638999722213,42.665558000063378]]},"properties":{"NAME":"Pieter Schuyler Ct W"}},{"type":"Feature","geometry":{"type":"LineString","coordinates":[[-73.7520539996585,42.643853999964335],[-73.751948000251602,42.64361099967288],[-73.751937000380963,42.643597000296104],[-73.751912000266586,42.643564000053544],[-73.751862999862794,42.64349000004669],[-73.751783000395164,42.643412999981805],[-73.75159400024927,42.643294999946299],[-73.751442999738231,42.643216999867192]]},"properties":{"NAME":null}},{"type":"Feature","geometry":{"type":"LineString","coordinates":[[-73.795925999657754,42.65459900014109],[-73.797359000283819,42.652654999800511],[-73.798819999600667,42.650732999758475],[-73.79892500008097,42.650585999848886],[-73.799003999723681,42.650533000299674],[-73.79917199995316,42.650329000242067],[-73.801938999674462,42.647550999910514]]},"properties":{"NAME":"Cardinal Ave"}},{"type":"Feature","geometry":{"type":"LineString","coordinates":[[-73.769701000071478,42.660475999673075],[-73.769705000269425,42.660446999763138],[-73.76972199998788,42.66039500018686],[-73.770420999771702,42.659698000181997]]},"properties":{"NAME":"Robin St"}},{"type":"Feature","geometry":{"type":"LineString","coordinates":[[-73.769843000361689,42.647864000068004],[-73.771415000006613,42.648753000306755]]},"properties":{"NAME":"Mercer St"}},{"type":"Feature","geometry":{"type":"LineString","coordinates":[[-73.752975000098488,42.650861999676053],[-73.753617999805812,42.651092000028001]]},"properties":{"NAME":"Maiden Ln"}},{"type":"Feature","geometry":{"type":"LineString","coordinates":[[-73.79755299955427,42.667522000158499],[-73.79761799985161,42.66749999987416],[-73.798017000059772,42.667115999962512],[-73.798679999858592,42.666509000099047],[-73.799356000076173,42.66589100015576],[-73.800093000393161,42.665191000091163],[-73.800761000214848,42.664568999895515],[-73.80146099982359,42.663916000268578],[-73.802270000110582,42.663115000256461]]},"properties":{"NAME":"Marion Ave"}},{"type":"Feature","geometry":{"type":"LineString","coordinates":[[-73.769249999984766,42.653913999751396],[-73.76897999964801,42.653949000311094],[-73.768750000392572,42.65399799987231],[-73.768885999936685,42.653576999848113],[-73.769074000257675,42.653762999697086],[-73.769249999984766,42.653913999751396]]},"properties":{"NAME":"Washington Park Rd"}},{"type":"Feature","geometry":{"type":"LineString","coordinates":[[-73.756465999717975,42.640660000030728],[-73.756471999565747,42.640564999786555],[-73.756726000008968,42.640088000047619],[-73.75687599979679,42.639774999754422],[-73.757110999973435,42.639288000225349],[-73.757341999952118,42.638858999697021],[-73.757557999862186,42.638385000308979],[-73.757822000351155,42.637840999929729]]},"properties":{"NAME":"Franklin St"}},{"type":"Feature","geometry":{"type":"LineString","coordinates":[[-73.753617999805812,42.651092000028001],[-73.753955000089718,42.651220999861714],[-73.754918000362508,42.651614999848455],[-73.755092000439774,42.651665000225044]]},"properties":{"NAME":"Corning Pl"}},{"type":"Feature","geometry":{"type":"LineString","coordinates":[[-73.790638000262462,42.653274000107118],[-73.79079100042334,42.651983999937052],[-73.790909000424122,42.65078999972431],[-73.79113700002975,42.648642000271742],[-73.791271999748943,42.648425000035921],[-73.791748999774924,42.648008000054858],[-73.792399999878185,42.647400000265627]]},"properties":{"NAME":"Harris Ave"}},{"type":"Feature","geometry":{"type":"LineString","coordinates":[[-73.807502000327688,42.650487000280322],[-73.807350999816649,42.650719000002283],[-73.807194000356134,42.650917999874544],[-73.805949999875949,42.652107000140809],[-73.805906000393335,42.652242999889516],[-73.805907000218241,42.652447000276389]]},"properties":{"NAME":"Crestwood Ct"}},{"type":"Feature","geometry":{"type":"LineString","coordinates":[[-73.750624000303802,42.664372999727441],[-73.750526000394515,42.664445999899293],[-73.750206999653969,42.664648999800022],[-73.749829000260505,42.664848000015901],[-73.749778000206888,42.66486899983223],[-73.74967600009964,42.664880000110685],[-73.74956200029682,42.664839999989645],[-73.749343999838615,42.664724999911151],[-73.749156000415951,42.664617000246892],[-73.74910500036232,42.664569999985794],[-73.749061999806315,42.664395999890374]]},"properties":{"NAME":"Dudley Park"}},{"type":"Feature","geometry":{"type":"LineString","coordinates":[[-73.811488000414812,42.668797000001888],[-73.811330000231067,42.668983999919874],[-73.811274999979489,42.669077999676752],[-73.811240999644298,42.66923400026657],[-73.81124900004022,42.669356000023136],[-73.811286999675048,42.669458999983078],[-73.81135799982016,42.669556999722396],[-73.811406000399046,42.669630999760194],[-73.811483000391931,42.669693000277398],[-73.811618999936073,42.669784000264045],[-73.811868000356426,42.669912000288328],[-73.811967000090618,42.669963999830706]]},"properties":{"NAME":null}},{"type":"Feature","geometry":{"type":"LineString","coordinates":[[-73.782539999691522,42.673574999982357],[-73.782436999759355,42.673632000145545],[-73.781573000119096,42.674175999918361],[-73.78064199963336,42.674738000216635],[-73.779721999916617,42.675329000302106],[-73.778853000253477,42.675882000245977]]},"properties":{"NAME":"Colby St"}},{"type":"Feature","geometry":{"type":"LineString","coordinates":[[-73.796735999769666,42.649438000056662],[-73.797007999756246,42.648924000205213],[-73.797632999920225,42.64789299989949],[-73.798586000147239,42.646347999691123]]},"properties":{"NAME":"Hollywood Ave"}},{"type":"Feature","geometry":{"type":"LineString","coordinates":[[-73.80353999963171,42.661328000011991],[-73.804742000279091,42.661991999866309],[-73.804906000310623,42.66206199979986],[-73.805030999984112,42.662131000185759]]},"properties":{"NAME":"Bogardus Rd"}},{"type":"Feature","geometry":{"type":"LineString","coordinates":[[-73.77566200020965,42.659146999952419],[-73.775644999592899,42.659070000110589],[-73.775555000079521,42.658793000191331],[-73.775485999584234,42.658638000010498],[-73.775403999568468,42.658536999671995],[-73.775207999749881,42.65836100014868],[-73.775058999786978,42.658267000041548],[-73.77488899990766,42.658186999852482],[-73.774406999858812,42.658039999724025],[-73.774201999819383,42.657954000044981],[-73.774019000419614,42.657834000109744],[-73.773990999932195,42.6578019996915],[-73.773946999551271,42.657751000085071],[-73.77386799990856,42.657624999867764],[-73.77375400010574,42.657253000253313],[-73.773667999892012,42.657013000088213],[-73.773585000051341,42.656886000143579],[-73.773236999896781,42.656524999846845],[-73.773163000276952,42.656427000043315],[-73.772841999886595,42.655828000064673],[-73.772757000396084,42.655717999675339],[-73.772712000190253,42.655680000072188],[-73.771947000284172,42.655182000171457],[-73.771861999895364,42.655130000156184],[-73.771931000390651,42.655086000058446],[-73.772025999926896,42.654989999797294],[-73.772077999805433,42.654938999866616],[-73.772687999900782,42.654361999745937],[-73.773267000034011,42.653792999684541],[-73.773858999687732,42.653272000223865],[-73.774016999871478,42.653110999829856],[-73.774256000246069,42.652949999679706],[-73.774532000430597,42.652800999826034],[-73.77460600005044,42.652753000262777],[-73.774765000059091,42.652682999759605],[-73.775341999644183,42.652518000007902],[-73.775590000239617,42.652470000226231],[-73.775765999966708,42.652449999810685],[-73.776295999696131,42.652444999705835],[-73.776390000305796,42.652437000065746],[-73.777023999792277,42.652461999928654],[-73.777200000417693,42.652474000044251],[-73.777300999801696,42.652493999791368],[-73.777408999756744,42.652507999808684],[-73.777525999932607,42.65251699972378],[-73.777864999866338,42.652554999938268],[-73.779261999609062,42.652642999719838],[-73.779679000258909,42.652677000052577],[-73.779802000282544,42.652685000322492],[-73.780520000332942,42.652713000268029],[-73.780743999740608,42.652724999674547],[-73.782107000046494,42.652797000029047],[-73.782890000394218,42.652826999821784],[-73.784990999943645,42.652949999679706],[-73.786088999935643,42.653004999704031],[-73.78650400003734,42.653026000217004],[-73.787128000376413,42.653064000120445],[-73.787284999836928,42.653074000230262],[-73.788203999728793,42.65310899994131],[-73.788760000295795,42.653141000131832],[-73.789283000352526,42.653163000211975],[-73.790193000023535,42.653219000320739],[-73.790638000262462,42.653274000107118],[-73.791023000226929,42.65333399987869],[-73.791475999963467,42.65341300009527],[-73.791697999721308,42.653467000101934],[-73.792415999771706,42.653655999756019],[-73.792792000413655,42.653758999961909],[-73.793485000349705,42.653944000326703],[-73.794013000429302,42.65408600025485],[-73.794537000310939,42.65421799993446],[-73.794979000176824,42.654325999824323],[-73.795595000119974,42.654508999980294],[-73.795925999657754,42.65459900014109],[-73.797007999756246,42.654887999894164],[-73.797242999932877,42.654951999749301],[-73.79808900002979,42.655160999725844],[-73.798530000070755,42.655289999708515],[-73.798693000277382,42.655333000083708],[-73.7987650002474,42.655351999994195],[-73.79884499971503,42.655377000006688],[-73.799336999809626,42.655542999675987],[-73.80016799983791,42.655849999854908],[-73.80062499977241,42.656037999967339],[-73.801520000273129,42.656383999763918],[-73.802393000134231,42.656732000050056],[-73.80321099974374,42.657066000061228],[-73.804082999779922,42.657416999789348],[-73.804175999666342,42.657448999745071],[-73.80424799963636,42.657475999983909],[-73.807128000233874,42.658671999708176],[-73.80819000024087,42.659097000306204],[-73.808425000417515,42.659191999995983],[-73.808606999992378,42.659253000179248],[-73.808793999590137,42.659306000224902],[-73.808954000322018,42.659329999794458],[-73.809103000284949,42.659358000051334],[-73.809314000172122,42.659368999983577],[-73.809755000213102,42.659315999991627],[-73.810729000356531,42.659164000325035],[-73.811340000276815,42.65906099982255],[-73.811632000354848,42.659013999985532],[-73.812020999618966,42.658954999928994],[-73.813067999557347,42.658803000040557],[-73.814034000203179,42.658642000092506],[-73.814488999589528,42.658575000171808],[-73.814662999666808,42.658529000154878],[-73.81488899962261,42.658409000008014],[-73.814975999661257,42.658350000038062],[-73.815045999981436,42.658293999925199],[-73.815122999974349,42.658213999770929],[-73.815251000020865,42.6580530002797],[-73.815401999633607,42.657844000113201],[-73.815527000205378,42.657680999922469],[-73.815814000260559,42.657275999747029],[-73.815985999789689,42.657044000040521],[-73.816426000005748,42.656443000277989],[-73.816566999572743,42.656252000057172],[-73.816877000092475,42.655840000191461],[-73.817375000034829,42.655147999886886],[-73.817846000213024,42.654525000047784],[-73.817980000107326,42.654387000156362],[-73.818156999659323,42.654242000146439],[-73.818490999570173,42.65402099990925],[-73.818692000309937,42.653919999999765],[-73.818840000447949,42.653852000014084],[-73.818991000060691,42.653793999948135],[-73.819118000282273,42.653752999698042],[-73.819259999674216,42.653705999813113],[-73.819524999988062,42.653640000125662],[-73.819760000164706,42.653590000015463],[-73.819897000432064,42.653558000056016],[-73.820074999808966,42.653544000275012],[-73.820311999635436,42.653536999722689],[-73.82108199956437,42.653566000212606],[-73.821378999665299,42.653579999988601],[-73.821931999859245,42.653588000142371],[-73.82224800022675,42.653573000101019],[-73.822514000365544,42.653544000275012],[-73.822936999964838,42.653509999755613],[-73.823110000217198,42.653489000066713],[-73.823522999770759,42.653411000216437],[-73.823773000016018,42.653355000280563],[-73.824070999941853,42.653277000262221],[-73.824460999929187,42.653153000116419],[-73.82500900010028,42.652954999744011],[-73.826579000095364,42.652347000079658],[-73.829344999991747,42.651278999684379],[-73.831858999993059,42.650368999787872],[-73.833623000156919,42.649976999826045],[-73.834856999693045,42.649734999994962],[-73.835332000069187,42.649641999732957],[-73.835467999613329,42.64961500005716],[-73.836770999644742,42.64935599973267],[-73.837332000234611,42.649261000213237],[-73.837523999855222,42.649239999750471],[-73.838954999933165,42.649077000133218],[-73.841360000154509,42.648876000292788],[-73.842741999828647,42.648745000191802],[-73.843587999925546,42.648644000303882],[-73.844020999570603,42.648558999872037],[-73.844384999618683,42.648473000296363],[-73.844873000413614,42.648329999755283],[-73.845276999746346,42.648200999872273],[-73.846008000215548,42.647964000204389],[-73.84711999955293,42.647581000251385],[-73.847339999660946,42.647494000280133],[-73.84759199955603,42.647378999835254],[-73.847795999770526,42.647270999775429],[-73.847989999939273,42.647150999709268],[-73.848304999583547,42.646920000268267],[-73.848529999714444,42.646723000253203],[-73.84880300042424,42.646430000015947],[-73.849851000187513,42.645163999713773],[-73.850227999756072,42.644690000121209],[-73.850813999561979,42.643992999859314]]},"properties":{"NAME":"New Scotland Ave"}},{"type":"Feature","geometry":{"type":"LineString","coordinates":[[-73.796160999834399,42.675746999935043],[-73.795429000438617,42.676441999847512],[-73.794482000059361,42.677321000178942],[-73.793777000427752,42.677988999754689],[-73.792931000330825,42.678802999802819]]},"properties":{"NAME":"Croswell St"}},{"type":"Feature","geometry":{"type":"LineString","coordinates":[[-73.767712999601628,42.652438999975857],[-73.767850999693891,42.652338000139956],[-73.768335000290875,42.651870000159477],[-73.768910000226143,42.651313999744907],[-73.769527999819104,42.65075100010106]]},"properties":{"NAME":"Lark St"}},{"type":"Feature","geometry":{"type":"LineString","coordinates":[[-73.804415999865867,42.658425999921811],[-73.804286000169526,42.658603000107981],[-73.804267999727855,42.658657999757203],[-73.804276999948684,42.658725999772749],[-73.804322999979433,42.658827999986897],[-73.804405999820119,42.658923000087697],[-73.804568000201826,42.659045000261507],[-73.804635000148977,42.659086000325786],[-73.805507000185173,42.65954200010416],[-73.806079999572304,42.659722999768491],[-73.807028999601357,42.660037999774758],[-73.807168000416851,42.660097000124864]]},"properties":{"NAME":"Greenway N"}},{"type":"Feature","geometry":{"type":"LineString","coordinates":[[-73.750835000191003,42.656976000167511],[-73.750962000412599,42.657011999876381],[-73.751677999914875,42.657407999922697],[-73.752642000012571,42.657962999832606],[-73.75377099996669,42.658639999721196],[-73.754504000085717,42.659067999753098],[-73.755084000043865,42.659386999808561],[-73.755766000109233,42.659790999940547],[-73.757971000314072,42.661047999802207],[-73.760178999993613,42.662272999915558],[-73.761081000167039,42.662775000314596],[-73.762797999576904,42.66378699968476],[-73.763062999890778,42.663954000123297],[-73.764976000017555,42.665095000237685],[-73.766562999731079,42.666027000144659],[-73.767653000225479,42.66668100011259],[-73.769707999744156,42.667831000056609],[-73.772709999642103,42.669556999722396],[-73.775307000382398,42.671035000278877],[-73.776003999618098,42.671461000227943],[-73.777725000124235,42.672485999720948],[-73.777926999790608,42.672639999762175],[-73.778146000073718,42.672762000098658],[-73.778356999960906,42.672860999870814],[-73.778751000146215,42.673104000144129],[-73.779247000438772,42.673513999981573],[-73.779297999594078,42.673584000150647],[-73.779290000096466,42.673632000145545]]},"properties":{"NAME":"2nd St"}},{"type":"Feature","geometry":{"type":"LineString","coordinates":[[-73.757321999860636,42.667004000284507],[-73.757374999564092,42.666991999670103],[-73.757555000387455,42.66697400006521],[-73.757669000190276,42.666982999868331],[-73.757871999681555,42.667066000119412],[-73.758332999813987,42.667328000145098],[-73.758966000373889,42.667704999789827],[-73.759013000229558,42.667718999685327],[-73.759055000062361,42.667721999804058]]},"properties":{"NAME":"McCrossin Ave"}},{"type":"Feature","geometry":{"type":"LineString","coordinates":[[-73.757778999795121,42.658731000033242],[-73.758367000149192,42.658172999792313],[-73.758665999899918,42.657878999782284],[-73.758936000236673,42.657614999829086],[-73.759280000193257,42.657313999696228],[-73.75941300026264,42.657193999847173]]},"properties":{"NAME":"Dove St"}},{"type":"Feature","geometry":{"type":"LineString","coordinates":[[-73.768029999794024,42.664677000303733],[-73.768844999928817,42.665167000141707],[-73.76911899956518,42.665326000212239],[-73.771111000233006,42.666475000063038],[-73.771480000303953,42.66668100011259],[-73.772087999851166,42.667040000132268],[-73.773706000425165,42.66797199994226],[-73.774064999552039,42.668189000007985],[-73.774996999862694,42.668697999700967],[-73.776083000159133,42.669326000278438],[-73.776731999714244,42.669695000293061],[-73.777224999633731,42.669981999890837],[-73.778689000221931,42.670851999883283],[-73.779239999867755,42.671158999771492]]},"properties":{"NAME":"Clinton Ave"}},{"type":"Feature","geometry":{"type":"LineString","coordinates":[[-73.751789000242951,42.660807000261087],[-73.751805000136457,42.66083399970244],[-73.751867000060756,42.660907000066196],[-73.751932000358096,42.660963999955811],[-73.752087999993691,42.661057999949392],[-73.754766000026535,42.662646000005573],[-73.755693000314295,42.663163999861638],[-73.756084000126549,42.663413999834432],[-73.75697200005628,42.663912999966165],[-73.757309000340157,42.66411400009099]]},"properties":{"NAME":"Colonie St"}},{"type":"Feature","geometry":{"type":"LineString","coordinates":[[-73.785467000144706,42.648405999991382],[-73.786458999831495,42.64847499967324],[-73.786519000105955,42.648529999690361]]},"properties":{"NAME":"Bethlehem Ave"}},{"type":"Feature","geometry":{"type":"LineString","coordinates":[[-73.819011000152159,42.660413999871892],[-73.819080999574055,42.660846000184399],[-73.819080999574055,42.661096000229747],[-73.819063999855615,42.661201999776353],[-73.819022999847746,42.661316999765653]]},"properties":{"NAME":"Kaine Ter"}},{"type":"Feature","geometry":{"type":"LineString","coordinates":[[-73.751677999914875,42.657407999922697],[-73.750950999643621,42.658063000247886]]},"properties":{"NAME":"Hall Pl"}},{"type":"Feature","geometry":{"type":"LineString","coordinates":[[-73.751053999575788,42.656044000010745],[-73.75117199957657,42.656057000323052],[-73.751308000019009,42.656117000052276],[-73.752369000201099,42.656718999878862],[-73.752780999929726,42.656970999765882],[-73.754511999583315,42.657955999777677],[-73.755284000060385,42.658399000095422],[-73.75753899959561,42.659691999830542],[-73.758694000387337,42.660359999952092],[-73.760826999723818,42.661617999678448],[-73.763452000053206,42.663191000261179],[-73.765003999606634,42.664050999855611],[-73.765656000433125,42.664428000217782],[-73.768368999727755,42.666038000218151],[-73.768846999578642,42.666309999915782],[-73.769390999551746,42.666641999886266],[-73.770367000243326,42.667202000179834],[-73.771308999701404,42.667746000088144],[-73.773348000224871,42.668941999757649]]},"properties":{"NAME":"1st St"}},{"type":"Feature","geometry":{"type":"LineString","coordinates":[[-73.774535999730233,42.638447000264101],[-73.774473999805963,42.638692999775657],[-73.774481000376966,42.638893000295049],[-73.774512000339115,42.639077999938856],[-73.774609000423496,42.639769999952314],[-73.774686000416381,42.640325999803672],[-73.774710999632418,42.640499000032349],[-73.774754000188437,42.640888999967487],[-73.774859999595336,42.641555000253923],[-73.774894999755432,42.641716999960053],[-73.774924999892676,42.641824999750071]]},"properties":{"NAME":"O Connell St"}},{"type":"Feature","geometry":{"type":"LineString","coordinates":[[-73.778571000221163,42.671913999812475],[-73.779419999792808,42.672312999952943],[-73.779574999603511,42.672399000245207],[-73.779777000168181,42.672559000272685],[-73.780446999639693,42.673192999857008],[-73.781573000119096,42.674175999918361],[-73.783109999603923,42.675529999838197],[-73.784065000379101,42.675913999944036],[-73.78478599990423,42.676550000100654]]},"properties":{"NAME":"Hunter Ave"}},{"type":"Feature","geometry":{"type":"LineString","coordinates":[[-73.768750000392572,42.65399799987231],[-73.768464000162297,42.654180000075435],[-73.768125000228579,42.654468000201568],[-73.768022000296426,42.654562999695997]]},"properties":{"NAME":"Henry Johnson Blvd"}},{"type":"Feature","geometry":{"type":"LineString","coordinates":[[-73.755263000143984,42.646420999880831],[-73.755469999833224,42.645905000087822]]},"properties":{"NAME":"Fulton St"}},{"type":"Feature","geometry":{"type":"LineString","coordinates":[[-73.787292000407945,42.658908000011856],[-73.786914999941075,42.658681000052525]]},"properties":{"NAME":"Warren St"}},{"type":"Feature","geometry":{"type":"LineString","coordinates":[[-73.762728000155022,42.657256000216471],[-73.763809000428594,42.658141999742192],[-73.764411000128021,42.658668000288777],[-73.76447300005232,42.65872299988046],[-73.766515000050504,42.660528999997446],[-73.768605999554211,42.662392999871635],[-73.770152999983083,42.663722000231346],[-73.770557000214126,42.664083999798144],[-73.771079000445951,42.664553999860672],[-73.772677999855048,42.665931000261104],[-73.773633999556822,42.666783999881361],[-73.774636000187684,42.667652000298524],[-73.775463999842927,42.668352999762057],[-73.776360999993457,42.669137000034752]]},"properties":{"NAME":"Sherman St"}},{"type":"Feature","geometry":{"type":"LineString","coordinates":[[-73.797228999689167,42.656702000159051],[-73.797278000092973,42.656732000050056],[-73.797309999880028,42.656755999952431],[-73.797704999890229,42.657001000187776],[-73.798874999852259,42.657686999807382]]},"properties":{"NAME":"Harvard Ave"}},{"type":"Feature","geometry":{"type":"LineString","coordinates":[[-73.796472000179023,42.674184000064045],[-73.796806999914764,42.674367999827929],[-73.797545000056672,42.674803999965206],[-73.798331999704047,42.675235000092236],[-73.799260999641632,42.675758000269738],[-73.800156000142351,42.676279000204687],[-73.801090000102818,42.676821000135725]]},"properties":{"NAME":"Hawkins St"}},{"type":"Feature","geometry":{"type":"LineString","coordinates":[[-73.767979999565313,42.651638000105926],[-73.768335000290875,42.651870000159477],[-73.769358999764719,42.652424000318042],[-73.770528999726722,42.653141000131832],[-73.772687999900782,42.654361999745937],[-73.774805000242068,42.655573999700437]]},"properties":{"NAME":"Dana Ave"}},{"type":"Feature","geometry":{"type":"LineString","coordinates":[[-73.757591000372457,42.669877000127251],[-73.757459000127994,42.669847999978899],[-73.757187999966348,42.66972499985966],[-73.757071999615377,42.669660000009834],[-73.756253000180948,42.66919200027332],[-73.756141999852872,42.669144000151917],[-73.75596299975274,42.669039000293779],[-73.75591500007215,42.669011999792019]]},"properties":{"NAME":"Manning Blvd N"}},{"type":"Feature","geometry":{"type":"LineString","coordinates":[[-73.815235999952264,42.658979000294657],[-73.815105000430989,42.659089999718304],[-73.815090000362375,42.659123000312228],[-73.815086999989333,42.659164000325035],[-73.815108999730626,42.659200000088425],[-73.815149999738523,42.659231999787217]]},"properties":{"NAME":"Krumkill Ct E"}},{"type":"Feature","geometry":{"type":"LineString","coordinates":[[-73.788539000362846,42.653668999906856],[-73.788826000418013,42.653745999829887],[-73.789165000351744,42.653860999734697],[-73.789347999751541,42.653938000080693],[-73.789425999569318,42.654014999670622]]},"properties":{"NAME":"A Ave"}},{"type":"Feature","geometry":{"type":"LineString","coordinates":[[-73.789331000033087,42.648604000309447],[-73.789680000012538,42.64861999991389]]},"properties":{"NAME":"Bethlehem Ave"}},{"type":"Feature","geometry":{"type":"LineString","coordinates":[[-73.784990999943645,42.652949999679706],[-73.785094999700732,42.651740999689757],[-73.785248999686502,42.650487999936431],[-73.785259999557169,42.650376999693947],[-73.785467000144706,42.648405999991382],[-73.785724999887563,42.645773999676834],[-73.785771999743247,42.645698000189597],[-73.786664999695816,42.644829999877608],[-73.78678600006964,42.644716000203616]]},"properties":{"NAME":"Academy Rd"}},{"type":"Feature","geometry":{"type":"LineString","coordinates":[[-73.806974000248104,42.671304999943573],[-73.806765999835648,42.671506999923757],[-73.804574000049598,42.673548000130154],[-73.803864000395123,42.67418000032157],[-73.802795999642044,42.675178000078368],[-73.801300999990005,42.676623999737679],[-73.801090000102818,42.676821000135725],[-73.800337999717229,42.67748399973032],[-73.7999970001337,42.677818999747025],[-73.799903000422361,42.677902000057493],[-73.799830999554032,42.67798500025711],[-73.798233999794746,42.679523999936549],[-73.797575000193888,42.680123000114207]]},"properties":{"NAME":"Brevator St"}},{"type":"Feature","geometry":{"type":"LineString","coordinates":[[-73.773646999975625,42.66272799998211],[-73.774109999757883,42.662295000067957],[-73.774569000240533,42.661844000011484],[-73.775233999689164,42.66124600017077]]},"properties":{"NAME":"Cortland Pl"}},{"type":"Feature","geometry":{"type":"LineString","coordinates":[[-73.817006999788802,42.676940999746911],[-73.818099999757933,42.677570000131645],[-73.818341999607256,42.67757100001274]]},"properties":{"NAME":"Cortel Rd"}},{"type":"Feature","geometry":{"type":"LineString","coordinates":[[-73.756478000311859,42.665735999834808],[-73.756443999976653,42.66589000008674],[-73.756443999976653,42.666031999818003],[-73.756473000288992,42.666160000302561],[-73.756530000190381,42.666274999708115],[-73.756659000061816,42.666438999888129]]},"properties":{"NAME":null}},{"type":"Feature","geometry":{"type":"LineString","coordinates":[[-73.75147299987546,42.644729000240751],[-73.751543000195653,42.644801999687239],[-73.752079999597768,42.645353000150152],[-73.752231000108821,42.645504000138544],[-73.752493000049654,42.645785999761273],[-73.752847000051972,42.64612300025108],[-73.753226999993572,42.646571000200893],[-73.753328000275914,42.646700999877396]]},"properties":{"NAME":null}},{"type":"Feature","geometry":{"type":"LineString","coordinates":[[-73.797007999756246,42.654887999894164],[-73.797878000142603,42.653695000200415],[-73.798393999628317,42.653071999679888],[-73.798694000102287,42.652633000201412],[-73.799209999588015,42.651917000110487],[-73.799965000346646,42.650989999678103],[-73.800147999746429,42.650783999834672],[-73.800978999774742,42.649911000145671],[-73.801603999938706,42.649343999676219],[-73.802975999567096,42.647942999964435]]},"properties":{"NAME":"Van Schoick Ave"}},{"type":"Feature","geometry":{"type":"LineString","coordinates":[[-73.764986999888208,42.668506000109083],[-73.765488000203632,42.668489000309322],[-73.765827000137335,42.668465999679128],[-73.766007000062388,42.668481000091106],[-73.766134000284012,42.668513000297324],[-73.766263999980339,42.668576999999793],[-73.766527999570997,42.668739000004841],[-73.766592000043403,42.668786999778462],[-73.766669000036302,42.668900000227616],[-73.766700999823357,42.668996000149704],[-73.766761999922721,42.669240999712251]]},"properties":{"NAME":null}},{"type":"Feature","geometry":{"type":"LineString","coordinates":[[-73.775227000016457,42.646328999672953],[-73.776017999861793,42.647268999699143],[-73.776366999841258,42.647650000187625],[-73.776924000233166,42.648282999736715],[-73.776959000393262,42.648339000274937],[-73.77695600002022,42.648378999779027]]},"properties":{"NAME":"Clara Barton Dr"}},{"type":"Feature","geometry":{"type":"LineString","coordinates":[[-73.789807000234163,42.675627999911839],[-73.788700999846242,42.675020000033221],[-73.788669999884107,42.674979999832644],[-73.788659000013453,42.67494800031411],[-73.788669999884107,42.674917999966219],[-73.788850999634064,42.674767999990941],[-73.788970000358077,42.674721000139989],[-73.78910799955203,42.67470499998587],[-73.789172999849342,42.674680999746954],[-73.789233000123801,42.67464099998864],[-73.789468000300431,42.674430000243071]]},"properties":{"NAME":null}},{"type":"Feature","geometry":{"type":"LineString","coordinates":[[-73.751186999645199,42.643699000214355],[-73.751200999888894,42.643614000294093],[-73.751442999738231,42.643216999867192]]},"properties":{"NAME":null}},{"type":"Feature","geometry":{"type":"LineString","coordinates":[[-73.751596999724029,42.676215999750049],[-73.752045000335983,42.676370999695024],[-73.752255000398264,42.676451000261046],[-73.752472000133267,42.676539999803836],[-73.752612999700247,42.676634000021025],[-73.752708999959722,42.676714000248474],[-73.752771999708912,42.676774999750023],[-73.753098999947056,42.677311000006206],[-73.753136999581884,42.677395000218716],[-73.753257999955707,42.677513000278267],[-73.753405000268799,42.67761599992884],[-73.753802999753745,42.677742999795129],[-73.75438799973476,42.677960999964093],[-73.754489000017088,42.678023000096658],[-73.754612999865657,42.67814700017616],[-73.754704999927156,42.678373999723171],[-73.754715999797824,42.678460000213597],[-73.754713000323065,42.678526999837381],[-73.754684000010769,42.678633000040897],[-73.75462299991139,42.678728000256534],[-73.754483999994235,42.678885000259839],[-73.754412999849109,42.678933999981915],[-73.754324000160665,42.678966000089552],[-73.754177999672464,42.678998000180769],[-73.754001000120468,42.679042999723819],[-73.753792999707997,42.679044000241632],[-73.752586999760979,42.679170999830973],[-73.752497000247615,42.679178999994036],[-73.75225700004809,42.67920000025201],[-73.75175599973268,42.679270999813781]]},"properties":{"NAME":"Greyledge Dr"}},{"type":"Feature","geometry":{"type":"LineString","coordinates":[[-73.75121799960732,42.653621999958482],[-73.751801999763416,42.654014999670622],[-73.752317000322535,42.654330999777955],[-73.75312499988631,42.654859000020721]]},"properties":{"NAME":"Monroe St"}},{"type":"Feature","geometry":{"type":"LineString","coordinates":[[-73.804344999720755,42.647949000128065],[-73.804686000202594,42.64807300007736],[-73.804825999944683,42.648084000023637],[-73.804917000181277,42.64805699967151],[-73.804970999709639,42.647993999685326],[-73.804994000174176,42.647903999877549],[-73.804825999944683,42.647652999953273]]},"properties":{"NAME":"Essex Cir"}},{"type":"Feature","geometry":{"type":"LineString","coordinates":[[-73.813435999803389,42.66034100025054],[-73.814220999800924,42.6595850001816],[-73.814276000052502,42.659527999688429],[-73.814301999991784,42.659480000032275],[-73.814315000410573,42.659438000055026],[-73.81432100025836,42.659378999740177],[-73.81431799988529,42.659311999953026]]},"properties":{"NAME":"Colonial Ct"}},{"type":"Feature","geometry":{"type":"LineString","coordinates":[[-73.798853999935872,42.661228000223382],[-73.799168999580132,42.660900999831412],[-73.799664999872675,42.660420000153685],[-73.800408999862341,42.659727999948863],[-73.800684000221963,42.659455999859986],[-73.801952999918186,42.658293999925199],[-73.803149999644361,42.657155999824646],[-73.80321099974374,42.657066000061228]]},"properties":{"NAME":"Winnie St"}},{"type":"Feature","geometry":{"type":"LineString","coordinates":[[-73.820510000002159,42.666296999765443],[-73.820217999924111,42.666513999733624],[-73.819603999630786,42.667039000081729],[-73.819037999916347,42.667508000218632],[-73.818863999839081,42.667662000044018],[-73.818827000029145,42.667717000266578],[-73.818822999831184,42.667758999935451]]},"properties":{"NAME":"Oliver Ave"}},{"type":"Feature","geometry":{"type":"LineString","coordinates":[[-73.777525999932607,42.65251699972378],[-73.777577999811143,42.652403000262503],[-73.777777999827691,42.652212000186701],[-73.778019999677028,42.651956999956468],[-73.778316999777942,42.651669999731894],[-73.778407000189631,42.651532000112397],[-73.77860800003107,42.651311000155765],[-73.779099000300761,42.650770999741518],[-73.779783000015968,42.650090000107227],[-73.779846999590077,42.649966999878941],[-73.77988799959796,42.64983200010581]]},"properties":{"NAME":"De Lasalle Dr"}},{"type":"Feature","geometry":{"type":"LineString","coordinates":[[-73.772343999944212,42.660266000224482],[-73.772994000222553,42.659639000113913],[-73.773621000036343,42.659026999676932],[-73.773801999786315,42.65889400011401],[-73.773932000380967,42.658816999958887],[-73.773996999779982,42.658909000193177]]},"properties":{"NAME":"Thurlow Ter"}},{"type":"Feature","geometry":{"type":"LineString","coordinates":[[-73.777296999603749,42.673346000178704],[-73.776839999669264,42.673840000135328],[-73.776549000314446,42.674176999854069],[-73.775864999700914,42.674924000169042],[-73.775605000308232,42.675192000272013],[-73.775524000117372,42.675340999967368],[-73.7753779996292,42.675741999722206],[-73.775326999575569,42.675834000007598],[-73.775160999894211,42.676038000269394]]},"properties":{"NAME":"N Manning Blvd"}},{"type":"Feature","geometry":{"type":"LineString","coordinates":[[-73.760491999988062,42.642594000122216],[-73.760531000346106,42.642542000155224],[-73.760758999951761,42.642073000026841],[-73.760998000326353,42.641596999753247],[-73.761214000236421,42.641139000283701],[-73.761435999994276,42.640670000152348],[-73.76173499974503,42.640008000263911],[-73.761867999814413,42.63973400017575],[-73.761943000157459,42.639606000140724],[-73.762542000382197,42.639088000314736],[-73.763233999595002,42.638478000218491]]},"properties":{"NAME":"Elizabeth St"}},{"type":"Feature","geometry":{"type":"LineString","coordinates":[[-73.787571000067203,42.653903000175497],[-73.78746499976198,42.654155000242433],[-73.787371000050655,42.654358000049285]]},"properties":{"NAME":null}},{"type":"Feature","geometry":{"type":"LineString","coordinates":[[-73.750897999940193,42.664016999796388],[-73.750624000303802,42.664372999727441],[-73.750526000394515,42.664445999899293],[-73.750206999653969,42.664648999800022],[-73.749829000260505,42.664848000015901],[-73.749778000206888,42.66486899983223],[-73.74967600009964,42.664880000110685],[-73.74956200029682,42.664839999989645],[-73.749343999838615,42.664724999911151],[-73.749156000415951,42.664617000246892],[-73.74910500036232,42.664569999985794],[-73.749061999806315,42.664395999890374]]},"properties":{"NAME":"Dudley Pl E"}},{"type":"Feature","geometry":{"type":"LineString","coordinates":[[-73.799424999673164,42.668924000056919],[-73.799496999643182,42.668866000178376],[-73.800558999650164,42.667851000148872],[-73.801407000295228,42.667057999718047],[-73.803501999996882,42.665096000319487],[-73.804501000254675,42.664124999842457],[-73.805230000175726,42.66348900002658]]},"properties":{"NAME":"Euclid Ave"}},{"type":"Feature","geometry":{"type":"LineString","coordinates":[[-73.814830999896301,42.664563000014098],[-73.815251000020865,42.664202000029846],[-73.815943000131995,42.663582000059918],[-73.817096000375571,42.662506000053462],[-73.817784000288739,42.661852999896688],[-73.817817999725619,42.661795000026586],[-73.817877000175159,42.661622000229308],[-73.818092000260307,42.660446999763138]]},"properties":{"NAME":"Tampa Ave"}},{"type":"Feature","geometry":{"type":"LineString","coordinates":[[-73.760544999691518,42.646213999717361],[-73.760173000145841,42.645941000258397],[-73.759967000281506,42.645770999820577],[-73.759267999599359,42.645145999736663]]},"properties":{"NAME":"Bleecker Pl"}},{"type":"Feature","geometry":{"type":"LineString","coordinates":[[-73.773417999646767,42.639155000082162],[-73.77350399986048,42.639811000168052],[-73.773511000431498,42.640137999777622],[-73.773475000446481,42.640258999975536],[-73.773468999700384,42.640273999923615],[-73.773438999563155,42.640344999672791],[-73.773149999858163,42.640825999991037],[-73.773096000329801,42.640940999994385],[-73.772907000183906,42.641440999865239],[-73.77285899960502,42.64149600015422],[-73.772837999688633,42.641520999788916],[-73.772742000327469,42.64160899998258],[-73.772651999915766,42.641654999959194]]},"properties":{"NAME":"Frisbee Ave Exd"}},{"type":"Feature","geometry":{"type":"LineString","coordinates":[[-73.768567999919384,42.658210999853935],[-73.768470000010083,42.658285000185529]]},"properties":{"NAME":"Washington Park Rd"}},{"type":"Feature","geometry":{"type":"LineString","coordinates":[[-73.770513999658107,42.674876999775606],[-73.770958999897033,42.674912999686669],[-73.771266999868601,42.674954999776766],[-73.771958000154825,42.675094000171264],[-73.7729980004205,42.675357999874443],[-73.774457999912428,42.675783000002582],[-73.774550999798862,42.675810000204699],[-73.774790000173454,42.675872999750034],[-73.774960000052772,42.67595300029673],[-73.775160999894211,42.676038000269394],[-73.775469999690699,42.67621499984714],[-73.77567800010317,42.676309999796885],[-73.776290999673279,42.676622999841342],[-73.776405000374396,42.676678999955222],[-73.776771999897221,42.676859000026646],[-73.779174999570429,42.6780740002445],[-73.779895999993883,42.678427999845361],[-73.780490000195712,42.67863499976886],[-73.780798000167295,42.678759999809898]]},"properties":{"NAME":"Commerce Ave"}},{"type":"Feature","geometry":{"type":"LineString","coordinates":[[-73.79387799981177,42.644624999867574],[-73.79411399981332,42.644417999674864]]},"properties":{"NAME":"Weiss Ct"}},{"type":"Feature","geometry":{"type":"LineString","coordinates":[[-73.781435000026832,42.672573999696901],[-73.780446999639693,42.673192999857008]]},"properties":{"NAME":"Rawson St"}},{"type":"Feature","geometry":{"type":"LineString","coordinates":[[-73.79052399956133,42.672886000108576],[-73.790555000421776,42.672980999863626],[-73.790617000346074,42.673203999983357],[-73.790610999599977,42.673336999975945],[-73.790581000361058,42.673400000046954],[-73.790454000139434,42.673523000158688],[-73.789468000300431,42.674430000243071]]},"properties":{"NAME":"Roosevelt St"}},{"type":"Feature","geometry":{"type":"LineString","coordinates":[[-73.750578000273038,42.64264399982077],[-73.750291000217871,42.642776999774796],[-73.75004000014772,42.642922000081441],[-73.749872999743118,42.643061999851767],[-73.749671999901679,42.643291999970508]]},"properties":{"NAME":null}},{"type":"Feature","geometry":{"type":"LineString","coordinates":[[-73.76232700029702,42.665835000229301],[-73.761798000392531,42.666309999915782],[-73.761041999808981,42.667047999875393],[-73.760892000021144,42.667177000297897],[-73.760681000133957,42.667400000104983],[-73.760143999833517,42.667923000163462],[-73.759958999885583,42.668108000002064]]},"properties":{"NAME":"Wilkins Ave"}},{"type":"Feature","geometry":{"type":"LineString","coordinates":[[-73.812674000270363,42.673555999696191],[-73.812894000378392,42.67340900024054],[-73.813116000136233,42.673324999923736],[-73.813264000274245,42.67329100031364]]},"properties":{"NAME":null}},{"type":"Feature","geometry":{"type":"LineString","coordinates":[[-73.818755999884047,42.672366000093376],[-73.818733000317835,42.67246399987264],[-73.818673999868267,42.67253100001691],[-73.818575999958995,42.672611000242497],[-73.818543000347034,42.672683000027192],[-73.818548000369901,42.672738999728722],[-73.818611000119077,42.672793000124329],[-73.818794000417185,42.672894999716164],[-73.818919000090659,42.672957000279858],[-73.819102000388767,42.673066999892036],[-73.819405000337468,42.673248999759451],[-73.82148800034355,42.674475999722816]]},"properties":{"NAME":"Miller Ave"}},{"type":"Feature","geometry":{"type":"LineString","coordinates":[[-73.780543999724088,42.655049000312538],[-73.782999999999063,42.656446000280219],[-73.785144999929429,42.657682000123529],[-73.786252000142269,42.658292000203375]]},"properties":{"NAME":"Warren St"}},{"type":"Feature","geometry":{"type":"LineString","coordinates":[[-73.818822999831184,42.667758999935451],[-73.818831000227107,42.667803999690669],[-73.818862000189242,42.667838999697942],[-73.819129000152941,42.66801300006447],[-73.819596000133188,42.668285999737584],[-73.819714000133956,42.668363000055258],[-73.820359000389416,42.668745000143694],[-73.821049999777344,42.669204999818177],[-73.821264000037573,42.669364000128738],[-73.821341999855377,42.669459999994679],[-73.821407999977623,42.669574999900391],[-73.821479000122721,42.669725999866976],[-73.821659999872693,42.670229000188932],[-73.821739000413714,42.670472000184922],[-73.822132999700699,42.671422999678207],[-73.822234999807961,42.67156799991298],[-73.823783000061752,42.672486999683855],[-73.8246450000522,42.672988000208264],[-73.825233000406257,42.673322000075444],[-73.825522000111249,42.673464999948393]]},"properties":{"NAME":"Cottage Ave"}},{"type":"Feature","geometry":{"type":"LineString","coordinates":[[-73.816521000440304,42.654458000315884],[-73.81643299967844,42.654544000205128],[-73.81561099987097,42.655703999719954],[-73.81476399994915,42.656793000004043],[-73.81468199993337,42.656914000179682],[-73.814426999665258,42.657484000297124],[-73.814281999900288,42.657855000313283],[-73.814061999792258,42.658462000112415],[-73.814024000157431,42.658600000209809],[-73.814034000203179,42.658642000092506]]},"properties":{"NAME":"Collins Pl"}},{"type":"Feature","geometry":{"type":"LineString","coordinates":[[-73.816280000415887,42.674256999942259],[-73.816927000321172,42.673613999821569],[-73.817381999707536,42.673184000292579],[-73.817570999853416,42.673016000258194],[-73.817764000197258,42.672823000177061],[-73.817949999970097,42.672702999879192],[-73.818334999934578,42.672535999827623],[-73.818755999884047,42.672366000093376],[-73.818950999877714,42.672304000261093],[-73.819170999985744,42.672246000234097],[-73.819982999747467,42.672074999737113],[-73.820329000252187,42.671997000084154],[-73.820761999897243,42.671905000062843],[-73.821221000379865,42.67180999998407],[-73.822234999807961,42.67156799991298],[-73.822765000435695,42.671439999996537],[-73.823284000294464,42.671326000220589],[-73.823449000150916,42.671279999730309],[-73.8236030001367,42.671222000068724],[-73.82379099955935,42.671104999937626],[-73.824323999661829,42.670662000324505],[-73.824640000029319,42.670399999820376],[-73.825327999942502,42.669869000087679],[-73.825885000334409,42.669382999714891],[-73.82695900003695,42.668559000193312],[-73.827719999745057,42.66797199994226],[-73.827961999594393,42.667838000320806],[-73.82821900041067,42.667709999988752],[-73.828496000420103,42.667588999685371],[-73.828538000252905,42.667572999676779],[-73.82866100027654,42.66752100011572],[-73.828826000132977,42.66744500012009],[-73.828963000400321,42.667374000257531],[-73.829298000136092,42.667173000104484],[-73.830130999814216,42.666635000147927],[-73.830484999816548,42.666413000299286],[-73.830816000252653,42.666242999670899],[-73.830978999560941,42.666164999965261],[-73.831145999965543,42.666086000095845],[-73.831772999779346,42.665846999745931],[-73.832126999781664,42.665724999707827],[-73.832568999647535,42.665579999713898],[-73.832714000310816,42.665531000031223],[-73.832828000113636,42.665488000102663],[-73.832909000304483,42.665458999888273],[-73.833459999950307,42.665285000299427],[-73.83367400021055,42.665228999827072],[-73.834204999764893,42.665130999869831],[-73.834563999790078,42.665088000325163],[-73.835127000029772,42.66505899992417],[-73.835486000054985,42.665066999922246],[-73.836881999972803,42.665118000133511],[-73.837800999864669,42.665151000170233],[-73.838518000090147,42.665179999867746],[-73.838564000120911,42.665177000286889],[-73.838600999930819,42.665175000125878],[-73.838697000190294,42.665161999738174],[-73.83892300014611,42.665104000312844],[-73.839277999973334,42.66499800015265],[-73.839489999685455,42.664920000205989],[-73.839601000013531,42.664880000110685],[-73.840238999697988,42.664670999772213],[-73.84074699968609,42.664494999776593],[-73.841549000300404,42.664279000121851],[-73.841643000011729,42.664254999820315],[-73.842209999551073,42.664123999745037],[-73.843059000021057,42.66391500016779],[-73.84330099987038,42.663856000137855],[-73.843753999606903,42.663746000078071],[-73.843822000277285,42.663729000297678],[-73.844094000263851,42.663628999746848],[-73.844382000143938,42.663748000285068],[-73.844755000412846,42.66385299983255],[-73.845063000384414,42.663925999954465],[-73.846171000422146,42.664152999921605],[-73.846956000419709,42.664295000317701],[-73.847765999633296,42.664456000160513],[-73.847948999931404,42.664500000233723],[-73.847918999794175,42.664670999772213],[-73.84787600013648,42.66497400012863],[-73.847866000090718,42.665105999815587],[-73.847878999611211,42.665420000216379],[-73.84790500044879,42.665668000219753],[-73.847909999573332,42.665773999898093],[-73.84790399972556,42.665862000129366],[-73.84787399958833,42.666029000278272],[-73.847814000212182,42.666215999936306],[-73.847590999731111,42.666708999701115],[-73.847302999851024,42.667409999890964],[-73.847223000383394,42.667636999686536],[-73.847206999591549,42.667685999690725],[-73.846954999696493,42.668298000102169],[-73.846626999633415,42.66919400030509],[-73.846568999907106,42.669382999714891],[-73.846455999929191,42.66968000017409],[-73.846369999715463,42.669894000207975],[-73.84625000006487,42.670182000207816],[-73.846199999836145,42.670310000072995],[-73.846059000269165,42.670697000043539],[-73.846025999758879,42.670842999979868],[-73.846038000352763,42.671032000320054],[-73.84607799963743,42.671120999697578],[-73.846118999645299,42.671200999756579],[-73.846224999950522,42.67130299997973],[-73.846547999990719,42.671470000041914],[-73.846732000113732,42.671551000290108],[-73.846900000343211,42.671634999702221],[-73.847066999849474,42.671740999773277],[-73.847246999774526,42.671884999954045],[-73.847389999889657,42.672044000013798],[-73.847501000217747,42.672178999782581],[-73.847606999624645,42.672349000028333],[-73.847706000257162,42.672472000238692],[-73.847850000197198,42.672728000180506],[-73.848010999855674,42.673130000236696],[-73.848276999994468,42.673817000164341],[-73.848394999995236,42.674071999912293],[-73.84847299981304,42.674207999834415],[-73.848586999615861,42.67435500004197],[-73.848702000141898,42.674526000209902],[-73.848804000249146,42.674694000125186],[-73.848832999663173,42.674789999684158],[-73.848816999769625,42.674910999838929],[-73.848711000362741,42.675068000239882],[-73.848599000209745,42.67516599972118],[-73.848493999729428,42.675242000183026],[-73.847071999872341,42.67634299983586],[-73.846544999617663,42.676646999990702],[-73.845589999740781,42.677165000074233],[-73.845227000415946,42.677373000126835],[-73.845116999912776,42.677425000031207],[-73.844982000193554,42.677494999757585],[-73.844900000177802,42.677539999728722],[-73.844788000024792,42.677598000098428],[-73.844614999772446,42.677701000268499],[-73.844292999557169,42.67791100025952],[-73.844105999959424,42.678085000167322],[-73.843968999692066,42.678299000319512],[-73.843857000437382,42.678526999837381],[-73.843796000338017,42.678900999998106],[-73.843796000338017,42.679072000204599],[-73.843784999569039,42.679239999717453],[-73.8437450002844,42.679864999907757],[-73.8437450002844,42.680098000146209],[-73.843734000413747,42.68022900023665],[-73.843597999971308,42.680871000104304],[-73.843522999628235,42.681148999871255],[-73.843170000349133,42.682495999810179],[-73.843064999868844,42.682765000072649],[-73.84304700032547,42.682820999934165]]},"properties":{"NAME":"Co Rd 204"}},{"type":"Feature","geometry":{"type":"LineString","coordinates":[[-73.782267999704956,42.67331800027749],[-73.782390999728605,42.67324100015388],[-73.782671000111094,42.673007999962159],[-73.783129999695404,42.67255199987968],[-73.783676000216673,42.672026999860677],[-73.784221000014711,42.671525000197484],[-73.784766999637654,42.67100000008967],[-73.785226999945195,42.670545999793838]]},"properties":{"NAME":"W Lawrence St"}},{"type":"Feature","geometry":{"type":"LineString","coordinates":[[-73.78607800006499,42.640730000187418],[-73.785971999759781,42.640822000084768],[-73.785854999583904,42.640874999978251],[-73.785297000265388,42.641078999982213],[-73.7840939997931,42.641526999911207]]},"properties":{"NAME":"Kate St"}},{"type":"Feature","geometry":{"type":"LineString","coordinates":[[-73.794502000150842,42.674785000054776],[-73.793713999780252,42.675499999771262],[-73.792828000398671,42.676354000065054],[-73.791246999634595,42.677854999935079]]},"properties":{"NAME":"Van Buren Ave"}},{"type":"Feature","geometry":{"type":"LineString","coordinates":[[-73.798673000185886,42.66868500005009],[-73.798629999629867,42.668734999911948],[-73.796944000182137,42.670315000062381],[-73.795579000226439,42.671608000328156],[-73.794462999792799,42.672650999986395],[-73.793141000393121,42.673921999876484],[-73.793100000385223,42.673972000148773]]},"properties":{"NAME":"Homestead Ave"}},{"type":"Feature","geometry":{"type":"LineString","coordinates":[[-73.79977500037586,42.669037000257013],[-73.797716999585816,42.670965999868166],[-73.797200000275168,42.671482999770838],[-73.796248999697937,42.672329000062412],[-73.794850000305388,42.673714000161134],[-73.793979999919017,42.674471999999128]]},"properties":{"NAME":"Terrace Ave"}},{"type":"Feature","geometry":{"type":"LineString","coordinates":[[-73.79755299955427,42.667522000158499],[-73.797545999881578,42.667467999806995],[-73.797946999739565,42.667072999809214],[-73.798617000109402,42.66646300000707],[-73.799294000151917,42.665845000267034],[-73.800008000004354,42.665144000263972],[-73.800680000023988,42.664515000281604],[-73.801374999609848,42.663865999833398],[-73.802223000254912,42.663081999799566]]},"properties":{"NAME":"Marion Ave"}},{"type":"Feature","geometry":{"type":"LineString","coordinates":[[-73.796266000314702,42.660155999758416],[-73.797083000099306,42.660616999725868],[-73.797821000241186,42.661051999729182]]},"properties":{"NAME":"Teunis Ave"}},{"type":"Feature","geometry":{"type":"LineString","coordinates":[[-73.815184999898619,42.659911000062777],[-73.815162000332393,42.659884000220629],[-73.815148000088698,42.659844000188251],[-73.815148000088698,42.659794999948396],[-73.815169000005113,42.65976800005587],[-73.8151899999215,42.65975200001612],[-73.815241999800037,42.659737000140311],[-73.815301000249576,42.659738999815659],[-73.815343000082365,42.659757000194155],[-73.815367000371808,42.659789999773409],[-73.815369999846553,42.659840999689322],[-73.815332000211711,42.659881999889315],[-73.815287000005867,42.659907000062454],[-73.815227999556328,42.659915000062895],[-73.815184999898619,42.659911000062777]]},"properties":{"NAME":"Milner Ct"}},{"type":"Feature","geometry":{"type":"LineString","coordinates":[[-73.765468000112136,42.645431000194307],[-73.765413999685464,42.645170000145505],[-73.765329000194981,42.645039000169049],[-73.765193999577448,42.64490099971394],[-73.764957999575884,42.64478200010992],[-73.76458100000734,42.644701000004929],[-73.764223999631966,42.644419000089236],[-73.763806000055524,42.644041000235802],[-73.763527000396266,42.643918999701938],[-73.763205000181003,42.643867000181601],[-73.762943000240185,42.643887999815234],[-73.762749000071423,42.643933000327806],[-73.762529999788313,42.643995999801312]]},"properties":{"NAME":"Lincoln Park Rd"}},{"type":"Feature","geometry":{"type":"LineString","coordinates":[[-73.768075999824774,42.662825999763868],[-73.768148999619712,42.662838999979421],[-73.768201000396573,42.662858999696056],[-73.768387000169412,42.663006000322156],[-73.770046999677888,42.66442000013749],[-73.772138999904797,42.666264999739553],[-73.774098000062324,42.668001999679916]]},"properties":{"NAME":"Elk St"}},{"type":"Feature","geometry":{"type":"LineString","coordinates":[[-73.756900000086247,42.645661999878449],[-73.75846699970829,42.646265999918924],[-73.759901000159275,42.64682699976202]]},"properties":{"NAME":"Elm St"}},{"type":"Feature","geometry":{"type":"LineString","coordinates":[[-73.803513999692441,42.650269000214365],[-73.803572000317075,42.650302000203759],[-73.803640999914037,42.650337000153286]]},"properties":{"NAME":null}},{"type":"Feature","geometry":{"type":"LineString","coordinates":[[-73.796943000357231,42.676191000191395],[-73.796882000257852,42.676242999763979],[-73.795243999592373,42.677746000090458],[-73.793663999551526,42.679225999775426]]},"properties":{"NAME":"Buell St"}},{"type":"Feature","geometry":{"type":"LineString","coordinates":[[-73.752696000439244,42.641347999758651],[-73.753284999719881,42.641497999755281],[-73.753360000062955,42.641579000065711],[-73.753423999637064,42.641615999895009],[-73.753478999888657,42.641638000086722],[-73.754176999847573,42.641794999937346]]},"properties":{"NAME":"Arch St"}},{"type":"Feature","geometry":{"type":"LineString","coordinates":[[-73.807959000262187,42.671798000297514],[-73.806981999745716,42.673066999892036],[-73.806873999790668,42.67322500027921],[-73.806837999805666,42.673297999962919],[-73.806850000399535,42.673451999973537],[-73.80691599962347,42.67360199982285],[-73.807042999845081,42.673717999933601],[-73.80737099990813,42.673860000275489]]},"properties":{"NAME":null}},{"type":"Feature","geometry":{"type":"LineString","coordinates":[[-73.75103000018467,42.644338000172404],[-73.750752000350317,42.644555000128491],[-73.750509999602684,42.644779999953563],[-73.750419000264387,42.644858000055422],[-73.750342000271502,42.644913999712415],[-73.750160999623205,42.645106000135996],[-73.749983000246303,42.645361999778999],[-73.74973899984883,42.645789000277574],[-73.749683999597224,42.64591500002718]]},"properties":{"NAME":"Broadway"}},{"type":"Feature","geometry":{"type":"LineString","coordinates":[[-73.816283999715537,42.65961099998357],[-73.816015999926933,42.659908000227709]]},"properties":{"NAME":"Krumkill Ct W"}},{"type":"Feature","geometry":{"type":"LineString","coordinates":[[-73.808253999814966,42.663389999859547],[-73.808166999776333,42.663419999826687],[-73.808094999806301,42.663429000144347],[-73.807989000399431,42.663430000252951],[-73.80785999962967,42.663404000066187],[-73.807120999662871,42.663187999923771],[-73.806238999580941,42.662899999887642],[-73.8059189999138,42.662812000087605],[-73.805750999684307,42.662759999846948],[-73.805601999721404,42.662735000160367],[-73.805419000321621,42.662719000223575],[-73.805299999597594,42.662731999800961],[-73.805183000320056,42.662762000085664],[-73.805010000067711,42.662857000121001],[-73.804929999701756,42.662922999934942],[-73.804764000020398,42.663088999937962],[-73.804729999685222,42.663154000053183],[-73.804717000164729,42.663216999876425],[-73.804729999685222,42.66326999984603],[-73.80475499979957,42.66331099976658],[-73.804801999655254,42.663347999881132],[-73.804882999846086,42.663388999750296],[-73.804975999732505,42.663423000152896],[-73.805230000175726,42.66348900002658],[-73.80580799958571,42.663599999986374],[-73.80651700031359,42.663774999770446],[-73.808339000203787,42.66442999974231],[-73.808549000266069,42.664499000142328],[-73.809027000116956,42.664683000174108],[-73.809454999739131,42.664885999961463],[-73.809939000336115,42.66525000017522],[-73.810690999823393,42.665843000127509],[-73.811372000063855,42.66655500015694],[-73.81153299972236,42.666730000209853],[-73.811729000439243,42.666892999797106],[-73.811946000174231,42.667048999925782],[-73.812145000365845,42.667183999975201],[-73.812798000118917,42.667551000071029],[-73.81285699967016,42.667588000304207],[-73.812952000104701,42.667640999850086],[-73.813240999809722,42.667819000262405],[-73.813744999599862,42.668115000235062],[-73.813901999958688,42.668197000263781],[-73.81449199996257,42.668553000036511],[-73.814769999796937,42.668713000056918],[-73.815625000114665,42.669202999786755],[-73.81635400003573,42.669634999795427],[-73.816456999967897,42.669713999778082],[-73.816552000402439,42.669812999781783],[-73.816599000258108,42.66986500006751],[-73.816877000092475,42.670407999791607],[-73.816940999666556,42.6705070000109],[-73.817061000215475,42.670642999808294],[-73.817267000079795,42.670793999822301],[-73.817867999954331,42.671170000257838],[-73.818575000134061,42.671646000104317],[-73.818703000180591,42.671724000197727],[-73.818909000044926,42.671885999926609],[-73.818965000121409,42.671970000206905],[-73.819007999779132,42.67206400007143],[-73.819028999695519,42.67212600014313],[-73.81907899992423,42.672184000282094],[-73.819170999985744,42.672246000234097]]},"properties":{"NAME":"Berkshire Blvd"}},{"type":"Feature","geometry":{"type":"LineString","coordinates":[[-73.811969999565349,42.674943000036976],[-73.811858000310664,42.674896000318313]]},"properties":{"NAME":null}},{"type":"Feature","geometry":{"type":"LineString","coordinates":[[-73.757300999944249,42.642578000289483],[-73.757609999740723,42.641983000243179],[-73.757624999809337,42.641954000299847],[-73.757663000342475,42.641846999867866],[-73.758020999644472,42.641119999996263],[-73.758171000330591,42.640784999783243],[-73.758587000257208,42.63995600011809],[-73.758916000145177,42.639270999706163],[-73.759173000063129,42.638726999803602],[-73.759257999553625,42.638588999885918],[-73.759418000285521,42.638418999844362],[-73.75952200004258,42.638352999796354],[-73.760006999566158,42.637886000190129],[-73.76069100017969,42.637288999814949],[-73.76086500025697,42.637154000284369],[-73.762077999876681,42.636056000141181],[-73.762302000182672,42.635866999879305],[-73.76242600003124,42.635750999857351],[-73.762491000328552,42.635726999780239],[-73.762508000046992,42.63573100001404]]},"properties":{"NAME":"Broad St"}},{"type":"Feature","geometry":{"type":"LineString","coordinates":[[-73.800839000032653,42.678443999701301],[-73.800797000199864,42.678482999787001],[-73.799719000299334,42.679434000193659],[-73.799103000356197,42.68002800005015],[-73.79856100003289,42.680558000324801]]},"properties":{"NAME":"Victor St"}},{"type":"Feature","geometry":{"type":"LineString","coordinates":[[-73.818940000007061,42.675101000277941],[-73.818236000200372,42.675785999732085],[-73.817206999805336,42.67674600017849],[-73.817006999788802,42.676940999746911],[-73.816617999626374,42.677305999919206],[-73.816201999699757,42.677668000290311],[-73.815784999948249,42.678085000167322],[-73.815729999696643,42.678141000284533],[-73.815620000091812,42.678241999813984]]},"properties":{"NAME":"Clarendon Rd"}},{"type":"Feature","geometry":{"type":"LineString","coordinates":[[-73.751532000325014,42.643787999734322],[-73.751430000217752,42.643820000094863],[-73.751334999783197,42.643820000094863],[-73.751303999821047,42.643811000242941],[-73.751215999957495,42.64375099987511],[-73.751186999645199,42.643699000214355]]},"properties":{"NAME":null}},{"type":"Feature","geometry":{"type":"LineString","coordinates":[[-73.751328999935396,42.642229000312597],[-73.751292000125488,42.642293999765535],[-73.751216999782415,42.642414999735436],[-73.751148000185452,42.642514000256639],[-73.751078999690151,42.642594000122216],[-73.750993000374763,42.642673999884913],[-73.750898999765099,42.642748999982032],[-73.750728000060889,42.642853000187294],[-73.750533999892113,42.642943999811351],[-73.750189000110623,42.643070000036793]]},"properties":{"NAME":null}},{"type":"Feature","geometry":{"type":"LineString","coordinates":[[-73.758065999850302,42.663351000210817],[-73.757514000379558,42.663896999672005],[-73.757309000340157,42.66411400009099]]},"properties":{"NAME":null}},{"type":"Feature","geometry":{"type":"LineString","coordinates":[[-73.761562000390967,42.660940999844421],[-73.764186999822044,42.662474000057891],[-73.766398999699561,42.663718999919574]]},"properties":{"NAME":"Clinton Ave"}},{"type":"Feature","geometry":{"type":"LineString","coordinates":[[-73.749558999923778,42.65093699981248],[-73.75003699977465,42.651129999791713],[-73.750521000371634,42.651313000102078],[-73.751462999829698,42.651669999731894],[-73.752317000322535,42.65197400031267],[-73.752883999861893,42.652164999797961]]},"properties":{"NAME":"Steuben St"}},{"type":"Feature","geometry":{"type":"LineString","coordinates":[[-73.753052999916306,42.646510999851955],[-73.753328000275914,42.646700999877396]]},"properties":{"NAME":null}},{"type":"Feature","geometry":{"type":"LineString","coordinates":[[-73.751894999649849,42.665109000060426],[-73.752446000193984,42.664721000220538]]},"properties":{"NAME":"Dudley Park"}},{"type":"Feature","geometry":{"type":"LineString","coordinates":[[-73.7845509997276,42.640068000276528],[-73.7848810003388,42.640235000315414],[-73.785671000359201,42.640624999922878],[-73.785781999788981,42.640670999966162],[-73.78590499981263,42.640706999861429],[-73.78607800006499,42.640730000187418],[-73.786669999718683,42.640774999680168],[-73.786812000008908,42.640797999981025],[-73.787039999614564,42.640874999978251],[-73.787576999914975,42.641165999673582],[-73.787894999932291,42.64135600016408],[-73.788357999714563,42.64161999975024],[-73.788524000294231,42.641722000266533],[-73.788708000417259,42.64180799992404],[-73.789294000223165,42.642145999946592],[-73.789803999861107,42.642432999841908],[-73.790331000115799,42.642736000191903],[-73.790581000361058,42.642877999937546],[-73.791322999802574,42.643303999872913],[-73.792203000234693,42.643806999867778],[-73.792347999999649,42.643890000000219],[-73.793046999783471,42.644292999952782],[-73.793225999883617,42.644381000190336],[-73.793380999694307,42.644445000284911],[-73.79387799981177,42.644624999867574],[-73.794559000052246,42.644873000216258],[-73.794753000221007,42.644941000107195],[-73.795658999694083,42.64528200016894],[-73.795704999724833,42.645295000087806],[-73.795746999557622,42.645308999743229],[-73.795852999862831,42.645340000243415],[-73.796713000203454,42.645676000112054],[-73.796931999588253,42.645747000304368],[-73.797560999950193,42.645981999711402],[-73.798150999954075,42.646184000038701],[-73.798586000147239,42.646347999691123],[-73.799606000321432,42.646723999969751],[-73.799946999904989,42.646830000228121],[-73.800217000241716,42.646941000192818],[-73.800433000151784,42.647003999924003],[-73.800540000281913,42.647044000286499],[-73.801757000099585,42.647486000003262],[-73.801938999674462,42.647550999910514],[-73.802975999567096,42.647942999964435],[-73.804039000297294,42.64831800016163],[-73.805096000281424,42.648684999957617],[-73.805171999551092,42.648712000037101],[-73.805229000350806,42.648739000104911],[-73.806556999598257,42.649214999913909],[-73.807904000010609,42.649725999677301],[-73.809176999904793,42.650150999969057],[-73.80932500004279,42.650211000110588],[-73.81091599995429,42.650817000211497],[-73.811943999626081,42.651170999788903],[-73.812731000171766,42.65147399986494],[-73.812891000005337,42.65155299980136],[-73.81334000044221,42.651763000265078],[-73.813589999789158,42.651967999876554],[-73.814234000219713,42.652537999740879],[-73.814861000033517,42.653115999881166],[-73.81551899980947,42.653650000142868],[-73.816030999995533,42.654063999840574],[-73.816199000225041,42.654198999677504],[-73.816521000440304,42.654458000315884],[-73.817283999798235,42.655095999843141],[-73.817375000034829,42.655147999886886]]},"properties":{"NAME":"Whitehall Rd"}},{"type":"Feature","geometry":{"type":"LineString","coordinates":[[-73.792003000218145,42.666565000078897],[-73.7921329999145,42.666446000309087],[-73.792390999657343,42.666183999868714],[-73.792789999865519,42.665804000035948],[-73.793348999907266,42.665278999826597],[-73.793922000192708,42.664734000039871],[-73.794567000448168,42.664102000239794],[-73.795255000361337,42.663461000308907],[-73.795930999680635,42.662823000069395],[-73.797303000207336,42.661536000219741],[-73.797821000241186,42.661051999729182],[-73.798068000113389,42.660812999844374],[-73.798751000003705,42.660155999758416],[-73.799689999987038,42.659296999971069],[-73.801470999869323,42.657633000161809],[-73.802393000134231,42.656732000050056]]},"properties":{"NAME":"S Allen St"}},{"type":"Feature","geometry":{"type":"LineString","coordinates":[[-73.77112499957839,42.641981999789628],[-73.771266000043695,42.641996000190588],[-73.77151799993878,42.641990999906142],[-73.771702999886713,42.64196800004629],[-73.771774000031812,42.641952000052619],[-73.771907999926114,42.641907000089546]]},"properties":{"NAME":"Bucci McTague Dr"}},{"type":"Feature","geometry":{"type":"LineString","coordinates":[[-73.766398999699561,42.663718999919574],[-73.766786000212164,42.663941000140845],[-73.766936000000001,42.664017999895549],[-73.768029999794024,42.664677000303733]]},"properties":{"NAME":"McPherson Ter"}},{"type":"Feature","geometry":{"type":"LineString","coordinates":[[-73.782005999764152,42.660638999803624],[-73.782223000397437,42.660433000211754],[-73.782616999684436,42.660037000272212],[-73.78317900009921,42.659500000168784],[-73.783798000415416,42.658949000166473],[-73.784462999864047,42.65832000026699],[-73.785144999929429,42.657682000123529],[-73.78584200006344,42.657022000012034],[-73.786495999641431,42.656381999980674],[-73.787413999708349,42.655531999727536],[-73.787742999596318,42.655228000021694],[-73.787826000335329,42.655113000001982],[-73.788208999751646,42.65432799967369],[-73.788539000362846,42.653668999906856],[-73.788708000417259,42.653352000129217],[-73.788734000356513,42.653265999912968],[-73.788760000295795,42.653141000131832]]},"properties":{"NAME":"Ontario St"}},{"type":"Feature","geometry":{"type":"LineString","coordinates":[[-73.77844900002242,42.674231000321171],[-73.778854000078368,42.674000999693924],[-73.77926800035516,42.673669000061267],[-73.779290000096466,42.673632000145545]]},"properties":{"NAME":"Rawson St"}},{"type":"Feature","geometry":{"type":"LineString","coordinates":[[-73.811252000413276,42.656395000222325],[-73.811300999918743,42.656458000287756],[-73.811779999594563,42.658168000147576],[-73.81187699967893,42.658445000208516],[-73.812020999618966,42.658954999928994]]},"properties":{"NAME":"Harding St"}},{"type":"Feature","geometry":{"type":"LineString","coordinates":[[-73.766351000018972,42.657091000045277],[-73.765893000259581,42.657523999865745],[-73.765391999944157,42.657951000115496],[-73.765181999881889,42.658145000323145],[-73.765072000277016,42.658258000297913],[-73.765041000314881,42.658278000166838],[-73.764514000060188,42.65860499981985],[-73.764411000128021,42.658668000288777],[-73.76385899975898,42.659004999689387],[-73.763666000313449,42.659120999956428],[-73.76333599970225,42.659343000080433],[-73.763159000150253,42.659493999798173],[-73.762780999858478,42.659844000188251]]},"properties":{"NAME":"Henry Johnson Blvd"}},{"type":"Feature","geometry":{"type":"LineString","coordinates":[[-73.784221000014711,42.671525000197484],[-73.78518299956427,42.672084000122624],[-73.785771999743247,42.672405000030764]]},"properties":{"NAME":"Lincoln Ave"}},{"type":"Feature","geometry":{"type":"LineString","coordinates":[[-73.818840000447949,42.653852000014084],[-73.818991000060691,42.653793999948135],[-73.819118000282273,42.653752999698042],[-73.819259999674216,42.653705999813113],[-73.819524999988062,42.653640000125662],[-73.819760000164706,42.653590000015463],[-73.819897000432064,42.653558000056016],[-73.820074999808966,42.653544000275012],[-73.820311999635436,42.653536999722689],[-73.82108199956437,42.653566000212606],[-73.821378999665299,42.653579999988601],[-73.821931999859245,42.653588000142371],[-73.82224800022675,42.653573000101019],[-73.822514000365544,42.653544000275012],[-73.822936999964838,42.653509999755613],[-73.823110000217198,42.653489000066713],[-73.823522999770759,42.653411000216437],[-73.823773000016018,42.653355000280563],[-73.824070999941853,42.653277000262221],[-73.824460999929187,42.653153000116419],[-73.82500900010028,42.652954999744011],[-73.826579000095364,42.652347000079658],[-73.829344999991747,42.651278999684379],[-73.831858999993059,42.650368999787872],[-73.833623000156919,42.649976999826045],[-73.834856999693045,42.649734999994962],[-73.835332000069187,42.649641999732957],[-73.835467999613329,42.64961500005716],[-73.836770999644742,42.64935599973267],[-73.837332000234611,42.649261000213237],[-73.837523999855222,42.649239999750471],[-73.838954999933165,42.649077000133218],[-73.841360000154509,42.648876000292788],[-73.842741999828647,42.648745000191802],[-73.843587999925546,42.648644000303882],[-73.844020999570603,42.648558999872037],[-73.844384999618683,42.648473000296363],[-73.844873000413614,42.648329999755283],[-73.845276999746346,42.648200999872273],[-73.846008000215548,42.647964000204389],[-73.84711999955293,42.647581000251385],[-73.847339999660946,42.647494000280133],[-73.84759199955603,42.647378999835254],[-73.847795999770526,42.647270999775429],[-73.847989999939273,42.647150999709268],[-73.848304999583547,42.646920000268267],[-73.848529999714444,42.646723000253203],[-73.84880300042424,42.646430000015947],[-73.849851000187513,42.645163999713773],[-73.850227999756072,42.644690000121209],[-73.850813999561979,42.643992999859314],[-73.851519999916832,42.643117000029328],[-73.852550000136759,42.641903000252775],[-73.852873000176956,42.641489000228283],[-73.85324600044585,42.64101099983494],[-73.853962999773017,42.640002999819686],[-73.854035999567969,42.639900999789411],[-73.85483700035735,42.638746000160936],[-73.854966000228771,42.638565000242501],[-73.85546900019402,42.637906000001706],[-73.855901999839062,42.637268999805073]]},"properties":{"NAME":"New Scotland Rd"}},{"type":"Feature","geometry":{"type":"LineString","coordinates":[[-73.777468000206298,42.659261000263839],[-73.777515000061953,42.659269999862303],[-73.777640999560333,42.659344000254755],[-73.77903200035361,42.660167000210159],[-73.781269000345475,42.661427000159513],[-73.782055999992849,42.661855000164593],[-73.783368000245105,42.662614000082058]]},"properties":{"NAME":"Hamilton St"}},{"type":"Feature","geometry":{"type":"LineString","coordinates":[[-73.785843999713265,42.672341000306929],[-73.786439999564934,42.672652999906873],[-73.786734000191103,42.67282000030454],[-73.787597999831377,42.673337999925153],[-73.788493000332096,42.673864000038549],[-73.789468000300431,42.674430000243071],[-73.790487999576328,42.674986000029492],[-73.791272999573863,42.675443999915835],[-73.792076999838002,42.67591900014299],[-73.792828000398671,42.676354000065054],[-73.793030000065045,42.676486999920755],[-73.793642999635125,42.676836999745049],[-73.794482000059361,42.677321000178942],[-73.795243999592373,42.677746000090458],[-73.796019000442499,42.678208000252276],[-73.797304999857147,42.678977999712927],[-73.798233999794746,42.679523999936549],[-73.799103000356197,42.68002800005015],[-73.800006000354529,42.680543000186034],[-73.800402000189649,42.680767999905775],[-73.800581000289796,42.680871000104304],[-73.800652000434908,42.68091200030257]]},"properties":{"NAME":"Lincoln Ave"}},{"type":"Feature","geometry":{"type":"LineString","coordinates":[[-73.778814999720325,42.642174999800474],[-73.779622000357492,42.643196000007059],[-73.779741000183165,42.643340999997967],[-73.780071999720988,42.643770999783868]]},"properties":{"NAME":"Federal St"}},{"type":"Feature","geometry":{"type":"LineString","coordinates":[[-73.798790000361748,42.645439999811863],[-73.799891999653383,42.645851999853903],[-73.800731999902538,42.646157000183408],[-73.801239999890655,42.646327999950053],[-73.802017000390578,42.646628000016264],[-73.802640999831354,42.646879999825984]]},"properties":{"NAME":"Fordham Ct"}},{"type":"Feature","geometry":{"type":"LineString","coordinates":[[-73.789644999852442,42.672761000140184],[-73.789614999715212,42.672804000321477],[-73.788493000332096,42.673864000038549],[-73.787304999928409,42.674984000184097]]},"properties":{"NAME":"Cleveland St"}},{"type":"Feature","geometry":{"type":"LineString","coordinates":[[-73.811779999594563,42.658168000147576],[-73.811697999578783,42.658178000097273],[-73.811644999875341,42.658178000097273],[-73.811603999867458,42.658166999954339],[-73.810715000112836,42.657666999748365],[-73.810310999881793,42.657438000133766],[-73.809183999577471,42.65677399987316]]},"properties":{"NAME":"Pine Tree Ln"}},{"type":"Feature","geometry":{"type":"LineString","coordinates":[[-73.805419000321621,42.670806999692623],[-73.808459999679286,42.667952999924772],[-73.809099999911894,42.667362999759852],[-73.809427999974957,42.667030999676896],[-73.810072000405498,42.666399000109656],[-73.810081999552935,42.666372999843531],[-73.810081999552935,42.666331999960732]]},"properties":{"NAME":"Davis Ave"}},{"type":"Feature","geometry":{"type":"LineString","coordinates":[[-73.784352000434282,42.653698999939706],[-73.784447999795432,42.65367599978368],[-73.784555999750452,42.653665000165681],[-73.785873000025575,42.653747999697899],[-73.786862000237619,42.653770999827302]]},"properties":{"NAME":"Maple Ave"}},{"type":"Feature","geometry":{"type":"LineString","coordinates":[[-73.77685599956277,42.676174999755304],[-73.778471999588646,42.676946999754421],[-73.780122999774591,42.677763000000049],[-73.780830999779255,42.678097999833447],[-73.781173999910919,42.678240000073373]]},"properties":{"NAME":"Essex St"}},{"type":"Feature","geometry":{"type":"LineString","coordinates":[[-73.804456000048845,42.659932000225531],[-73.804759999822437,42.660126999699216],[-73.805513999857851,42.660519999920645],[-73.806284999611691,42.660954999941978]]},"properties":{"NAME":"Freeman Rd"}},{"type":"Feature","geometry":{"type":"LineString","coordinates":[[-73.775308000207303,42.646294000111183],[-73.774977999596132,42.645881999692655],[-73.774938000311465,42.645836000198308],[-73.774816999937627,42.645696000062742]]},"properties":{"NAME":"Crown Ter"}},{"type":"Feature","geometry":{"type":"LineString","coordinates":[[-73.760313999712835,42.644050000054463],[-73.761560999667736,42.644701000004929]]},"properties":{"NAME":"Prospect Pl"}},{"type":"Feature","geometry":{"type":"LineString","coordinates":[[-73.751323999912543,42.644352000043177],[-73.751626000036325,42.644528999978782],[-73.751684999587567,42.644576000190625]]},"properties":{"NAME":null}},{"type":"Feature","geometry":{"type":"LineString","coordinates":[[-73.798150999954075,42.646184000038701],[-73.798179000441493,42.646090999753618],[-73.798328000404382,42.645939000139357],[-73.798790000361748,42.645439999811863],[-73.79906399999814,42.645213000249157],[-73.799091999587219,42.64518000020302]]},"properties":{"NAME":"Carlisle Ct"}},{"type":"Feature","geometry":{"type":"LineString","coordinates":[[-73.754020000387044,42.639011999928996],[-73.754555999964239,42.639147999892813],[-73.755530999932603,42.639412000256797],[-73.75687599979679,42.639774999754422],[-73.757827000374007,42.640020999963191]]},"properties":{"NAME":"Bassett St"}},{"type":"Feature","geometry":{"type":"LineString","coordinates":[[-73.791963000035182,42.65715200030774],[-73.791992000347491,42.657186999705665],[-73.792050000073814,42.657236000018827],[-73.792537999970449,42.657490000201008],[-73.793806999666657,42.658240999677595]]},"properties":{"NAME":"Edison Ave"}},{"type":"Feature","geometry":{"type":"LineString","coordinates":[[-73.804986999603173,42.653204000190343],[-73.804691000225475,42.653460999809852],[-73.803724999579643,42.654402000001419],[-73.803173999933833,42.654927999811328]]},"properties":{"NAME":"Renodin Dr"}},{"type":"Feature","geometry":{"type":"LineString","coordinates":[[-73.790173999756973,42.676715000143339],[-73.789965000417922,42.676626000190737],[-73.789912999641047,42.67658599970305],[-73.789884000227048,42.676544000054868],[-73.789894000272795,42.676458000214872],[-73.789941000128465,42.676427000035993],[-73.790028000167098,42.676427999935484],[-73.790091999741207,42.676461999810726],[-73.79012699990129,42.676512999918891],[-73.790173999756973,42.676715000143339]]},"properties":{"NAME":"Niblock Ct"}},{"type":"Feature","geometry":{"type":"LineString","coordinates":[[-73.819405000337468,42.660369000052107],[-73.819478999957312,42.660259999927838],[-73.819536999683635,42.660111999913873]]},"properties":{"NAME":"Avon Ct"}},{"type":"Feature","geometry":{"type":"LineString","coordinates":[[-73.754231000274231,42.647267000283513],[-73.754642000177967,42.647544999708444],[-73.754872000331744,42.647690999835788],[-73.755191999998885,42.647877999806049],[-73.757776000320391,42.649357999741852],[-73.757993999880284,42.649478999847787],[-73.758562999967751,42.649778000246663],[-73.759352000163261,42.650242999810004],[-73.759448000422736,42.650300999883989],[-73.759825999816186,42.650528000040708],[-73.760608000339019,42.650998000165018],[-73.76062900025542,42.651009999902428],[-73.761629000338118,42.651561999854657],[-73.76173100044538,42.651638000105926]]},"properties":{"NAME":"S Mall Arterial"}},{"type":"Feature","geometry":{"type":"LineString","coordinates":[[-73.750461000097175,42.650230999924673],[-73.750975999758012,42.650660000004137],[-73.751478999723247,42.651022000298177],[-73.751788000418045,42.651172999739721],[-73.751969000168003,42.651268000303155],[-73.752380999896644,42.651429999823414],[-73.752595999981793,42.651497000174594],[-73.752949999984139,42.651616000147087],[-73.753200000229398,42.651682000000349],[-73.753325999727764,42.651725000227444],[-73.753765000118904,42.651846999987796],[-73.754649999675564,42.652093000033176]]},"properties":{"NAME":"Pine St"}},{"type":"Feature","geometry":{"type":"LineString","coordinates":[[-73.80197899985744,42.678080000142607],[-73.801927999803823,42.677741000038459],[-73.801896999841674,42.677665999870783],[-73.801845999788057,42.677589999731822],[-73.801763999772291,42.677505999782902],[-73.801680999931605,42.677453999946309],[-73.801588999870106,42.677415999758793],[-73.801425999663493,42.677378000208435],[-73.801281999723443,42.677378000208435],[-73.801167999920622,42.677393999674351],[-73.801037000399361,42.67742900022526],[-73.800890000086284,42.677498999947133],[-73.800788999803927,42.677589999731822],[-73.800746000146233,42.677650999694329],[-73.800700000115484,42.677737999742945],[-73.800675000001135,42.677884000309881],[-73.800675000001135,42.677966999873114],[-73.80070500013835,42.678080000142607],[-73.800757000016887,42.678172000268724],[-73.800825999613863,42.678260999988325],[-73.800919000398608,42.67836199998316],[-73.801198000057866,42.678618000097828],[-73.801394999701358,42.678771000271652]]},"properties":{"NAME":null}},{"type":"Feature","geometry":{"type":"LineString","coordinates":[[-73.819596000133188,42.668285999737584],[-73.819782999730919,42.668078000315568],[-73.820382999780549,42.667573999718719],[-73.821195000440596,42.666870999950746],[-73.821294000174788,42.666805999758559],[-73.8213500002513,42.666756000326664],[-73.821455999658184,42.66667300032222],[-73.821729000367981,42.666435999707481],[-73.821889000201566,42.66631899981499],[-73.822043000187335,42.666226999976359],[-73.822213999891574,42.666142999861215],[-73.822914000398612,42.665838999848248],[-73.823049000117834,42.665772999827198],[-73.823135000331561,42.665721000081533],[-73.823460000021569,42.665507000213033],[-73.823783999886658,42.665317000169274],[-73.823988999926087,42.665243999699008]]},"properties":{"NAME":"Briar Ave"}},{"type":"Feature","geometry":{"type":"LineString","coordinates":[[-73.804820000096896,42.673701000238374],[-73.804577000422654,42.673890999753475],[-73.804353000116677,42.674041999801993],[-73.804164999795688,42.674191000273218],[-73.803676000074134,42.674650000002558],[-73.803480000255576,42.674833999707673],[-73.802153999759639,42.676070999792358],[-73.802000999598761,42.6762619998891],[-73.801953999743077,42.676380000118833],[-73.801905000237596,42.676485000123662],[-73.801858000381927,42.676785999902798],[-73.801851999635829,42.676983999677766]]},"properties":{"NAME":null}},{"type":"Feature","geometry":{"type":"LineString","coordinates":[[-73.808355000097308,42.674088000229389],[-73.808656000396198,42.674212000235563],[-73.808764000351218,42.674268999814508]]},"properties":{"NAME":"Campus Access Rd"}},{"type":"Feature","geometry":{"type":"LineString","coordinates":[[-73.763713000169119,42.647597000118907],[-73.762169000113289,42.648988999931269],[-73.761955999677951,42.649190999744235]]},"properties":{"NAME":"Museum Rd"}},{"type":"Feature","geometry":{"type":"LineString","coordinates":[[-73.78060800019648,42.639317000089619],[-73.780890000228808,42.641389000256211]]},"properties":{"NAME":"Jeanette St"}},{"type":"Feature","geometry":{"type":"LineString","coordinates":[[-73.788524000294231,42.641722000266533],[-73.787506999594783,42.642098000090463],[-73.78626800003579,42.642542999938954],[-73.785104999746466,42.642978000159509]]},"properties":{"NAME":"Matilda St"}},{"type":"Feature","geometry":{"type":"LineString","coordinates":[[-73.814861000033517,42.653115999881166],[-73.813434999978469,42.654455000217702],[-73.81205099975621,42.655749999844694]]},"properties":{"NAME":"Maxwell St"}},{"type":"Feature","geometry":{"type":"LineString","coordinates":[[-73.770420999771702,42.659698000181997],[-73.770577000305607,42.659543000275285],[-73.772183000285722,42.658039999724025],[-73.772358000187907,42.657928000210809],[-73.772475000363784,42.657878000244985],[-73.77266500033457,42.657814000098014],[-73.772811999749351,42.65777699999331]]},"properties":{"NAME":"Englewood Pl"}},{"type":"Feature","geometry":{"type":"LineString","coordinates":[[-73.767915999991217,42.679580000077671],[-73.769027000401991,42.680040000128848],[-73.769405999620361,42.680185999909746],[-73.769543999712639,42.680238999939839],[-73.770270000158959,42.680517999726611],[-73.770696000131309,42.680706999701222],[-73.770896000147843,42.680817000124108],[-73.771055999981414,42.680920000241414],[-73.771478999580708,42.681259999993699],[-73.771630000091761,42.681397999673138],[-73.77196099962957,42.681788999851761],[-73.772177000437949,42.682150999860418],[-73.772307999959196,42.682427000237617],[-73.772389000150056,42.682738000251078],[-73.77243299963267,42.682998000001817],[-73.772437999655537,42.683023000123669],[-73.772439000378768,42.683405999703119],[-73.772439000378768,42.683428000300388],[-73.772409000241524,42.683719000323499],[-73.772312999982077,42.68410000002234],[-73.772142000277839,42.684666000103725],[-73.772121000361437,42.684846000150223],[-73.772332000248639,42.68433900018168],[-73.772421999762017,42.684132000110843],[-73.77262299960347,42.683493000278524],[-73.772733999931546,42.68313599978309],[-73.772842999711486,42.682791000085352],[-73.773057999796663,42.682149000245609],[-73.773116000421282,42.681918000056584],[-73.773139999812415,42.681523999916628],[-73.773138999987509,42.681327999720935],[-73.773104999652304,42.681034000249184],[-73.773088999758784,42.680943000225064],[-73.773062999819516,42.680852000067709],[-73.773020000161807,42.680696000242563],[-73.77290499963577,42.680412000097199],[-73.772676000205237,42.680046999678368],[-73.772497999929996,42.67980999986856],[-73.772230000141391,42.679531000204619],[-73.771919999621673,42.679277000256725],[-73.771559999771569,42.679059000081871],[-73.771189000050811,42.678866000276315],[-73.770987000384437,42.678792999868584],[-73.770782000345037,42.678744999897489],[-73.770593000199142,42.678736999678542],[-73.770439000213344,42.678758999947938],[-73.770311000166842,42.678796000113152],[-73.770279000379787,42.678809000290954],[-73.770188999968099,42.678848000147568],[-73.770058000446852,42.678924999928064],[-73.769958999814335,42.679007000224033],[-73.769864000278076,42.679156999873406],[-73.769819000072246,42.679309000187722],[-73.769825999744938,42.679535000263101],[-73.769858000430304,42.679619999958902],[-73.769948999768587,42.67973200001763],[-73.769976000431086,42.679766000066287],[-73.770055000073796,42.679833000263095],[-73.770163999853736,42.679898000039991],[-73.771019000171492,42.680271000035759],[-73.771840999978963,42.680592999753884]]},"properties":{"NAME":null}},{"type":"Feature","geometry":{"type":"LineString","coordinates":[[-73.774720999678166,42.664254999820315],[-73.776832999996557,42.665508999702809],[-73.777957999752743,42.666142999861215],[-73.778982000124884,42.666730000209853],[-73.779388999830672,42.666960000001978],[-73.781296000109663,42.668074000180141],[-73.783718000049475,42.669466000063942]]},"properties":{"NAME":"Benson St"}},{"type":"Feature","geometry":{"type":"LineString","coordinates":[[-73.763361999641518,42.650007999982101],[-73.763815000276367,42.649573999694951],[-73.764281000431694,42.649149999763281],[-73.764719000099603,42.648753999990674],[-73.765206000171318,42.648286000132572],[-73.765254999676813,42.648239000080714],[-73.765855999551349,42.64767000016441]]},"properties":{"NAME":"S Swan St"}},{"type":"Feature","geometry":{"type":"LineString","coordinates":[[-73.817768000395219,42.669102000097801],[-73.817965999863617,42.668971999687678],[-73.81824399969797,42.66886400013604],[-73.818329999911697,42.66884200032672],[-73.818539999973979,42.668834000153936],[-73.818758000432183,42.668876999749543],[-73.818909999869845,42.668924000056919],[-73.8192239996892,42.669061000033373],[-73.819605000354017,42.669259999996527],[-73.820559000405964,42.669747000017033],[-73.820624999629885,42.669811999775874],[-73.820642000246636,42.669864000062425],[-73.820619999607018,42.669917000309724],[-73.820175000266403,42.670366999928127]]},"properties":{"NAME":"Eliot Ave"}},{"type":"Feature","geometry":{"type":"LineString","coordinates":[[-73.797064999657636,42.649583999705243],[-73.797134000152937,42.649593000043453],[-73.79730200038243,42.649653000062514],[-73.797589000437597,42.649778999914112],[-73.798058000067655,42.649939999683497],[-73.798535000093636,42.650084999812641],[-73.798749000353865,42.650143000033914],[-73.79917199995316,42.650329000242067],[-73.800147999746429,42.650783999834672],[-73.801111999844139,42.651263000103228],[-73.802084000337729,42.651740999689757],[-73.802143999713891,42.651776999786279],[-73.802207000361406,42.651805000140648],[-73.80245099986054,42.651931000257733],[-73.802951000351058,42.652191000059581],[-73.803060999955918,42.652263999999086],[-73.803204999895954,42.65236499995514],[-73.803228000360491,42.652426999853503]]},"properties":{"NAME":"Hackett Blvd"}},{"type":"Feature","geometry":{"type":"LineString","coordinates":[[-73.76658399964748,42.656179999738676],[-73.766530999944052,42.65623500020974],[-73.766438000057619,42.656401000231334],[-73.766405000445658,42.656484000075906],[-73.766398999699561,42.656559000039252],[-73.766405000445658,42.656614999732639],[-73.766418999791043,42.656671000036241]]},"properties":{"NAME":"Henry Johnson Blvd"}},{"type":"Feature","geometry":{"type":"LineString","coordinates":[[-73.756045999593397,42.664514000190451],[-73.754949000324643,42.663871999782032]]},"properties":{"NAME":null}},{"type":"Feature","geometry":{"type":"LineString","coordinates":[[-73.751104999629419,42.664652000066908],[-73.750624000303802,42.664372999727441]]},"properties":{"NAME":"Dudley Pl"}},{"type":"Feature","geometry":{"type":"LineString","coordinates":[[-73.758196000444954,42.664124999842457],[-73.757870999856621,42.664443000283036],[-73.757012000239243,42.66524599985781],[-73.756478000311859,42.665735999834808],[-73.756116999738509,42.666067000162499],[-73.756529000365475,42.666345000103703],[-73.756659000061816,42.666438999888129]]},"properties":{"NAME":"Henry Johnson Blvd"}},{"type":"Feature","geometry":{"type":"LineString","coordinates":[[-73.760308999689954,42.636839000020373],[-73.76086500025697,42.637154000284369],[-73.761398000359435,42.637459000300268],[-73.761944999807298,42.637750999972148],[-73.76202799964797,42.637793000056696],[-73.762479999559588,42.638067999956768],[-73.762821000041455,42.63827299976446],[-73.763123999990157,42.638445999753699],[-73.763233999595002,42.638478000218491],[-73.764741999665816,42.638707000255842],[-73.764826000229732,42.638717999875745],[-73.765934000267464,42.638869999950842],[-73.766777999816256,42.638979999738822],[-73.767185000420341,42.639037999740985],[-73.767643000179746,42.639089999993189],[-73.768572000117331,42.639155000082162],[-73.768906999853073,42.639172999810093],[-73.769567000177176,42.639220000103187],[-73.769736000231575,42.639228000121392],[-73.770448000434186,42.639228000121392],[-73.770513999658107,42.639228000121392],[-73.771368999975863,42.639244000154811],[-73.771461000037363,42.639247000325796],[-73.772395999822734,42.639228000121392],[-73.773417999646767,42.639155000082162],[-73.774512000339115,42.639077999938856],[-73.775457000170221,42.639053999823204],[-73.775822999868126,42.639051000303759],[-73.776547999591216,42.639058999682852],[-73.777002999875876,42.639057000003405],[-73.777643999933389,42.639106999900996],[-73.778619999726658,42.639170000296339],[-73.779608999938702,42.639239000310027],[-73.78060800019648,42.639317000089619],[-73.780708999580511,42.639313999922017],[-73.780784999748505,42.639313999922017],[-73.781286999888835,42.639353000107441],[-73.781561000423537,42.639384000271306],[-73.781774999785469,42.639397000100963],[-73.78256300015606,42.639444000224806],[-73.783127000220674,42.639485999827464],[-73.783450000260871,42.639515000260296],[-73.783610999919347,42.639559999970878],[-73.7837620004304,42.6396199997547],[-73.7845509997276,42.640068000276528]]},"properties":{"NAME":"2nd Ave"}},{"type":"Feature","geometry":{"type":"LineString","coordinates":[[-73.751554000066307,42.674064999689712],[-73.751021999788762,42.674628000259787],[-73.75068299985503,42.675079999955543],[-73.750408000393733,42.675548000267682],[-73.749947000261287,42.676460000012831],[-73.749882999788866,42.676558999838093],[-73.749788000252636,42.67665300002659],[-73.749577000365434,42.676797999947105],[-73.749416999633553,42.676873999733893],[-73.749008000277954,42.676995999683889],[-73.748636999658856,42.677065999893472],[-73.748542000122626,42.67712499993344],[-73.748460999931766,42.677188000126961]]},"properties":{"NAME":"Old Hickory Dr"}},{"type":"Feature","geometry":{"type":"LineString","coordinates":[[-73.795337000377117,42.668039000305178],[-73.795410000172041,42.668081999790211],[-73.795455000377885,42.668115000235062],[-73.795455000377885,42.668164999894941],[-73.795431999913347,42.668246999857693],[-73.79536499996621,42.668379999889531],[-73.795230000246988,42.668578000025583],[-73.794801999726488,42.669040999669953],[-73.794465000340921,42.669372000233309],[-73.793970999698189,42.669827999868652],[-73.793635000137527,42.670140000194664],[-73.793003000300857,42.670762000129933],[-73.792122000043832,42.671598999873709],[-73.791558999804138,42.672133999892203],[-73.791302999711107,42.672356999748693],[-73.791249000182731,42.6724149996721],[-73.791181000410674,42.672430999755306],[-73.79113600020483,42.672430999755306],[-73.791069000257679,42.672398000280893]]},"properties":{"NAME":"Manning Blvd"}},{"type":"Feature","geometry":{"type":"LineString","coordinates":[[-73.750606999687051,42.680508999902194],[-73.750454000424483,42.680254000151947],[-73.749790999727352,42.67920900026607],[-73.749418000356769,42.678571999721584],[-73.749223000363102,42.67818800019063],[-73.749081999897783,42.677893999730031],[-73.748636999658856,42.677065999893472]]},"properties":{"NAME":"Loudonville Rd"}},{"type":"Feature","geometry":{"type":"LineString","coordinates":[[-73.767653000225479,42.655046000242912],[-73.767675999791692,42.654892999802613],[-73.767662000446322,42.654793000235522],[-73.76762300008825,42.654689000171594],[-73.767568999661592,42.654586000184615],[-73.767669000119,42.654594000208967],[-73.767803999838222,42.654597000300399],[-73.767925000212045,42.65458100025149],[-73.768022000296426,42.654562999695997]]},"properties":{"NAME":"Henry Johnson Blvd"}},{"type":"Feature","geometry":{"type":"LineString","coordinates":[[-73.768750000392572,42.65399799987231],[-73.76897999964801,42.653949000311094],[-73.769249999984766,42.653913999751396],[-73.769074000257675,42.653762999697086],[-73.768885999936685,42.653576999848113]]},"properties":{"NAME":"Henry Johnson Blvd"}},{"type":"Feature","geometry":{"type":"LineString","coordinates":[[-73.798068000113389,42.660812999844374],[-73.798853999935872,42.661228000223382],[-73.799475999726781,42.661579000239421],[-73.800341999915204,42.662131000185759],[-73.800546999954605,42.662246999905527],[-73.800753999643831,42.662344999784871]]},"properties":{"NAME":"Bower St"}},{"type":"Feature","geometry":{"type":"LineString","coordinates":[[-73.795436999936214,42.66745399985502],[-73.795566999632555,42.667407999801782],[-73.796057999902231,42.666931999866001],[-73.796697000309933,42.666338999733192],[-73.797417000010157,42.665653999862386],[-73.798048000021907,42.665062000171282],[-73.798742999607782,42.664419000044802],[-73.799402999931857,42.663805000212399],[-73.80010500008872,42.663138000224222],[-73.800855999751107,42.662398999962491],[-73.801422000363843,42.661725999928386],[-73.8018700000775,42.661163000076343],[-73.802099000406358,42.660826999970759],[-73.802543999746959,42.660175000177112],[-73.80302099977294,42.659340000217952],[-73.803343999813137,42.658761999789725],[-73.803697999815455,42.658155999809388],[-73.804116000290207,42.657558999714951],[-73.804175999666342,42.657448999745071],[-73.80420400015376,42.657393999687137],[-73.804194000108012,42.657354000034843]]},"properties":{"NAME":"S Manning Blvd"}},{"type":"Feature","geometry":{"type":"LineString","coordinates":[[-73.751612999617535,42.647593999689818],[-73.751631999884125,42.646951999678521],[-73.751645000302915,42.64640899991889],[-73.751671000242169,42.64634999979701],[-73.751882999954276,42.645897000267361],[-73.751954999924308,42.645817000023762]]},"properties":{"NAME":"Dallius St"}},{"type":"Feature","geometry":{"type":"LineString","coordinates":[[-73.795970000038679,42.666880999821828],[-73.796057999902231,42.666931999866001]]},"properties":{"NAME":null}},{"type":"Feature","geometry":{"type":"LineString","coordinates":[[-73.784766999637654,42.67100000008967],[-73.786336999632766,42.671862999892987]]},"properties":{"NAME":"Kent St"}},{"type":"Feature","geometry":{"type":"LineString","coordinates":[[-73.777296999603749,42.673346000178704],[-73.776839999669264,42.673840000135328],[-73.776549000314446,42.674176999854069],[-73.775864999700914,42.674924000169042],[-73.775605000308232,42.675192000272013],[-73.775524000117372,42.675340999967368],[-73.7753779996292,42.675741999722206],[-73.775326999575569,42.675834000007598],[-73.775160999894211,42.676038000269394]]},"properties":{"NAME":"Manning Blvd Exd"}},{"type":"Feature","geometry":{"type":"LineString","coordinates":[[-73.790470999857874,42.654489999812249],[-73.790251999574778,42.654914999923669],[-73.790188000000668,42.655013999711294],[-73.790110000182864,42.655090999951014],[-73.789548999592995,42.655590000154533],[-73.788801000303664,42.656309999812699]]},"properties":{"NAME":"Norwood Ave"}},{"type":"Feature","geometry":{"type":"LineString","coordinates":[[-73.792369999740941,42.661833999990726],[-73.792629000207043,42.661743000256472],[-73.79285400033794,42.661694000191964],[-73.793157000286641,42.661661000302018],[-73.793562000342604,42.661661000302018],[-73.793978000269206,42.661734999830671],[-73.794395999845648,42.661930999727801],[-73.795183000391305,42.662379000097879],[-73.795930999680635,42.662823000069395],[-73.796684999716049,42.663239999806457],[-73.79731699955272,42.663604999854961],[-73.797955999960408,42.663975000241614],[-73.798619999584119,42.664359999832605],[-73.798684000056554,42.664385000186854],[-73.798742999607782,42.664419000044802],[-73.799315000068304,42.664755999981999],[-73.800008000004354,42.665144000263972],[-73.800093000393161,42.665191000091163]]},"properties":{"NAME":"Mercer St"}},{"type":"Feature","geometry":{"type":"LineString","coordinates":[[-73.762780999858478,42.659844000188251],[-73.762966999631303,42.659806999970264],[-73.763402999649415,42.659390000329388],[-73.763923000231415,42.65906099982255],[-73.76447300005232,42.65872299988046]]},"properties":{"NAME":"Henry Johnson Blvd"}},{"type":"Feature","geometry":{"type":"LineString","coordinates":[[-73.76423700005077,42.665778000181525],[-73.766956000091469,42.667354000011791],[-73.768223000137866,42.668119999740483],[-73.76896600030264,42.668523999930912],[-73.771953000131944,42.670259000158318],[-73.777007999898743,42.673204999934704],[-73.777296999603749,42.673346000178704],[-73.777703000382942,42.673583000205404],[-73.778289000188863,42.674060000002008],[-73.77844900002242,42.674231000321171],[-73.77852900038836,42.674298999815228],[-73.779148999631161,42.674819000168483],[-73.779721999916617,42.675329000302106],[-73.780186000422091,42.675755999788784],[-73.781727999929785,42.677083999878036],[-73.781777000333591,42.677113999840728],[-73.781844000280742,42.677132999699488],[-73.781959999733402,42.677138999688452],[-73.782100000373788,42.677175000270459],[-73.782856000059027,42.677436000068923],[-73.783973000317587,42.677887999813962],[-73.784207999595921,42.678003999849551],[-73.7843759998254,42.678127999966975],[-73.78568600042783,42.67922700029029]]},"properties":{"NAME":"3rd St"}},{"type":"Feature","geometry":{"type":"LineString","coordinates":[[-73.788539000362846,42.653668999906856],[-73.787746999794294,42.653497999839857]]},"properties":{"NAME":"Ave A"}},{"type":"Feature","geometry":{"type":"LineString","coordinates":[[-73.812466999682812,42.656849000147353],[-73.812705000232498,42.657614999829086],[-73.813067999557347,42.658803000040557]]},"properties":{"NAME":"Ferndale Ave"}},{"type":"Feature","geometry":{"type":"LineString","coordinates":[[-73.751789000242951,42.641369000242491],[-73.752185999902991,42.640646999804176],[-73.752395000140353,42.640252999730968],[-73.752575999890325,42.639942999744392],[-73.752720999655281,42.639720999755717],[-73.752917000372165,42.63953799970524],[-73.753048999718331,42.639433000072451],[-73.753550999858675,42.639093000171655]]},"properties":{"NAME":null}},{"type":"Feature","geometry":{"type":"LineString","coordinates":[[-73.808771000023924,42.663227999786557],[-73.808781000069658,42.663197999726755],[-73.810195000429147,42.66187900007143],[-73.812428000223065,42.659745999669873]]},"properties":{"NAME":"Holmes Dale"}},{"type":"Feature","geometry":{"type":"LineString","coordinates":[[-73.801911999910288,42.669709999747937],[-73.802100000231277,42.669507999872053],[-73.802684000387359,42.668967000250788],[-73.805534999774252,42.666271000117213]]},"properties":{"NAME":"Holmes Dl"}},{"type":"Feature","geometry":{"type":"LineString","coordinates":[[-73.792929999607608,42.673884000170979],[-73.792882999751939,42.673938000232148],[-73.791272999573863,42.675443999915835]]},"properties":{"NAME":"Homestead Ave"}},{"type":"Feature","geometry":{"type":"LineString","coordinates":[[-73.800680000023988,42.664515000281604],[-73.800761000214848,42.664568999895515]]},"properties":{"NAME":null}},{"type":"Feature","geometry":{"type":"LineString","coordinates":[[-73.801312999685578,42.661675999713673],[-73.801371000310212,42.661701999962489],[-73.801422000363843,42.661725999928386]]},"properties":{"NAME":null}},{"type":"Feature","geometry":{"type":"LineString","coordinates":[[-73.75725699956331,42.647632000269077],[-73.757613999938684,42.647265999914943],[-73.758043000284076,42.646851000183048],[-73.75846699970829,42.646265999918924],[-73.758843000350254,42.645720999992065],[-73.759115000336791,42.645338000104999],[-73.759267999599359,42.645145999736663],[-73.759343999767353,42.645039000169049],[-73.759665999982644,42.644685999802562],[-73.759968000106426,42.64439200012869],[-73.760313999712835,42.644050000054463],[-73.760605999790883,42.643711000038252]]},"properties":{"NAME":"Philip St"}},{"type":"Feature","geometry":{"type":"LineString","coordinates":[[-73.771418000379654,42.645581999993411],[-73.77150000039542,42.645651999898426],[-73.771830999933229,42.646153999684856],[-73.771980999721052,42.646382000161246],[-73.77219300033147,42.64664999975713],[-73.772518000021478,42.647101000329229],[-73.77266899963422,42.647333999833108],[-73.772769000091657,42.647488999776861],[-73.773610000165704,42.648435999919904],[-73.774586999783864,42.649530000291477],[-73.774664999601669,42.649615999727224],[-73.775815000370514,42.650913000307192],[-73.776026000257716,42.651149999970961],[-73.776448000032104,42.65160700010162],[-73.777041000409028,42.652352000192444],[-73.777200000417693,42.652474000044251]]},"properties":{"NAME":"Holland Ave"}},{"type":"Feature","geometry":{"type":"LineString","coordinates":[[-73.751920999589117,42.65533999977324],[-73.751763000303669,42.65548499986577],[-73.75170999970193,42.655577999979506],[-73.751699999656168,42.655686999722668],[-73.751730999618331,42.655818999968055],[-73.751774000174322,42.655865000007772],[-73.752195999948725,42.656121999861959],[-73.75312599971123,42.656629999700911],[-73.753611999958039,42.656930000289002]]},"properties":{"NAME":"Ludlow Aly"}},{"type":"Feature","geometry":{"type":"LineString","coordinates":[[-73.801520000273129,42.656383999763918],[-73.800828000161999,42.657072000005442]]},"properties":{"NAME":"Onderdonk"}},{"type":"Feature","geometry":{"type":"LineString","coordinates":[[-73.751789000242951,42.641369000242491],[-73.751405999928309,42.64176599990639],[-73.751086000261154,42.642105999738689],[-73.750995000024574,42.642221000019433],[-73.75072899988578,42.642497999742574],[-73.750578000273038,42.64264399982077]]},"properties":{"NAME":null}},{"type":"Feature","geometry":{"type":"LineString","coordinates":[[-73.768892999609392,42.640065000145121],[-73.769665000086462,42.639995999725791]]},"properties":{"NAME":"Hunter St"}},{"type":"Feature","geometry":{"type":"LineString","coordinates":[[-73.752652000058319,42.674582000232093],[-73.752005999977939,42.675525000268351],[-73.751769999976361,42.675906000021065],[-73.751596999724029,42.676215999750049],[-73.751462999829698,42.67647000032256],[-73.751308999843928,42.676803000074983],[-73.751253999592336,42.677094999976113],[-73.751191999668066,42.67757100001274],[-73.751113000025327,42.678049000112516],[-73.751106000352664,42.678236999801953],[-73.75113800013969,42.678425000243401],[-73.751209000284817,42.678574999976874],[-73.751304999645967,42.678729999981442],[-73.75175599973268,42.679270999813781],[-73.751825000227967,42.679483999993572],[-73.751872999908528,42.679757999978804],[-73.751893999824929,42.679951000315739],[-73.751986999711363,42.680391000248854]]},"properties":{"NAME":"St Agnes Ln"}},{"type":"Feature","geometry":{"type":"LineString","coordinates":[[-73.779239999867755,42.671158999771492],[-73.779638000251026,42.671407999976267],[-73.779769999597178,42.671475999917142],[-73.779882999575094,42.671525000197484],[-73.780034000086133,42.671577999688935],[-73.780049000154762,42.671583000236815],[-73.780261999691774,42.671616000143899],[-73.780353999753274,42.671637000315833]]},"properties":{"NAME":"Manning Sq"}},{"type":"Feature","geometry":{"type":"LineString","coordinates":[[-73.757776000320391,42.649357999741852],[-73.757484000242343,42.649251000151075],[-73.755834999706209,42.648408000031111]]},"properties":{"NAME":null}},{"type":"Feature","geometry":{"type":"LineString","coordinates":[[-73.752898000105603,42.669880000141831],[-73.752067999902209,42.669397999905577],[-73.751735999641184,42.66923400026657],[-73.751517000256385,42.669154000317867],[-73.751369999943293,42.669113000287737],[-73.751145999637302,42.669079999712189],[-73.750779999939411,42.669060000015349],[-73.750555999633434,42.669076000301764],[-73.750266999928414,42.66912099976409],[-73.750016999683169,42.669190000241478],[-73.749911000276271,42.669232000236086],[-73.749301000180907,42.669503999828656],[-73.749235999883581,42.669530000106228],[-73.749123999730585,42.669574999900391],[-73.748948000003494,42.669635999804193]]},"properties":{"NAME":null}},{"type":"Feature","geometry":{"type":"LineString","coordinates":[[-73.775689999798729,42.659620999701254],[-73.776319999985574,42.660200000232429],[-73.776926999707911,42.660758000119522],[-73.777310999847472,42.661132999680675],[-73.777669999872657,42.661461999793637]]},"properties":{"NAME":"Elberon Pl"}},{"type":"Feature","geometry":{"type":"LineString","coordinates":[[-73.751442999738231,42.643216999867192],[-73.751506000385731,42.643129999739791],[-73.751872999908528,42.642423999789351],[-73.75195800029735,42.642208000118984],[-73.752042999787847,42.641964000213484]]},"properties":{"NAME":null}},{"type":"Feature","geometry":{"type":"LineString","coordinates":[[-73.751270000384167,42.644094000030265],[-73.751150999660183,42.64402200017382],[-73.751072999842364,42.643987999735366],[-73.750963000237519,42.643967000135525],[-73.750899999590018,42.643975000204179],[-73.75082699979508,42.644006000047533],[-73.750762000396065,42.644061000051344],[-73.750738999931542,42.644072000046279],[-73.750708999794298,42.644105999777985],[-73.750671000159471,42.644154000067296],[-73.750579000097972,42.644278000312831],[-73.750471000142923,42.644446999791256],[-73.750287999844815,42.644693999778809]]},"properties":{"NAME":null}},{"type":"Feature","geometry":{"type":"LineString","coordinates":[[-73.753035000372947,42.664890000302037],[-73.753035000372947,42.665242000200706],[-73.752907000326431,42.665338999905082],[-73.752337000414045,42.665723000224993],[-73.752262000070971,42.665741000192121],[-73.752212999667165,42.665741000192121],[-73.752144000070203,42.665732000209182],[-73.751848999619085,42.665552000277408],[-73.751747000410148,42.66547200021386],[-73.751716000448027,42.665405999803163],[-73.751716000448027,42.665295999843707],[-73.75176800032655,42.665219999770009],[-73.751894999649849,42.665109000060426]]},"properties":{"NAME":"Dudley Park"}},{"type":"Feature","geometry":{"type":"LineString","coordinates":[[-73.764719000099603,42.648753999990674],[-73.766002000039535,42.64946899982062],[-73.766875999725528,42.649941999673899]]},"properties":{"NAME":"Irving St"}},{"type":"Feature","geometry":{"type":"LineString","coordinates":[[-73.80932500004279,42.650211000110588],[-73.809699999961509,42.649665999728661],[-73.810014999605784,42.649275000297585]]},"properties":{"NAME":"Whitehall Ct"}},{"type":"Feature","geometry":{"type":"LineString","coordinates":[[-73.752446000193984,42.664721000220538],[-73.752626999943956,42.664790000297565],[-73.752867000143453,42.66486899983223],[-73.752938000288552,42.66488299970586],[-73.753035000372947,42.664890000302037]]},"properties":{"NAME":"Lark Dr"}},{"type":"Feature","geometry":{"type":"LineString","coordinates":[[-73.777643999933389,42.639106999900996],[-73.777741999842675,42.63965200027657],[-73.777961999950705,42.641023000177299],[-73.777997999935721,42.64130999996641],[-73.778026000423125,42.64156299997196],[-73.778054999837124,42.641712000313994],[-73.778165000340309,42.642469000039249]]},"properties":{"NAME":"Hurlbut St"}},{"type":"Feature","geometry":{"type":"LineString","coordinates":[[-73.765855999551349,42.64767000016441],[-73.766032000176764,42.64751500001092],[-73.766262000330528,42.647243999731174],[-73.766352999668797,42.647097999876209],[-73.766417999966151,42.647010999890185],[-73.766454999776059,42.646932999844829],[-73.766593999693242,42.646082000230173],[-73.766647000294995,42.645910999787311],[-73.766756999899854,42.645644000045429],[-73.766951000068616,42.64537199980564],[-73.767026000411676,42.645295000087806],[-73.767228000078035,42.645114999800583],[-73.767315000116682,42.645039000169049],[-73.767462000429774,42.644834999933892],[-73.767643000179746,42.644560000206873],[-73.767665999745958,42.644504000231215]]},"properties":{"NAME":"Dr Martin Luther King Jr Blvd"}},{"type":"Feature","geometry":{"type":"LineString","coordinates":[[-73.776273999954824,42.666020999743438],[-73.778228999914404,42.667137999722215],[-73.778427000281127,42.667246999677729],[-73.780747999938583,42.668576999999793],[-73.781895000334373,42.669269000129198],[-73.783010999869731,42.669907000266534],[-73.783042999656786,42.669915000301216],[-73.783214000259306,42.66996599983765]]},"properties":{"NAME":"Kent St"}},{"type":"Feature","geometry":{"type":"LineString","coordinates":[[-73.769948999768587,42.653707000078107],[-73.770528999726722,42.653141000131832],[-73.771134999624124,42.652579000131269],[-73.771758000138291,42.652016000045712]]},"properties":{"NAME":"Knox St"}},{"type":"Feature","geometry":{"type":"LineString","coordinates":[[-73.762529999788313,42.643995999801312],[-73.762169999938195,42.643864000233386]]},"properties":{"NAME":"Lincoln Park Rd"}},{"type":"Feature","geometry":{"type":"LineString","coordinates":[[-73.753638999722213,42.665558000063378],[-73.753242000062201,42.665358000060934],[-73.753035000372947,42.665242000200706]]},"properties":{"NAME":"Pieter Schuyler Ct W"}},{"type":"Feature","geometry":{"type":"LineString","coordinates":[[-73.773014000314035,42.651302000066153],[-73.773051999948862,42.651442000138132],[-73.77311100039843,42.651561999854657]]},"properties":{"NAME":null}},{"type":"Feature","geometry":{"type":"LineString","coordinates":[[-73.771907999926114,42.641907000089546],[-73.772214000247871,42.641821999703389],[-73.77231800000493,42.641788999840905],[-73.772512000173691,42.641729999963097],[-73.772651999915766,42.641654999959194],[-73.772702000144491,42.641686000297774],[-73.772739999779333,42.641697000051813],[-73.77337599981395,42.641661000068559],[-73.774859999595336,42.641555000253923],[-73.775805000324766,42.641490999829578],[-73.776918000385379,42.641399000260662],[-73.777997999935721,42.64130999996641]]},"properties":{"NAME":"Garden St"}},{"type":"Feature","geometry":{"type":"LineString","coordinates":[[-73.76658399964748,42.656179999738676],[-73.765955000183865,42.656413000247547],[-73.765937999567115,42.656452000284247],[-73.765950999985904,42.656487000076204],[-73.765976999925172,42.656526000066492],[-73.766043000047404,42.65656500003238],[-73.766418999791043,42.656671000036241]]},"properties":{"NAME":"Henry Johnson Blvd"}},{"type":"Feature","geometry":{"type":"LineString","coordinates":[[-73.768567999919384,42.658210999853935],[-73.768602000254575,42.658110000143139],[-73.768628000193814,42.658012999730026],[-73.768614999775025,42.657882999913078]]},"properties":{"NAME":"Washington Park Rd"}},{"type":"Feature","geometry":{"type":"LineString","coordinates":[[-73.793004000125762,42.660715000192667],[-73.793129999624142,42.660767000161876],[-73.793538000053132,42.660789999677078],[-73.79392999969032,42.660847999824092],[-73.794188000331488,42.660904999767794],[-73.794445000249425,42.66098400027559],[-73.794759000068808,42.661111999923598],[-73.795075000436285,42.661279999763558]]},"properties":{"NAME":"Bancker St"}},{"type":"Feature","geometry":{"type":"LineString","coordinates":[[-73.762625000222855,42.650758000306311],[-73.763734999910426,42.651372999783383],[-73.764779000374062,42.651994000220526],[-73.76607999985734,42.652724999674547],[-73.766905999862757,42.653214000277657]]},"properties":{"NAME":"Hamilton St"}},{"type":"Feature","geometry":{"type":"LineString","coordinates":[[-73.775227999841363,42.649326000247868],[-73.774159999986608,42.648133999935062]]},"properties":{"NAME":"Yale Ct"}},{"type":"Feature","geometry":{"type":"LineString","coordinates":[[-73.810936000045771,42.6755079997465],[-73.811088000381744,42.675515999720702],[-73.811191000313897,42.675506999832201],[-73.811243000192434,42.675494000284502],[-73.811289000223198,42.6754740000098],[-73.811343999576465,42.675440000254454],[-73.811392000155351,42.675395000083448],[-73.811858000310664,42.674896000318313],[-73.812023000167116,42.674650000002558],[-73.81213000029723,42.674460000166079],[-73.812294000328762,42.674149000327255],[-73.812510000238831,42.673679000159659],[-73.812759999585779,42.673145000183538]]},"properties":{"NAME":"State Campus Rd"}},{"type":"Feature","geometry":{"type":"LineString","coordinates":[[-73.753328000275914,42.646700999877396],[-73.753530999767193,42.646840999733449],[-73.753760999920942,42.646990999701515],[-73.754067000242699,42.647152999789391]]},"properties":{"NAME":null}},{"type":"Feature","geometry":{"type":"LineString","coordinates":[[-73.80016799983791,42.655849999854908],[-73.80035500033398,42.655643000019083],[-73.800915000200618,42.655084000233458],[-73.801614999809374,42.654457000062969],[-73.802207000361406,42.653880000094908],[-73.803416999608061,42.652746000282058],[-73.803589000035515,42.652609000029209]]},"properties":{"NAME":"Weis Rd"}},{"type":"Feature","geometry":{"type":"LineString","coordinates":[[-73.800753999643831,42.662344999784871],[-73.800809999720329,42.662379000097879],[-73.800855999751107,42.662398999962491],[-73.801588999870106,42.662749999973506],[-73.801690000152448,42.662785000184023],[-73.801798000107482,42.662799999985097],[-73.801889000344076,42.662804999917967],[-73.801909000435558,42.662852000192302],[-73.801942999872423,42.662891000153998],[-73.802007000344844,42.662945999973779],[-73.802097999683141,42.663007999892365],[-73.802223000254912,42.663081999799566],[-73.802270000110582,42.663115000256461],[-73.802707999778505,42.663388000301566]]},"properties":{"NAME":"Woodlawn Ave"}},{"type":"Feature","geometry":{"type":"LineString","coordinates":[[-73.755755000238594,42.650942000038562],[-73.756018000004303,42.651105999700235]]},"properties":{"NAME":"State St"}},{"type":"Feature","geometry":{"type":"LineString","coordinates":[[-73.810799999603333,42.651671000029644],[-73.810639999769748,42.65192499981746],[-73.810531999814728,42.652075999709496],[-73.810156999895995,42.652431999959802],[-73.809638999862145,42.65286699974321],[-73.809478000203669,42.652978000166634],[-73.809397000012822,42.652997000135976],[-73.80932599986771,42.653004000088387],[-73.809226000308584,42.652997000135976],[-73.809028999766781,42.652964000255125],[-73.808304999868596,42.652767000221786]]},"properties":{"NAME":"Gingerbread Ln"}},{"type":"Feature","geometry":{"type":"LineString","coordinates":[[-73.77112499957839,42.641981999789628],[-73.771266000043695,42.641996000190588],[-73.77151799993878,42.641990999906142],[-73.771702999886713,42.64196800004629],[-73.771774000031812,42.641952000052619],[-73.771907999926114,42.641907000089546]]},"properties":{"NAME":"Bucci-Mctague Dr"}},{"type":"Feature","geometry":{"type":"LineString","coordinates":[[-73.817450000377889,42.674639000132146],[-73.817002999590841,42.675073999767775]]},"properties":{"NAME":"Cambridge Rd"}},{"type":"Feature","geometry":{"type":"LineString","coordinates":[[-73.771913999773901,42.656874000218636],[-73.771774000031812,42.656971999978367],[-73.771675000297606,42.657102999928334],[-73.771589000083893,42.657461999763662],[-73.771549999725821,42.657565999814572],[-73.771505000418287,42.657656999716451],[-73.771401999587823,42.657805999827247],[-73.771220999837851,42.657954000044981],[-73.770870000208575,42.658355999858429],[-73.770546000343472,42.658703000154709],[-73.770486000069027,42.658756000008523],[-73.770425999794554,42.658782000157125]]},"properties":{"NAME":"Washington Park Rd"}},{"type":"Feature","geometry":{"type":"LineString","coordinates":[[-73.80749800012974,42.671474999937978],[-73.807976999805533,42.671018999836292],[-73.808995000329901,42.670095000149026],[-73.809282000385082,42.669804999733984],[-73.809700999786429,42.669453999924848]]},"properties":{"NAME":"Tampa Ave"}},{"type":"Feature","geometry":{"type":"LineString","coordinates":[[-73.7520539996585,42.643853999964335],[-73.752030000267368,42.643519999702896],[-73.752017999673484,42.6433439999714],[-73.752036000115154,42.64292299985906],[-73.752089999643516,42.642487999914771],[-73.752144999895094,42.642330000043295],[-73.752185000078072,42.642249999838313],[-73.752247000002356,42.642121999692755],[-73.752339000063856,42.64195100025934]]},"properties":{"NAME":null}},{"type":"Feature","geometry":{"type":"LineString","coordinates":[[-73.7557710001321,42.674258999811045],[-73.755674999872639,42.674268999814508],[-73.755165000234712,42.674458000303751],[-73.755068999975236,42.674471999999128],[-73.754966000043069,42.674481999968322],[-73.754823999752844,42.674458000303751],[-73.75466899994214,42.674411000218306],[-73.754269999733978,42.674231000321171]]},"properties":{"NAME":"Kerry Ln"}},{"type":"Feature","geometry":{"type":"LineString","coordinates":[[-73.815460000258241,42.659123000312228],[-73.815287999830787,42.659241000050457],[-73.815240000150212,42.659253999694393],[-73.815194999944367,42.659249000136583],[-73.815149999738523,42.659231999787217]]},"properties":{"NAME":"Krum Kill Ct E"}},{"type":"Feature","geometry":{"type":"LineString","coordinates":[[-73.786088999935643,42.653004999704031],[-73.786328000310249,42.650566000148999],[-73.786518000281035,42.648739000104911],[-73.786519000105955,42.648529999690361]]},"properties":{"NAME":"Lawnridge Ave"}},{"type":"Feature","geometry":{"type":"LineString","coordinates":[[-73.753430000383162,42.65320200030483],[-73.753479999713562,42.653272999835146],[-73.753530999767193,42.653301000176661],[-73.754032000082617,42.653576999848113],[-73.75419699993904,42.653660999763517],[-73.755012999898739,42.654116999684227],[-73.755409999558765,42.654322000125362]]},"properties":{"NAME":"Columbia St"}},{"type":"Feature","geometry":{"type":"LineString","coordinates":[[-73.774109999757883,42.662295000067957],[-73.774535999730233,42.662518999675378],[-73.775782999685163,42.663221000324398],[-73.77668599968348,42.663767999709293],[-73.77791400027013,42.664465000328128]]},"properties":{"NAME":"Spring St"}},{"type":"Feature","geometry":{"type":"LineString","coordinates":[[-73.773610000165704,42.648435999919904],[-73.774159999986608,42.648133999935062],[-73.776017999861793,42.647268999699143]]},"properties":{"NAME":"Cornell Dr"}},{"type":"Feature","geometry":{"type":"LineString","coordinates":[[-73.760190999689172,42.656431999828072],[-73.761107999931212,42.655559999712587],[-73.7611349996954,42.655531999727536],[-73.761169999855483,42.655498999870453],[-73.761634000360999,42.655059000103229],[-73.762094999595121,42.654615000185373],[-73.762636999918442,42.654075000048685],[-73.763214000401831,42.653536999722689],[-73.763671000336331,42.653076999734381],[-73.764165000080737,42.652600999749509],[-73.764779000374062,42.651994000220526],[-73.765144000247048,42.651636000170072],[-73.765547999579766,42.651244000264931],[-73.765986000146,42.650823000097944],[-73.766226000345512,42.650604999888238],[-73.766454999776059,42.650397999772878],[-73.766875999725528,42.649941999673899],[-73.767331999835122,42.649530000291477],[-73.767746999936804,42.649110999772468],[-73.767998999831889,42.648883000048315]]},"properties":{"NAME":"Dove St"}},{"type":"Feature","geometry":{"type":"LineString","coordinates":[[-73.752236999956608,42.649438000056662],[-73.752137000397482,42.649559000006931],[-73.751298999798195,42.650333999856358],[-73.750975999758012,42.650660000004137],[-73.750521000371634,42.651313000102078],[-73.750021999706036,42.65203400001699]]},"properties":{"NAME":"James St"}},{"type":"Feature","geometry":{"type":"LineString","coordinates":[[-73.757309000340157,42.66411400009099],[-73.75725699956331,42.664211000234239],[-73.757218999928469,42.664288000315089],[-73.757165000400121,42.664356000118495],[-73.756111999715657,42.665427000091569]]},"properties":{"NAME":null}},{"type":"Feature","geometry":{"type":"LineString","coordinates":[[-73.752898000105603,42.669880000141831],[-73.753192999658381,42.670048000066586],[-73.753640000445458,42.670289000113165],[-73.753772999616515,42.670369999919046],[-73.753996000097601,42.670496000067722],[-73.754033999732428,42.670520999935832],[-73.754078999938272,42.670549999770174],[-73.754514000131451,42.670802999732807],[-73.754936999730759,42.67108200027544],[-73.755305999801706,42.671384999765742]]},"properties":{"NAME":null}},{"type":"Feature","geometry":{"type":"LineString","coordinates":[[-73.757071999615377,42.669660000009834],[-73.758245999775355,42.668564000323549],[-73.758280000110545,42.668506000109083],[-73.758302999676758,42.668363000055258],[-73.758291999806119,42.668273000000539],[-73.758269000239892,42.668215000175081],[-73.758155000437085,42.668132000137113],[-73.757726999916585,42.667883000018875],[-73.757330000256545,42.667680000110181],[-73.757285000050715,42.667654999759947]]},"properties":{"NAME":"Park Rd"}},{"type":"Feature","geometry":{"type":"LineString","coordinates":[[-73.80722699996808,42.672214999935584],[-73.806539999879817,42.672586999855405],[-73.805444000435983,42.673305000271903],[-73.804820000096896,42.673701000238374]]},"properties":{"NAME":null}},{"type":"Feature","geometry":{"type":"LineString","coordinates":[[-73.78521199987658,42.664399000169482],[-73.785033999601353,42.664581999746602],[-73.784619000397967,42.664953999771335],[-73.78409499961802,42.665457999812304]]},"properties":{"NAME":"Erie St"}},{"type":"Feature","geometry":{"type":"LineString","coordinates":[[-73.797939000241968,42.665014000163453],[-73.798048000021907,42.665062000171282]]},"properties":{"NAME":null}},{"type":"Feature","geometry":{"type":"LineString","coordinates":[[-73.752863999770426,42.643679000282454],[-73.753294999765629,42.643853999964335],[-73.754140000037651,42.644132999862698]]},"properties":{"NAME":"S Lansing St"}},{"type":"Feature","geometry":{"type":"LineString","coordinates":[[-73.807678000054793,42.660357000138688],[-73.808071000415183,42.66055900002398],[-73.808182999669867,42.660655000275703]]},"properties":{"NAME":"Greenway N"}},{"type":"Feature","geometry":{"type":"LineString","coordinates":[[-73.763062999890778,42.663954000123297],[-73.762364000106956,42.664608000101232],[-73.76196700044693,42.665010999914017],[-73.761589000155155,42.665394000201346],[-73.760724999616571,42.666211000277755],[-73.759905000357236,42.666953999690818],[-73.75933100024686,42.66751099968706],[-73.759147000123846,42.667676999989432],[-73.759091999872268,42.667708999948999],[-73.759055000062361,42.667721999804058]]},"properties":{"NAME":"Thornton St"}},{"type":"Feature","geometry":{"type":"LineString","coordinates":[[-73.75073200025885,42.64214099967424],[-73.750589000143705,42.642251000287551],[-73.750485000386647,42.642336999874658],[-73.750326000377953,42.642454999744729],[-73.750072999759666,42.642675000327344],[-73.749947000261287,42.642796999996712],[-73.749842999605917,42.642928999846148],[-73.749580999665071,42.64332300015419],[-73.749536000357551,42.643455000209222],[-73.749462999664303,42.643623999940928],[-73.749442999572821,42.643671999941326],[-73.749420000006594,42.643725000050189],[-73.749379999823617,42.64379599982599],[-73.749293999609904,42.643984999792984],[-73.749275000241639,42.64401900023303],[-73.749251999777101,42.644107999956006],[-73.749148000020028,42.644351000288523],[-73.748542000122626,42.645609000098268],[-73.748348999778784,42.646073000044716],[-73.748281000006713,42.646251999818105],[-73.748239000173925,42.646486000240159],[-73.748122999822968,42.647883000278092],[-73.747983000080879,42.648864999825825],[-73.747910000285955,42.649188999729688],[-73.747700000223659,42.649824999796387]]},"properties":{"NAME":"Quay St"}},{"type":"Feature","geometry":{"type":"LineString","coordinates":[[-73.803108999636493,42.670079000124922],[-73.804968000234908,42.668324000223684],[-73.806166999610923,42.667218000283924],[-73.806558000321488,42.666838000166514],[-73.806960999829315,42.666443000128773],[-73.807143000302503,42.666253999706171],[-73.80725999958004,42.666095000027539],[-73.807284999694403,42.66601199980105],[-73.80738400032692,42.665773999898093],[-73.807420000311936,42.665633000311225],[-73.807477000213353,42.665475999856163],[-73.807602999711733,42.665223000009355],[-73.807821999994843,42.664959000191544],[-73.808000000270084,42.664805000275479],[-73.808177999647,42.664675000126621],[-73.808549000266069,42.664499000142328]]},"properties":{"NAME":"Colonial Ave"}},{"type":"Feature","geometry":{"type":"LineString","coordinates":[[-73.753570999950156,42.654455000217702],[-73.75312499988631,42.654859000020721],[-73.752934999915524,42.655037000033111]]},"properties":{"NAME":"Theatre Row"}},{"type":"Feature","geometry":{"type":"LineString","coordinates":[[-73.804194000108012,42.657354000034843],[-73.805232999650457,42.65592699972018],[-73.805514999682757,42.655567000037237],[-73.805944999853082,42.654978999750973],[-73.806096000364136,42.654761000234394],[-73.806164000136206,42.654671000308042],[-73.806210999991848,42.654576999908237],[-73.806378000396435,42.654170000143445],[-73.806494999673987,42.65389899978868],[-73.806699999713402,42.653445000129324],[-73.806761999637686,42.653250000182268],[-73.806831999957865,42.653054000009007],[-73.806924000019379,42.652854999703436],[-73.807132000431835,42.65253900002466],[-73.807281000394752,42.652352000192444],[-73.807661000336353,42.651933000184108],[-73.807893999964861,42.651687999803315],[-73.80833500000584,42.651272000198482],[-73.808639999604338,42.650974000022615],[-73.809013999698166,42.650564000178619],[-73.80932500004279,42.650211000110588]]},"properties":{"NAME":"S Manning Blvd"}},{"type":"Feature","geometry":{"type":"LineString","coordinates":[[-73.778336999869438,42.645424000050319],[-73.779102999600411,42.646289999895693],[-73.779530000295978,42.64677299993712],[-73.780035999735972,42.647326999903264]]},"properties":{"NAME":"Samaritan Rd"}},{"type":"Feature","geometry":{"type":"LineString","coordinates":[[-73.781561000423537,42.639384000271306],[-73.78182500001418,42.64104300030224]]},"properties":{"NAME":"Stanwix St"}},{"type":"Feature","geometry":{"type":"LineString","coordinates":[[-73.755539000328525,42.651135000002284],[-73.755875999714092,42.651105999700235],[-73.756018000004303,42.651105999700235]]},"properties":{"NAME":"State St"}},{"type":"Feature","geometry":{"type":"LineString","coordinates":[[-73.756116999738509,42.666067000162499],[-73.755922999569762,42.665955999983588],[-73.755877000437323,42.665926999987512]]},"properties":{"NAME":"Manning Blvd N"}},{"type":"Feature","geometry":{"type":"LineString","coordinates":[[-73.75401000034131,42.66456199992372],[-73.752749999967591,42.662918000011558],[-73.752550999775963,42.662686999677042],[-73.752310999576451,42.662456999929681],[-73.752185000078072,42.662349000288955],[-73.752083999795715,42.662275000169942],[-73.751128000093956,42.661714000276874],[-73.750722000213088,42.661473000014276],[-73.750579000097972,42.661367000269074],[-73.750435999982827,42.66124600017077],[-73.750223000445814,42.660998999850577],[-73.750163999996275,42.660913999788917],[-73.750101000247071,42.660785999733292],[-73.750035000124839,42.660587999881685],[-73.750003000337784,42.660442000301195],[-73.749999999964743,42.66020899969498],[-73.750118999790416,42.6597109997304],[-73.750328000027793,42.658887000163936]]},"properties":{"NAME":"N Manning Blvd"}},{"type":"Feature","geometry":{"type":"LineString","coordinates":[[-73.762780999858478,42.659844000188251],[-73.762179000159037,42.660405999935655],[-73.761562000390967,42.660940999844421]]},"properties":{"NAME":"Henry Johnson Blvd"}},{"type":"Feature","geometry":{"type":"LineString","coordinates":[[-73.804701000271208,42.670592000166842],[-73.804670000309073,42.670621999960971],[-73.804634000324057,42.670668000277729],[-73.80429500039034,42.670993000181568],[-73.802730000418109,42.672458000092782],[-73.802681999839223,42.672502999748531],[-73.802641999656245,42.672547000070267],[-73.802270999935487,42.672909999719728],[-73.801213999951386,42.673894000234732],[-73.799260999641632,42.675758000269738],[-73.798754000376746,42.676213000041301],[-73.798074999786081,42.676864000149607]]},"properties":{"NAME":"Clermont St"}},{"type":"Feature","geometry":{"type":"LineString","coordinates":[[-73.750897999940193,42.664016999796388],[-73.752446000193984,42.664721000220538]]},"properties":{"NAME":"Lark Dr"}},{"type":"Feature","geometry":{"type":"LineString","coordinates":[[-73.794044000391438,42.648176000278909],[-73.796713000203454,42.645676000112054]]},"properties":{"NAME":"Ramsey Pl"}},{"type":"Feature","geometry":{"type":"LineString","coordinates":[[-73.794593000387451,42.659252000003448],[-73.794585999816434,42.659145000258022],[-73.795564000157839,42.658265000318856],[-73.7963719997216,42.657490000201008],[-73.797228999689167,42.656702000159051],[-73.798509999979274,42.655480000004879],[-73.798693000277382,42.655333000083708],[-73.799320999916091,42.654986000141029],[-73.799453999985488,42.654892000217366],[-73.799732999644746,42.65463499990463],[-73.800081999624197,42.654312999810784],[-73.800476999634412,42.653916999875683],[-73.801268000378045,42.653021000158404],[-73.801735000358292,42.652502000084773],[-73.801810999627946,42.65234799970581],[-73.801964999613745,42.651967000244291],[-73.802084000337729,42.651740999689757],[-73.802161000330642,42.651627999765218],[-73.802835000000101,42.65093600016359],[-73.803072999651476,42.650694999752211],[-73.803513999692441,42.650269000214365],[-73.804261999880069,42.649548000321538],[-73.805096000281424,42.648684999957617]]},"properties":{"NAME":"S Main Ave"}},{"type":"Feature","geometry":{"type":"LineString","coordinates":[[-73.795712000295822,42.660662000026797],[-73.797303000207336,42.661536000219741],[-73.798550999987143,42.662267999939843],[-73.79867099963775,42.66234999975439],[-73.799104000181117,42.662623999977328],[-73.799982999890005,42.663076999888915],[-73.80010500008872,42.663138000224222],[-73.80116200007285,42.66372700009007],[-73.801374999609848,42.663865999833398],[-73.80146099982359,42.663916000268578],[-73.801861999681577,42.664189000099249],[-73.802226999554563,42.664414999673916],[-73.802388999936269,42.664508999734444],[-73.802405999654709,42.664544999705889]]},"properties":{"NAME":"Cortland St"}},{"type":"Feature","geometry":{"type":"LineString","coordinates":[[-73.817381999707536,42.673184000292579],[-73.816394000218693,42.672615000085955],[-73.816280000415887,42.672535999827623],[-73.815435000143879,42.672035000282939],[-73.814585999673909,42.671516999709532]]},"properties":{"NAME":"Cortland St"}},{"type":"Feature","geometry":{"type":"LineString","coordinates":[[-73.816461000165845,42.653787000084598],[-73.816563000273092,42.653838000299309],[-73.81668200009878,42.653913000150411],[-73.816857999825885,42.654027999746454],[-73.816923999948116,42.654045999796118],[-73.81712499978957,42.654052000031712],[-73.817437999784019,42.653944999927241]]},"properties":{"NAME":"Governor Cir"}},{"type":"Feature","geometry":{"type":"LineString","coordinates":[[-73.794013000429302,42.65408600025485],[-73.794863999650772,42.652745000001602],[-73.795405000149174,42.65192800003765],[-73.796940999809095,42.649540999980104]]},"properties":{"NAME":"Hollywood Ave"}},{"type":"Feature","geometry":{"type":"LineString","coordinates":[[-73.788768999618284,42.672251000067739],[-73.788706999694028,42.672300999703019],[-73.787597999831377,42.673337999925153],[-73.787439999647631,42.673478999867456],[-73.787015000398512,42.673987999831141],[-73.786575000182438,42.674572000278992]]},"properties":{"NAME":"McKinley St"}},{"type":"Feature","geometry":{"type":"LineString","coordinates":[[-73.771548999900915,42.65516199996744],[-73.771619000221122,42.655180999930167],[-73.771722999978195,42.655180999930167],[-73.771791999575157,42.655168999676221],[-73.771861999895364,42.655130000156184]]},"properties":{"NAME":"Washington Park Rd"}},{"type":"Feature","geometry":{"type":"LineString","coordinates":[[-73.76393599975188,42.646432999840471],[-73.764170000103604,42.646907999741863],[-73.764328000287364,42.647165999978014],[-73.764451000310999,42.647268999699143],[-73.764556999717911,42.647333999833108],[-73.764697000358296,42.647373999983451],[-73.764873000085387,42.647398999899188],[-73.765241000331429,42.647373999983451],[-73.765433999776974,42.647333999833108],[-73.765592999785611,42.647281999863488],[-73.765890999711445,42.647106000202982],[-73.765977999750078,42.646973000253034],[-73.76603300000167,42.646851000183048]]},"properties":{"NAME":"Lincoln Park Rd"}},{"type":"Feature","geometry":{"type":"LineString","coordinates":[[-73.766417999966151,42.647010999890185],[-73.766301999615195,42.646944999705703],[-73.76603300000167,42.646851000183048]]},"properties":{"NAME":"Lincoln Park Rd"}},{"type":"Feature","geometry":{"type":"LineString","coordinates":[[-73.80174299985589,42.661114000215335],[-73.8018700000775,42.661163000076343]]},"properties":{"NAME":null}},{"type":"Feature","geometry":{"type":"LineString","coordinates":[[-73.807684999727499,42.674615999796394],[-73.807934000147824,42.674575000066952],[-73.808035000430166,42.674538000030211],[-73.808134000164387,42.674455999780903],[-73.808187999692734,42.674375999948893],[-73.808196000088657,42.674258999811045],[-73.808160000103641,42.674167999771655],[-73.808092000331584,42.674091999977783],[-73.807975000155707,42.673982000198414]]},"properties":{"NAME":null}},{"type":"Feature","geometry":{"type":"LineString","coordinates":[[-73.773077000063225,42.659702000195772],[-73.772994000222553,42.659639000113913]]},"properties":{"NAME":null}},{"type":"Feature","geometry":{"type":"LineString","coordinates":[[-73.807874999698285,42.653705000208774],[-73.808099999829182,42.653055999899273],[-73.808304999868596,42.652767000221786],[-73.808437000113074,42.652605000219815],[-73.808781999894578,42.652260999795104],[-73.809064999751797,42.651951000179409],[-73.809243999851944,42.651789000034093],[-73.809663999976493,42.651401000319581],[-73.809709000182337,42.65136800025261],[-73.809817000137386,42.651348999785668],[-73.809896999605002,42.651350000088584],[-73.809985000366865,42.651363000060776],[-73.810182000010357,42.651427999880859],[-73.810799999603333,42.651671000029644],[-73.812100999984921,42.652134000056265]]},"properties":{"NAME":"John David Ln"}},{"type":"Feature","geometry":{"type":"LineString","coordinates":[[-73.804536000414785,42.675364000034797],[-73.804785999761705,42.675067000318514],[-73.804909999610274,42.674884999831036],[-73.805179000122109,42.67456699997161],[-73.80560300044462,42.674025000195392],[-73.805677000064478,42.673920999936676],[-73.805816999806552,42.673770000254592],[-73.80641000018349,42.673202000080614],[-73.80672499982775,42.672888999977914]]},"properties":{"NAME":null}},{"type":"Feature","geometry":{"type":"LineString","coordinates":[[-73.817002999590841,42.675073999767775],[-73.816995000093229,42.675142000320761],[-73.816956999560077,42.675214999734123],[-73.816903000031715,42.675289000300424],[-73.816078999676122,42.676157000167883],[-73.814900000391589,42.677358999764152],[-73.81482699969834,42.677390000138473],[-73.814716000268575,42.67739899975426],[-73.814675000260678,42.677392999790399],[-73.814635000077715,42.677379999976786],[-73.814594000069832,42.677358999764152],[-73.814564999757494,42.677322999949126],[-73.814564999757494,42.677253999915251],[-73.814580999651042,42.677214999718622],[-73.814609999963352,42.677164000186551],[-73.815247999647809,42.676576999969519],[-73.815873999636707,42.675958999739166],[-73.816189000179278,42.675655000181308],[-73.816646999938683,42.675302999808594],[-73.817002999590841,42.675073999767775]]},"properties":{"NAME":"Cambridge Rd"}},{"type":"Feature","geometry":{"type":"LineString","coordinates":[[-73.776839999669264,42.673840000135328],[-73.776694000079402,42.673926000295985],[-73.776636000353079,42.673946999687438],[-73.776475999621198,42.673974000026732],[-73.776338000427245,42.673968999671281],[-73.776190000289233,42.673952999983975]]},"properties":{"NAME":null}},{"type":"Feature","geometry":{"type":"LineString","coordinates":[[-73.75921099969797,42.675667999695335],[-73.759784999808318,42.675421999793684],[-73.759916000227889,42.675380000019203],[-73.760009999939214,42.675380000019203],[-73.760090000305155,42.675389999842274],[-73.760169999772785,42.675421999793684],[-73.760256999811418,42.675518000209429],[-73.760839000317702,42.676370999695024]]},"properties":{"NAME":"Rosemary Cir"}},{"type":"Feature","geometry":{"type":"LineString","coordinates":[[-73.814799999934152,42.660324000199687],[-73.815196999594178,42.660576000010536]]},"properties":{"NAME":"Milner Ct W"}},{"type":"Feature","geometry":{"type":"LineString","coordinates":[[-73.80289399955133,42.659296999971069],[-73.802953999825803,42.659317999680567],[-73.80302099977294,42.659340000217952],[-73.80341400013333,42.659447999800527],[-73.803809000143545,42.659593000223481],[-73.804195999757837,42.659765999720825],[-73.804367000360372,42.659876000216236]]},"properties":{"NAME":"Freeman Rd"}},{"type":"Feature","geometry":{"type":"LineString","coordinates":[[-73.753530999767193,42.653301000176661],[-73.754032000082617,42.653576999848113],[-73.75419699993904,42.653660999763517]]},"properties":{"NAME":"Spruce St"}},{"type":"Feature","geometry":{"type":"LineString","coordinates":[[-73.754661000444543,42.653168999872072],[-73.754366999818359,42.653467000101934]]},"properties":{"NAME":"Academy Park"}},{"type":"Feature","geometry":{"type":"LineString","coordinates":[[-73.752448999668701,42.64203500001657],[-73.753072000182883,42.642208000118984],[-73.754073000090486,42.642488999699367],[-73.755397000038286,42.642854999744799],[-73.756137999654911,42.643054000326472]]},"properties":{"NAME":"S Ferry St"}},{"type":"Feature","geometry":{"type":"LineString","coordinates":[[-73.765206000171318,42.648286000132572],[-73.767331999835122,42.649530000291477],[-73.768642000437538,42.650248000091928],[-73.769527999819104,42.65075100010106],[-73.770296000098213,42.651189000004742],[-73.770395999657325,42.651244999908812],[-73.771758000138291,42.652016000045712],[-73.771911000299156,42.652103999929203],[-73.772723000060878,42.652582999942325],[-73.773858999687732,42.653272000223865],[-73.774077999970842,42.653389000224067],[-73.775976000029004,42.654502000197226],[-73.777479999901857,42.655348999939193],[-73.777831000429458,42.655551000237843],[-73.779177999943485,42.656327999862519],[-73.781628000370688,42.657718000084287],[-73.783798000415416,42.658949000166473],[-73.785944999995579,42.660180000321134],[-73.787665999603433,42.661164000221397],[-73.788264000003238,42.66151899983506],[-73.790685999943051,42.662915000321568],[-73.791374999681111,42.663302000092436],[-73.792367000266225,42.66386800003653],[-73.793922000192708,42.664734000039871],[-73.795277999927563,42.665518999793029],[-73.796050000404634,42.665967000069649],[-73.796238999652203,42.666076000096886],[-73.796609000446381,42.666291000050848],[-73.796646000256303,42.666308999853506],[-73.796697000309933,42.666338999733192],[-73.797105999665533,42.666582999802216],[-73.797589000437597,42.666850000150149],[-73.797946999739565,42.667072999809214],[-73.798017000059772,42.667115999962512]]},"properties":{"NAME":"Myrtle Ave"}},{"type":"Feature","geometry":{"type":"LineString","coordinates":[[-73.758125000299842,42.655141000175739],[-73.758905000274524,42.654389000003761],[-73.758954999604924,42.654317000170998],[-73.758982000267423,42.654273000158732],[-73.759132999880165,42.65399799987231],[-73.759333999721619,42.653787999687616],[-73.759624999974747,42.653549000291562],[-73.759954999687636,42.65333399987869]]},"properties":{"NAME":"S Swan St"}},{"type":"Feature","geometry":{"type":"LineString","coordinates":[[-73.793663999551526,42.679225999775426],[-73.794357000385887,42.679763999714311]]},"properties":{"NAME":"Roseland St"}},{"type":"Feature","geometry":{"type":"LineString","coordinates":[[-73.755242000227597,42.647409999964616],[-73.754771000049402,42.6471549998694],[-73.754370000191415,42.646888000180795],[-73.753897000363395,42.646557999887918],[-73.753678000080285,42.646420000159416]]},"properties":{"NAME":null}},{"type":"Feature","geometry":{"type":"LineString","coordinates":[[-73.7848810003388,42.640235000315414],[-73.78486700009509,42.640369999769931],[-73.784878999790664,42.640441000070389],[-73.784903000080092,42.640512000289831],[-73.785124000013042,42.640843000085376],[-73.785297000265388,42.641078999982213],[-73.78626800003579,42.642542999938954],[-73.786745000061757,42.643274000112513],[-73.786981999888226,42.643593999674067],[-73.787042999987591,42.643663000067946],[-73.787151999767545,42.643742999777665],[-73.787433999799845,42.643898000078764]]},"properties":{"NAME":"Ten Eyck Ave"}},{"type":"Feature","geometry":{"type":"LineString","coordinates":[[-73.788357999714563,42.64161999975024],[-73.789599999646597,42.64034200021554]]},"properties":{"NAME":"McDonald Rd"}},{"type":"Feature","geometry":{"type":"LineString","coordinates":[[-73.812731000171766,42.65147399986494],[-73.812383000017221,42.651868000231076],[-73.812100999984921,42.652134000056265],[-73.811225999575683,42.652928000184964],[-73.811155000328895,42.653002000196452],[-73.811096999704247,42.653093999784438],[-73.811083000358863,42.653182999737489],[-73.811085999833594,42.653320000047266]]},"properties":{"NAME":"Picotte Dr"}},{"type":"Feature","geometry":{"type":"LineString","coordinates":[[-73.756106999692776,42.67738699982597],[-73.756900000086247,42.677078999772775],[-73.757589999649241,42.676817999795752]]},"properties":{"NAME":"Pilgrim Dr"}},{"type":"Feature","geometry":{"type":"LineString","coordinates":[[-73.801552999885089,42.668434000109244],[-73.802419000073513,42.667648000135678],[-73.803306000178296,42.666803000256174],[-73.804511000300423,42.665676000139491],[-73.805333999932799,42.664905000255814],[-73.80651700031359,42.663774999770446]]},"properties":{"NAME":"Lenox Ave"}},{"type":"Feature","geometry":{"type":"LineString","coordinates":[[-73.814426999665258,42.657484000297124],[-73.813489000405127,42.657170000113794],[-73.812916000119699,42.656964999811926],[-73.812623000216732,42.656865000273399],[-73.812542000025886,42.656849000147353],[-73.812466999682812,42.656849000147353],[-73.812434999895771,42.656776000304461],[-73.81241399997937,42.65670599970494],[-73.812419999827142,42.656629999700911]]},"properties":{"NAME":"Marsdale St"}},{"type":"Feature","geometry":{"type":"LineString","coordinates":[[-73.775122000434479,42.667069000269649],[-73.775331999598436,42.666890999691297],[-73.775689999798729,42.666568000253321],[-73.776115999771079,42.666168000158997],[-73.776273999954824,42.666020999743438],[-73.776832999996557,42.665508999702809],[-73.777290999755962,42.665040999759576],[-73.777419999627412,42.664930999814793],[-73.777547999673928,42.664805999701379],[-73.77791400027013,42.664465000328128],[-73.778382999900188,42.664040000091042],[-73.778433000128899,42.663995000253337],[-73.778992999995552,42.663472000175908],[-73.77983800026756,42.662685000096495],[-73.78054700009713,42.662034000100114],[-73.781269000345475,42.661427000159513],[-73.78199800026654,42.660725999884896],[-73.782056999817769,42.660668000284637]]},"properties":{"NAME":"Ontario St"}},{"type":"Feature","geometry":{"type":"LineString","coordinates":[[-73.801709000419024,42.67895399980349],[-73.801675999908738,42.6789899999944],[-73.801346000195849,42.679277000256725],[-73.801100999973471,42.679518000177872],[-73.800006000354529,42.680543000186034],[-73.799489000145584,42.68102899980137]]},"properties":{"NAME":"Jermain St"}},{"type":"Feature","geometry":{"type":"LineString","coordinates":[[-73.787347999586117,42.663658000154335],[-73.787398999639748,42.663622000329795],[-73.787884999886558,42.663169999878029],[-73.787906999627864,42.663133999770906],[-73.787913000373962,42.663088999937962],[-73.787901999604983,42.663033000129765],[-73.787863000145236,42.662995999827743],[-73.78696299962165,42.662448000131967]]},"properties":{"NAME":null}},{"type":"Feature","geometry":{"type":"LineString","coordinates":[[-73.774303999926659,42.660907000066196],[-73.775689999798729,42.659620999701254],[-73.775894000013238,42.659405000288913],[-73.776313000312882,42.659005999869159],[-73.776962999692913,42.658420000108201],[-73.777248999923174,42.65813899982178],[-73.777409999581664,42.657986999920524],[-73.777499000168433,42.657899999970624],[-73.778022000225164,42.65742600031529],[-73.778607000206165,42.656889000124437],[-73.779177999943485,42.656327999862519],[-73.779871999704426,42.65569899987667],[-73.780543999724088,42.655049000312538],[-73.781236999660109,42.654393999952376],[-73.781896000159293,42.653760999829501],[-73.782890000394218,42.652826999821784]]},"properties":{"NAME":"S Lake Ave"}},{"type":"Feature","geometry":{"type":"LineString","coordinates":[[-73.753284999719881,42.641497999755281],[-73.753413999591331,42.641373999916119],[-73.753590000216732,42.640996999873153]]},"properties":{"NAME":"Dongan Ave"}},{"type":"Feature","geometry":{"type":"LineString","coordinates":[[-73.753883000119686,42.652729000136873],[-73.754661000444543,42.653168999872072],[-73.754935000080934,42.653326999963369],[-73.755992000065049,42.653938000080693],[-73.75771199984797,42.654898999956536],[-73.758125000299842,42.655141000175739],[-73.760190999689172,42.656431999828072],[-73.761860000316801,42.657349999870029],[-73.762198000425599,42.657564000069343],[-73.762308999855378,42.657646000141931],[-73.763477000167569,42.658661000313209],[-73.76385899975898,42.659004999689387],[-73.763923000231415,42.65906099982255],[-73.764354000226618,42.659435999709366],[-73.765232000110601,42.660237999715939],[-73.765962999681449,42.660891999808413]]},"properties":{"NAME":"Elk St"}},{"type":"Feature","geometry":{"type":"LineString","coordinates":[[-73.783783000346787,42.674656000231266],[-73.783723999897248,42.674707999767399],[-73.783666000170925,42.674789999684158],[-73.783456000108657,42.675038999871767],[-73.783109999603923,42.675529999838197],[-73.782490000361122,42.676347000099568],[-73.781959999733402,42.677138999688452]]},"properties":{"NAME":"Watervliet Ave"}},{"type":"Feature","geometry":{"type":"LineString","coordinates":[[-73.754114000098369,42.675273000292535],[-73.753791999883092,42.675693000124788],[-73.753753000423359,42.675756999699068],[-73.753740000004555,42.675855999983838],[-73.753812999799493,42.675965999748414],[-73.75427300010702,42.676328000000439],[-73.754326999635381,42.676396999741691],[-73.754367999643279,42.676479000071602],[-73.754385000260029,42.67659899968276],[-73.754346999726877,42.676687999673987],[-73.754298000221382,42.676943000189773]]},"properties":{"NAME":"Ichabod Ln"}},{"type":"Feature","geometry":{"type":"LineString","coordinates":[[-73.768212000267212,42.669219000036307],[-73.76896600030264,42.668523999930912],[-73.769707999744156,42.667831000056609],[-73.770367000243326,42.667202000179834],[-73.771111000233006,42.666475000063038]]},"properties":{"NAME":"Quail St"}},{"type":"Feature","geometry":{"type":"LineString","coordinates":[[-73.816280000415887,42.672535999827623],[-73.817055000367688,42.671840999824141],[-73.817867999954331,42.671170000257838],[-73.819064999680535,42.670173000207384]]},"properties":{"NAME":"Adirondack St"}},{"type":"Feature","geometry":{"type":"LineString","coordinates":[[-73.770300000296174,42.64707600029373],[-73.771389999892264,42.647723000170885]]},"properties":{"NAME":"Providence Pl"}},{"type":"Feature","geometry":{"type":"LineString","coordinates":[[-73.771480000303953,42.66668100011259],[-73.772138999904797,42.666264999739553],[-73.772677999855048,42.665931000261104],[-73.773334999806082,42.665520999942991],[-73.773453999631769,42.665428000168042],[-73.773586999701166,42.665312999856127],[-73.773913000114391,42.665008000325024],[-73.774338000261835,42.664603000313363],[-73.774720999678166,42.664254999820315],[-73.775108000190784,42.663865999833398],[-73.775295999613434,42.663687999992206],[-73.775365999933641,42.663616999802045],[-73.775782999685163,42.663221000324398],[-73.776241000342878,42.66279600017063],[-73.777244999725212,42.661861999780527],[-73.777669999872657,42.661461999793637],[-73.777864999866338,42.661274999708048],[-73.778367000006654,42.660786999884415],[-73.77903200035361,42.660167000210159],[-73.779517999702108,42.659722999768491],[-73.779660999817239,42.659593999733175],[-73.779678000433989,42.659579999989788],[-73.779858000359042,42.659411000007488],[-73.780464000256444,42.658825000099576],[-73.781053000435406,42.658261999743729],[-73.781628000370688,42.657718000084287],[-73.782321000306723,42.657088000074147],[-73.782999999999063,42.656446000280219],[-73.783680000414634,42.655806000266651],[-73.784344000038359,42.655158999903264],[-73.785308999960975,42.654284999924911],[-73.785873000025575,42.653747999697899],[-73.786468000052324,42.65314899968137],[-73.786492000341781,42.653095999673425],[-73.78650400003734,42.653026000217004]]},"properties":{"NAME":"Quail St"}},{"type":"Feature","geometry":{"type":"LineString","coordinates":[[-73.810741999877024,42.664351000310312],[-73.810705999892008,42.664351000310312],[-73.809747999642084,42.663817000120922],[-73.808904000093307,42.663327000211609],[-73.808781000069658,42.663258999943288],[-73.808771000023924,42.663227999786557]]},"properties":{"NAME":"Rafts Way"}},{"type":"Feature","geometry":{"type":"LineString","coordinates":[[-73.812582000208849,42.677270999959397],[-73.812824999883105,42.677318999748294],[-73.81294899973166,42.677318999748294],[-73.813106999915391,42.677269000187529],[-73.813208000197747,42.677185999691993],[-73.813253000403591,42.677078999772775],[-73.813253000403591,42.677004000126978],[-73.813184999733195,42.676789000244277]]},"properties":{"NAME":null}},{"type":"Feature","geometry":{"type":"LineString","coordinates":[[-73.80833500000584,42.651272000198482],[-73.808480999595687,42.65135799986848],[-73.809243999851944,42.651789000034093]]},"properties":{"NAME":"John David Ct"}},{"type":"Feature","geometry":{"type":"LineString","coordinates":[[-73.754649999675564,42.652093000033176],[-73.755092000439774,42.651665000225044]]},"properties":{"NAME":"Eagle St"}},{"type":"Feature","geometry":{"type":"LineString","coordinates":[[-73.813875000194514,42.673502999910085],[-73.815435000143879,42.672035000282939],[-73.817061000215475,42.670642999808294],[-73.818097000283188,42.669775000205988]]},"properties":{"NAME":"Beacon Ave"}},{"type":"Feature","geometry":{"type":"LineString","coordinates":[[-73.751256000140472,42.648243000170886],[-73.751407999578134,42.648219999979418],[-73.751607999594654,42.648220999671899],[-73.752016000023673,42.64831800016163],[-73.752643999662396,42.648493000008543],[-73.753570000125237,42.648768999872829],[-73.754171999824692,42.648897999899368],[-73.754849999692112,42.649044000154696],[-73.755595000405009,42.649198999801818],[-73.755628000016969,42.649233000035061]]},"properties":{"NAME":"Beaver St"}},{"type":"Feature","geometry":{"type":"LineString","coordinates":[[-73.79808900002979,42.655160999725844],[-73.799402999931857,42.65347200012463],[-73.799777999850576,42.652985000121241],[-73.800916999850458,42.651466999740322],[-73.801111999844139,42.651263000103228],[-73.802992000358941,42.649397999912146],[-73.804039000297294,42.64831800016163]]},"properties":{"NAME":"Fleetwood Ave"}},{"type":"Feature","geometry":{"type":"LineString","coordinates":[[-73.812466999682812,42.656849000147353],[-73.812705000232498,42.657614999829086],[-73.813067999557347,42.658803000040557]]},"properties":{"NAME":"Ferndale St"}},{"type":"Feature","geometry":{"type":"LineString","coordinates":[[-73.745802000165511,42.671211000252079],[-73.746038999991981,42.671410999916944],[-73.746342999765588,42.671594999964874],[-73.746572999919351,42.671713999784764],[-73.746731000103111,42.671784999973973],[-73.746904000355457,42.671863999865913],[-73.746977000150395,42.671904000090578],[-73.747183000014715,42.671999000025671],[-73.747290000144829,42.67205499968302],[-73.747409999795451,42.672109000012441],[-73.747891999844285,42.672341000306929],[-73.748972000292937,42.672842000026847],[-73.750435999982827,42.673510000195975],[-73.750568000227304,42.673586000041098],[-73.750865000328233,42.673732999738526],[-73.751554000066307,42.674064999689712],[-73.752652000058319,42.674582000232093],[-73.753811999974587,42.67512199993277],[-73.754114000098369,42.675273000292535],[-73.754552999591198,42.675505999917895],[-73.75473400023948,42.675648000137031],[-73.755043000035968,42.67592299977359],[-73.755300999778825,42.676234999883363],[-73.756106999692776,42.67738699982597],[-73.756274999922255,42.677652000234509],[-73.756448999999535,42.677913000010719],[-73.757054999896937,42.678747000282264],[-73.757408999899269,42.679268000252506],[-73.758236999554526,42.680741999706825],[-73.758752999938565,42.68164500016681],[-73.758757999961432,42.681655000302442],[-73.758805999642007,42.68175900016508],[-73.758927999840736,42.681973000210959],[-73.758979999719287,42.68207100002909]]},"properties":{"NAME":"Co Rd 151"}},{"type":"Feature","geometry":{"type":"LineString","coordinates":[[-73.795369999989063,42.648781999723724],[-73.796569000263403,42.647633999672976],[-73.796638999685285,42.64755599974805],[-73.796963000448699,42.646967999707833],[-73.797560999950193,42.645981999711402]]},"properties":{"NAME":"Marwood St"}},{"type":"Feature","geometry":{"type":"LineString","coordinates":[[-73.792792000413655,42.653758999961909],[-73.793783000275539,42.652180999807783],[-73.794179999935565,42.651528000233789],[-73.79460400025809,42.650872000139927],[-73.794774999962314,42.650562000208218],[-73.795144000033261,42.649968999868477],[-73.795491000362901,42.649460999797761],[-73.795810000205137,42.648986999910228]]},"properties":{"NAME":"Pinewood Ave"}},{"type":"Feature","geometry":{"type":"LineString","coordinates":[[-73.811497999562235,42.675838000304019],[-73.811428999965273,42.675733999777087],[-73.811414999721578,42.675626000087107],[-73.811428999965273,42.675548000267682],[-73.811489000239732,42.675458999964619],[-73.81182999982326,42.675120000091759],[-73.811969999565349,42.674943000036976],[-73.812203000092168,42.674545000199466],[-73.812338999636282,42.674287999882687],[-73.812533999629963,42.673840000135328],[-73.812674000270363,42.673555999696191],[-73.812871999738761,42.673164999886865]]},"properties":{"NAME":"State Campus Rd"}},{"type":"Feature","geometry":{"type":"LineString","coordinates":[[-73.800865999796841,42.669385999753352],[-73.800796000374945,42.669437999735777],[-73.800735000275566,42.669503999828656],[-73.799937999684147,42.670250000169034],[-73.799750000261497,42.670412999773092],[-73.799274000060436,42.670870999675095],[-73.799182999823827,42.670958999956241],[-73.798684999881445,42.671410999916944],[-73.798479000017124,42.671616000143899],[-73.797972999678848,42.672110999950355],[-73.797324000123723,42.672722999724755],[-73.796295999553621,42.673646000026991],[-73.794888999765149,42.675010000150614]]},"properties":{"NAME":"Fairlawn Ave"}},{"type":"Feature","geometry":{"type":"LineString","coordinates":[[-73.812871999738761,42.673164999886865],[-73.812926999990353,42.673091000093777],[-73.812921000142566,42.673038999865135]]},"properties":{"NAME":"Hillcrest Ave"}},{"type":"Feature","geometry":{"type":"LineString","coordinates":[[-73.751369999943293,42.643956000122024],[-73.751231000026124,42.6438519997782],[-73.751189000193321,42.64379899977753],[-73.751181999622318,42.643753999828817],[-73.751186999645199,42.643699000214355]]},"properties":{"NAME":null}},{"type":"Feature","geometry":{"type":"LineString","coordinates":[[-73.750718000015141,42.644972000129982],[-73.7510179995908,42.645000999988071],[-73.751195000041108,42.645039999912704],[-73.751401999730348,42.645109999766845],[-73.751684999587567,42.645252999781029],[-73.751968000343098,42.645426000185921],[-73.752067999902209,42.645526000276952],[-73.752154999940856,42.6456069999685],[-73.752232999758633,42.645696000062742],[-73.752599000354863,42.646085999798274],[-73.753052999916306,42.646510999851955]]},"properties":{"NAME":null}},{"type":"Feature","geometry":{"type":"LineString","coordinates":[[-73.751328999935396,42.642229000312597],[-73.751641000104954,42.641665999718711],[-73.751789000242951,42.641369000242491]]},"properties":{"NAME":null}},{"type":"Feature","geometry":{"type":"LineString","coordinates":[[-73.750875000373966,42.652556999844577],[-73.75151800008129,42.652928000184964],[-73.751621000013458,42.652997999751683],[-73.75213499984936,42.653377000285012],[-73.752765999861111,42.65386300025969],[-73.753194000381598,42.654201999787993],[-73.753339000146568,42.654307000261056],[-73.753570999950156,42.654455000217702],[-73.754656000421676,42.655127000090417],[-73.754705999752076,42.655158000322288],[-73.754755999980802,42.655187000056316],[-73.755878000262229,42.655840000191461],[-73.756806000374922,42.656375999969839],[-73.757608000090912,42.656822000296884],[-73.758936000236673,42.657614999829086],[-73.760260000184473,42.658355999858429],[-73.760384000033028,42.658424000204178],[-73.761102000083426,42.658815999776081],[-73.762703999865579,42.659796000115456],[-73.762780999858478,42.659844000188251],[-73.765376000050637,42.66134999983818],[-73.767798999815341,42.662758000268703],[-73.767901999747508,42.662793999933001],[-73.768075999824774,42.662825999763868]]},"properties":{"NAME":"Sheridan Ave"}},{"type":"Feature","geometry":{"type":"LineString","coordinates":[[-73.795359000118424,42.667980000225988],[-73.795303999866832,42.667967999799963],[-73.795260000384218,42.667980000225988],[-73.795101000375567,42.668265999785334],[-73.79498199965154,42.668435000137336],[-73.794486000257322,42.66895700005476],[-73.793728000023947,42.669690000253809],[-73.792756000428639,42.670612000031198],[-73.791871999798587,42.67143700005726],[-73.791034999922488,42.672195999894122],[-73.790983000043951,42.67225499993436],[-73.790956000279778,42.672298999771222],[-73.790956000279778,42.672331999958637],[-73.791069000257679,42.672398000280893]]},"properties":{"NAME":"Manning Blvd"}},{"type":"Feature","geometry":{"type":"LineString","coordinates":[[-73.816492999952899,42.661723000180892],[-73.816266000172192,42.661608000281937],[-73.816167000437986,42.661559000111033]]},"properties":{"NAME":"Davis Ct"}},{"type":"Feature","geometry":{"type":"LineString","coordinates":[[-73.751104999629419,42.664652000066908],[-73.750624000303802,42.664372999727441]]},"properties":{"NAME":"Lark Dr"}},{"type":"Feature","geometry":{"type":"LineString","coordinates":[[-73.774960000052772,42.67595300029673],[-73.774862999968377,42.676061999984235],[-73.774771999731797,42.676174999755304],[-73.77468499969315,42.676282999812059],[-73.774529999882446,42.676475999715102],[-73.774192999598569,42.676842999762592],[-73.774057000054455,42.676975000001875],[-73.774000999977929,42.677047000014227],[-73.773996999779982,42.677080000322221],[-73.774011000023705,42.677137999800401],[-73.77406899975,42.677222000246772],[-73.774078999795748,42.677236999866395],[-73.774174000230303,42.677297000289947],[-73.778263000249595,42.679242999940485],[-73.778596000335511,42.679395999896165],[-73.779779999642926,42.679970999809932],[-73.779823000198945,42.679970999809932]]},"properties":{"NAME":"Industrial Park Rd"}},{"type":"Feature","geometry":{"type":"LineString","coordinates":[[-73.801475999892205,42.671146999959213],[-73.801441999556999,42.671173000210011],[-73.801358999716342,42.671232999883486],[-73.800702999590214,42.67183200006393],[-73.799916999767746,42.672592000322098],[-73.799799999591897,42.672696000162894],[-73.797545000056672,42.674803999965206],[-73.796409000429833,42.675898000097071]]},"properties":{"NAME":"Edgewood Ave"}},{"type":"Feature","geometry":{"type":"LineString","coordinates":[[-73.807128000233874,42.658671999708176],[-73.806079999572304,42.659722999768491]]},"properties":{"NAME":"Halsdorf St"}},{"type":"Feature","geometry":{"type":"LineString","coordinates":[[-73.793380999694307,42.644445000284911],[-73.793030000065045,42.644779999953563],[-73.792409999923919,42.645331999689517],[-73.791470999940586,42.646244000042273],[-73.79098200021906,42.646700000160486]]},"properties":{"NAME":"Clayton Pl"}},{"type":"Feature","geometry":{"type":"LineString","coordinates":[[-73.756018000004303,42.651105999700235],[-73.756204999602062,42.651203999960394],[-73.756319000303193,42.651257999902953],[-73.75695500033784,42.651636999807657],[-73.757110999973435,42.651725999863601],[-73.758471999731171,42.652507999808684],[-73.758773000030033,42.652682000138782],[-73.759726000257075,42.653243999869296],[-73.759954999687636,42.65333399987869],[-73.760794999936778,42.653850000149419],[-73.762094999595121,42.654615000185373],[-73.762929999821395,42.655138000110554],[-73.764181999799163,42.655849999854908],[-73.765376999875556,42.656506999854088],[-73.766231000368393,42.657020000249304],[-73.766351000018972,42.657091000045277],[-73.766935000175081,42.657432000224816],[-73.76735699994947,42.657653999772641],[-73.768470000010083,42.658285000185529],[-73.770577000305607,42.659543000275285],[-73.771413000356802,42.660000999672171]]},"properties":{"NAME":"State St"}},{"type":"Feature","geometry":{"type":"LineString","coordinates":[[-73.748066999746484,42.651665999862161],[-73.748393000159709,42.651760000036937],[-73.748512999810302,42.651805000140648],[-73.748722999872598,42.651870000159477],[-73.748982000338671,42.651922999890829],[-73.748999999882017,42.65192499981746],[-73.749259000348118,42.651960999807493],[-73.749491000151707,42.651983000305052],[-73.749633000441932,42.651983000305052],[-73.749846999803864,42.651999999993436],[-73.750021999706036,42.65203400001699],[-73.750540999564819,42.652112999902819],[-73.750860000305352,42.652180000178888],[-73.751091000284035,42.652239999684525],[-73.751727000318681,42.652382000199822],[-73.751985999886429,42.652444999705835],[-73.75216400016167,42.652486999781509],[-73.752652000058319,42.652619000212184],[-73.752744000119819,42.652644000001935],[-73.753637000072388,42.652931999973532]]},"properties":{"NAME":"Columbia St"}},{"type":"Feature","geometry":{"type":"LineString","coordinates":[[-73.799966000171565,42.661142999814189],[-73.800510999969589,42.661456999752708]]},"properties":{"NAME":"Caldwell St"}},{"type":"Feature","geometry":{"type":"LineString","coordinates":[[-73.811598000019671,42.676710000008384],[-73.81148699969161,42.676557999940712],[-73.811464000125383,42.676466999965641],[-73.81148699969161,42.676359000228651],[-73.811542999768093,42.676276999740452],[-73.811598999844591,42.67621900011904],[-73.811722999693146,42.676177000222815],[-73.81181300010482,42.676168999673258],[-73.811947999824042,42.676168999673258],[-73.812194999696246,42.676227000001717]]},"properties":{"NAME":null}},{"type":"Feature","geometry":{"type":"LineString","coordinates":[[-73.802311000118465,42.679310000040836],[-73.802490000218611,42.679445999726653],[-73.802679000364506,42.679680999909799],[-73.80289399955133,42.680024999865019],[-73.803060000130998,42.680231999751534]]},"properties":{"NAME":null}},{"type":"Feature","geometry":{"type":"LineString","coordinates":[[-73.751328999935396,42.642229000312597],[-73.751499999639634,42.642038999844864],[-73.752032999742113,42.641343000082948]]},"properties":{"NAME":null}},{"type":"Feature","geometry":{"type":"LineString","coordinates":[[-73.757976000336924,42.642748000201557],[-73.758327999791106,42.642003000059475],[-73.758558999769804,42.641490000028938],[-73.758644999983531,42.641295000268087],[-73.759013000229558,42.640560999863503],[-73.759238000360469,42.640118000022611],[-73.759575999570956,42.639426999748231],[-73.759768000089878,42.638987999787936],[-73.7598109997476,42.638924999869168],[-73.760050999947083,42.638668000326355],[-73.760240999917912,42.638488000029945],[-73.761398000359435,42.637459000300268]]},"properties":{"NAME":"Clinton St"}},{"type":"Feature","geometry":{"type":"LineString","coordinates":[[-73.795340999676753,42.675267000123405],[-73.795288999798231,42.675319999726078],[-73.794696000319618,42.675850999779762],[-73.793642999635125,42.676836999745049],[-73.792120000394007,42.678297999789706]]},"properties":{"NAME":"Danker Ave"}},{"type":"Feature","geometry":{"type":"LineString","coordinates":[[-73.807821999994843,42.664959000191544],[-73.808340000028693,42.665227999747408],[-73.808761999803082,42.665421000292952],[-73.809207000042008,42.665572999855932],[-73.809293000255735,42.665614000239373],[-73.809362999677617,42.66566600007453],[-73.80947999985348,42.665792999921045],[-73.809550999998592,42.665885999810513],[-73.809772999756433,42.666112999886955],[-73.810041000443363,42.66629500030102],[-73.810081999552935,42.666331999960732]]},"properties":{"NAME":"Circle Ln"}},{"type":"Feature","geometry":{"type":"LineString","coordinates":[[-73.815527000205378,42.657680999922469],[-73.816036000018414,42.657939999932346],[-73.817437999784019,42.658750999750033],[-73.817650000394437,42.658865000126852],[-73.817755999801349,42.658908000011856],[-73.817855000433838,42.658938000159871],[-73.818022999765034,42.658975000234378],[-73.818140999765802,42.658983999874231],[-73.818365000071793,42.658979999814214],[-73.818495999593054,42.658969999993502],[-73.818613999593836,42.658952000047805],[-73.818745000013379,42.658924999789235],[-73.818837999899813,42.658892999932434],[-73.81903299989348,42.658800999674476],[-73.819104000038593,42.65875899989917],[-73.819210000343816,42.658686000316635],[-73.819321999598472,42.65857599969786],[-73.81937799967497,42.658502999900485],[-73.819502000421849,42.65826100021259],[-73.819514000117422,42.65821499996342],[-73.819529000186037,42.658100000182458],[-73.819514000117422,42.657966999957999],[-73.819477000307486,42.657835000308346],[-73.819418999682853,42.657679999721374],[-73.819360999956544,42.657594999746969],[-73.818990000235772,42.657246000118448],[-73.818298999949562,42.656654999860287],[-73.818176999750818,42.656575999798108],[-73.816877000092475,42.655840000191461]]},"properties":{"NAME":"Crescent Dr"}},{"type":"Feature","geometry":{"type":"LineString","coordinates":[[-73.795337000377117,42.668039000305178],[-73.79529700019414,42.668131000104147],[-73.795274999554522,42.66823100001843],[-73.7951399998353,42.668462000229198],[-73.795050000321936,42.668594999801009],[-73.794959999910247,42.668709999986021],[-73.79466700000728,42.669025000035091],[-73.794329999723388,42.669355000009865],[-73.793857999720288,42.669776000212501],[-73.793513999763704,42.670083000131328],[-73.792881999927019,42.670685000142058],[-73.792013000263879,42.671522000262314],[-73.791474000313627,42.671984999773215],[-73.791069000257679,42.672398000280893]]},"properties":{"NAME":"Manning Blvd"}},{"type":"Feature","geometry":{"type":"LineString","coordinates":[[-73.773262000011158,42.658162000309069],[-73.773515999556039,42.658049999694356],[-73.773896000395951,42.657852999916699],[-73.773990999932195,42.6578019996915]]},"properties":{"NAME":null}},{"type":"Feature","geometry":{"type":"LineString","coordinates":[[-73.771675000297606,42.657102999928334],[-73.771558000121757,42.657077999949124],[-73.771465000235324,42.657085000102889],[-73.771363999952982,42.65711300004935],[-73.771270000241657,42.657158000243648],[-73.771168999959315,42.657244999910375],[-73.77109100014151,42.657330999909327],[-73.770865000185708,42.65764000025311],[-73.770810999759036,42.657692000151435],[-73.770748999834751,42.657719999824621],[-73.770679000412883,42.657736999926733],[-73.770574999757471,42.657739999866536],[-73.770538999772455,42.657732000246952],[-73.77027400035692,42.657594000205094],[-73.770188000143193,42.65750300021103],[-73.770148999785135,42.657416999789348],[-73.770142000112443,42.657358999745064],[-73.770148999785135,42.657313999696228],[-73.770234999998848,42.656980999908122],[-73.770243000394771,42.656901000046531],[-73.77023900019681,42.656795999989392],[-73.77022699960294,42.656742999786246]]},"properties":{"NAME":"Washington Park Rd"}},{"type":"Feature","geometry":{"type":"LineString","coordinates":[[-73.768976000348374,42.658076999672232],[-73.768747000019516,42.65813899982178],[-73.768567999919384,42.658210999853935]]},"properties":{"NAME":"Washington Park Rd"}},{"type":"Feature","geometry":{"type":"LineString","coordinates":[[-73.755268000166865,42.636144000133697],[-73.754788999592748,42.636162000071785],[-73.754557999614065,42.636202000135832],[-73.754458999879873,42.636232999886943],[-73.754294000023421,42.636302999737048],[-73.754135999839676,42.636403999835217],[-73.754058999846791,42.636480999983149],[-73.753950000066837,42.63661200013604],[-73.753818999647265,42.636819999741562],[-73.753618999630746,42.637212999875388],[-73.753574000323198,42.637318999817715],[-73.753369000283783,42.637798000017668],[-73.753185999985675,42.638248999999213],[-73.752862999945506,42.638830000280088],[-73.752110999559918,42.640463999833933],[-73.751754000082855,42.641171000024343],[-73.751647999777632,42.641394999730409],[-73.751540999647503,42.64153900015404],[-73.751104999629419,42.641856000003948],[-73.75073200025885,42.64214099967424],[-73.750995000024574,42.642221000019433],[-73.751103999804513,42.642251000287551],[-73.751173000299815,42.642264999967161],[-73.751246999919644,42.642280999880384],[-73.751292000125488,42.642293999765535],[-73.751463999654618,42.642324999785735],[-73.751588000401497,42.642364000066245],[-73.751641999929859,42.642374999700415],[-73.751780000022109,42.642400000303503],[-73.751872999908528,42.642423999789351],[-73.751975999840695,42.642447999926695],[-73.752089999643516,42.642487999914771],[-73.752161999613534,42.64252000028317],[-73.752205000169553,42.642539000143067],[-73.752258999697915,42.642564999802872],[-73.752308999926626,42.642683999682845],[-73.752365999828044,42.642791999776641],[-73.752369000201099,42.642893999693079],[-73.752328000193202,42.642990000122531],[-73.752196999773645,42.643190000045728],[-73.752120999605651,42.643271999907718],[-73.752017999673484,42.6433439999714],[-73.751951999551252,42.643421999891295],[-73.751862999862794,42.64349000004669],[-73.751532000325014,42.643787999734322],[-73.751369999943293,42.643956000122024],[-73.751270000384167,42.644094000030265]]},"properties":{"NAME":"Broadway"}},{"type":"Feature","geometry":{"type":"LineString","coordinates":[[-73.775517000444694,42.653946999788857],[-73.774826999983375,42.653598000167932],[-73.774596999829598,42.653489999674512],[-73.774399000361214,42.653426000296903],[-73.774077999970842,42.653389000224067]]},"properties":{"NAME":null}},{"type":"Feature","geometry":{"type":"LineString","coordinates":[[-73.771548999900915,42.65516199996744],[-73.771497000022379,42.655149000128695],[-73.771445000143856,42.65512400002455],[-73.77106299965412,42.654843000039165],[-73.770644000252759,42.654560000263558],[-73.770411999550859,42.65443499977988],[-73.769814000049379,42.654137000224317],[-73.769464000245009,42.653992000292192],[-73.769249999984766,42.653913999751396]]},"properties":{"NAME":"Washington Park Rd"}},{"type":"Feature","geometry":{"type":"LineString","coordinates":[[-73.757167000049947,42.64528000002867],[-73.75758600034959,42.645424000050319],[-73.757671999664993,42.645442999684136],[-73.75777100029751,42.645452999697753],[-73.758131999972548,42.645476000251527],[-73.75824900014841,42.645494999869463],[-73.758328999616026,42.645514000142363],[-73.758428000248557,42.645547999746768],[-73.758843000350254,42.645720999992065]]},"properties":{"NAME":"Wilbur St"}},{"type":"Feature","geometry":{"type":"LineString","coordinates":[[-73.751607999594654,42.649126000229273],[-73.751843999596232,42.648663000275711],[-73.751855000365182,42.648649000053602],[-73.752016000023673,42.64831800016163],[-73.752325999645066,42.647648999825215],[-73.752477999981039,42.647044999997938],[-73.752498000072507,42.646486000240159],[-73.752488000026773,42.646377999951412],[-73.752445000369065,42.646282000124735],[-73.752386999744445,42.646207000322207],[-73.751954999924308,42.645817000023762],[-73.75208600034388,42.645691000075665],[-73.75213200037463,42.64564199991684],[-73.752154999940856,42.6456069999685],[-73.752200999971592,42.645547000011319],[-73.752209000367515,42.645529999880758],[-73.752231000108821,42.645504000138544],[-73.752302000253948,42.645413000294432],[-73.752329000018122,42.645366000054167],[-73.752365999828044,42.645322000317215],[-73.75241699988166,42.64524999989964],[-73.752431999950289,42.645229999805572],[-73.752483999828812,42.645137000076559],[-73.752533000232603,42.645039999912704],[-73.752559999996805,42.644995999945174],[-73.752605000202635,42.644918999761899],[-73.752710999609548,42.644740999865995],[-73.752990999992008,42.644319000201108],[-73.753294999765629,42.643853999964335],[-73.753385000177317,42.643683000005048],[-73.753553000406797,42.643423000321683],[-73.753807999776626,42.642979999712992],[-73.754073000090486,42.642488999699367],[-73.754376999864107,42.641856000003948],[-73.754663000094368,42.641290999731197],[-73.755530999932603,42.639412000256797],[-73.755761000086366,42.638953999902611],[-73.755884000110015,42.638677000261445],[-73.755965000300876,42.638508000308882],[-73.756089999974336,42.638265000284321],[-73.756209999624943,42.638054999849459],[-73.756391000273211,42.637893999719033],[-73.756699000244794,42.63764500010484],[-73.757151000156398,42.637411999998754],[-73.757501999785688,42.637222999890128],[-73.758161000284858,42.636874000275306],[-73.758839999977184,42.636530000087745],[-73.759772000287839,42.636017999760476],[-73.760065000190821,42.635857000307475],[-73.76095700031847,42.635334000174808],[-73.761333999887029,42.635170999808757],[-73.761702000133056,42.634976000070843],[-73.761836000027358,42.634964999789524],[-73.761850000271068,42.634963999884029],[-73.76196400007386,42.635013999766059],[-73.762201999725249,42.635140000189494]]},"properties":{"NAME":"Green St"}},{"type":"Feature","geometry":{"type":"LineString","coordinates":[[-73.761502999941413,42.651854999703772],[-73.762087999922429,42.652153000283398],[-73.763266000280382,42.652852999806655],[-73.763671000336331,42.653076999734381],[-73.765785000304547,42.654291999732393]]},"properties":{"NAME":"Jay St"}},{"type":"Feature","geometry":{"type":"LineString","coordinates":[[-73.806894999707055,42.68134499997128],[-73.808061000369449,42.68025700032603],[-73.808444999610671,42.679895999692263],[-73.809311999624001,42.680388000081244]]},"properties":{"NAME":null}},{"type":"Feature","geometry":{"type":"LineString","coordinates":[[-73.772466000142941,42.66030599998539],[-73.772625000151592,42.660122000211551],[-73.773077000063225,42.659702000195772],[-73.773714999747696,42.659063999698482],[-73.773824000425947,42.658990000294011],[-73.773996999779982,42.658909000193177]]},"properties":{"NAME":"Thurlow Ter"}},{"type":"Feature","geometry":{"type":"LineString","coordinates":[[-73.781906000205041,42.667500999917273],[-73.781296000109663,42.668074000180141],[-73.780747999938583,42.668576999999793],[-73.780395999586077,42.66895700005476]]},"properties":{"NAME":"Erie St"}},{"type":"Feature","geometry":{"type":"LineString","coordinates":[[-73.749061999806315,42.664395999890374],[-73.749241999731368,42.664363000113447],[-73.749358000082324,42.664337999750352],[-73.749481000105959,42.664283999935783],[-73.749977000398516,42.663975000241614],[-73.75019199958534,42.663910000324179],[-73.750314999609017,42.663899999975186],[-73.750537000265169,42.663905999920544],[-73.750723999862927,42.663953000023113],[-73.750897999940193,42.664016999796388]]},"properties":{"NAME":"Lark Dr"}},{"type":"Feature","geometry":{"type":"LineString","coordinates":[[-73.820319000206439,42.664836000306423],[-73.819413999659986,42.664400000262482],[-73.819285999613456,42.664356000118495],[-73.819181999856397,42.664342000126197],[-73.819058999832762,42.664344999747328],[-73.818945999854833,42.664359999832605],[-73.818876000432951,42.664380999813787],[-73.818787999671102,42.664421000230149],[-73.81869899998263,42.664489999979629],[-73.817354000118428,42.665704000180646],[-73.817302000239891,42.665755999940515],[-73.817277999950448,42.665799999754192],[-73.817277999950448,42.665845999676215],[-73.817284999623141,42.665886999879589],[-73.817287000171277,42.665896999908959],[-73.817318000133412,42.665948000099924],[-73.817440000332155,42.666028000211476],[-73.817523000172841,42.666073999964787],[-73.817755999801349,42.666201999702302],[-73.8182450004212,42.666490999693742],[-73.818370999919566,42.666538999882199],[-73.818418999600155,42.666538999882199],[-73.818471000377002,42.666520000087253],[-73.818610000294186,42.666402000292088],[-73.81941299983508,42.665661999783886],[-73.81972500000461,42.665404999726348],[-73.820319000206439,42.664836000306423]]},"properties":{"NAME":"Aspen Cir"}},{"type":"Feature","geometry":{"type":"LineString","coordinates":[[-73.750578000273038,42.64264399982077],[-73.750456999899214,42.642770999773056],[-73.750369000035676,42.64287499994159],[-73.750189000110623,42.643070000036793]]},"properties":{"NAME":null}},{"type":"Feature","geometry":{"type":"LineString","coordinates":[[-73.790783999852337,42.677086000316294],[-73.790296999780608,42.676796000160017],[-73.790173999756973,42.676715000143339]]},"properties":{"NAME":"Niblock Ct"}},{"type":"Feature","geometry":{"type":"LineString","coordinates":[[-73.768572000117331,42.639155000082162],[-73.768414999758505,42.63960699997164],[-73.768341000138648,42.639870999709842],[-73.76806699960396,42.640731000000272],[-73.767654999875305,42.641859999843696]]},"properties":{"NAME":"Boenau St"}},{"type":"Feature","geometry":{"type":"LineString","coordinates":[[-73.751369999943293,42.643956000122024],[-73.751394000232736,42.643973999782666],[-73.751446000111272,42.644006000047533],[-73.751667999869127,42.644142000328834],[-73.751938000205868,42.644338999927271],[-73.752036999940074,42.644419000089236],[-73.752209000367515,42.644597000245724],[-73.752467000110371,42.644918000016347],[-73.752559999996805,42.644995999945174],[-73.752602999654499,42.645024000048238],[-73.752689999693146,42.645098000212791],[-73.752876000364296,42.645226000182433],[-73.752946999611083,42.645262000085161],[-73.753087000251483,42.645320999917374],[-73.753278999872109,42.645378999955476],[-73.753520999721459,42.645457999703915],[-73.753554000231716,42.645527000012741]]},"properties":{"NAME":"Madison Ave"}},{"type":"Feature","geometry":{"type":"LineString","coordinates":[[-73.750897999940193,42.664016999796388],[-73.750624000303802,42.664372999727441]]},"properties":{"NAME":"Lark Dr"}},{"type":"Feature","geometry":{"type":"LineString","coordinates":[[-73.758771000380221,42.642957999995822],[-73.7584039999591,42.642865000174382],[-73.757976000336924,42.642748000201557],[-73.757658000319609,42.642676000108942],[-73.757439000036484,42.642612999959518],[-73.757300999944249,42.642578000289483],[-73.756468000266111,42.642364999852894]]},"properties":{"NAME":"Arch St"}},{"type":"Feature","geometry":{"type":"LineString","coordinates":[[-73.756548999558646,42.675298000220494],[-73.756900999911167,42.675160000202169],[-73.75752299970209,42.674902999786838]]},"properties":{"NAME":"Bluebell Ln"}},{"type":"Feature","geometry":{"type":"LineString","coordinates":[[-73.774281000360432,42.644160999693391],[-73.775212999772762,42.645333999828075]]},"properties":{"NAME":"Delaware Ter"}},{"type":"Feature","geometry":{"type":"LineString","coordinates":[[-73.750223000445814,42.653544000275012],[-73.750540999564819,42.653665000165681],[-73.750709999619204,42.653752000094421],[-73.7510179995908,42.653923000123719],[-73.751443999563136,42.654158999952138],[-73.752314999774413,42.654689999760109],[-73.752934999915524,42.655037000033111],[-73.753570999950156,42.655420999898489],[-73.754104999877541,42.655720000140604],[-73.755055999556447,42.656288999748],[-73.756222000218813,42.656957000092589],[-73.756547999733741,42.657127999897547],[-73.758367000149192,42.658172999792313],[-73.760493999637887,42.659411000007488],[-73.762179000159037,42.660405999935655],[-73.763873000002704,42.661363999843644],[-73.764765999955273,42.661915999717053],[-73.765330000019887,42.662246999905527],[-73.767474999950252,42.663456999876381]]},"properties":{"NAME":"Orange St"}},{"type":"Feature","geometry":{"type":"LineString","coordinates":[[-73.776319999985574,42.660200000232429],[-73.775638999745127,42.660671000083084]]},"properties":{"NAME":"W End Aly"}},{"type":"Feature","geometry":{"type":"LineString","coordinates":[[-73.750615000082973,42.6579199999547],[-73.750707000144487,42.657945000256049],[-73.750950999643621,42.658063000247886],[-73.753056000289348,42.659307999914162]]},"properties":{"NAME":"Ten Broeck Pl"}},{"type":"Feature","geometry":{"type":"LineString","coordinates":[[-73.773436999913329,42.651778000082309],[-73.772794000206005,42.652352000192444],[-73.772712000190253,42.652403999887767],[-73.772636999847165,42.652403999887767],[-73.772107999942662,42.652105000220025],[-73.772010999858281,42.652068000021949],[-73.771974000048345,42.652069000313304],[-73.771911000299156,42.652103999929203]]},"properties":{"NAME":null}},{"type":"Feature","geometry":{"type":"LineString","coordinates":[[-73.778038000118684,42.669620999670983],[-73.778979999576762,42.668719000198294]]},"properties":{"NAME":"Manning Sq"}},{"type":"Feature","geometry":{"type":"LineString","coordinates":[[-73.800464000113919,42.660681000290857],[-73.800825999613863,42.660870999969937]]},"properties":{"NAME":"Webster St"}},{"type":"Feature","geometry":{"type":"LineString","coordinates":[[-73.795352000445732,42.667616000144704],[-73.795359999943329,42.667800000198142],[-73.795359000118424,42.667980000225988]]},"properties":{"NAME":"Manning Blvd"}},{"type":"Feature","geometry":{"type":"LineString","coordinates":[[-73.760035999878482,42.663820999869699],[-73.76004599992423,42.663866999934982],[-73.760375999637105,42.664080000066235],[-73.76196700044693,42.665010999914017],[-73.76385899975898,42.666123999945235]]},"properties":{"NAME":"Swinton St"}},{"type":"Feature","geometry":{"type":"LineString","coordinates":[[-73.782890000394218,42.652826999821784],[-73.783093999710388,42.652999000028075],[-73.784352000434282,42.653698999939706],[-73.785308999960975,42.654284999924911],[-73.786386000036558,42.654902000033246],[-73.787413999708349,42.655531999727536],[-73.788222000170435,42.655993000283821],[-73.788801000303664,42.656309999812699],[-73.78956399966161,42.656766000129252],[-73.790418999979337,42.657416000244666],[-73.791019999853887,42.657888000241364],[-73.791332000023417,42.658090000220177],[-73.791680000177962,42.658289000290203],[-73.792202000409773,42.658566999998953],[-73.792717999895501,42.658816999958887],[-73.793031999714856,42.658941000041743],[-73.793300000401771,42.659034999790613],[-73.79385000022269,42.659186000256327],[-73.794524999717069,42.659325999756753]]},"properties":{"NAME":"Woodlawn Ave"}},{"type":"Feature","geometry":{"type":"LineString","coordinates":[[-73.763361999641518,42.650007999982101],[-73.763170000020907,42.650096000063797],[-73.761825000156705,42.651355000281519],[-73.761629000338118,42.651561999854657],[-73.75996499973337,42.653228000132941],[-73.759954999687636,42.65333399987869]]},"properties":{"NAME":"S Swan St"}},{"type":"Feature","geometry":{"type":"LineString","coordinates":[[-73.794502000150842,42.674785000054776],[-73.793713999780252,42.675499999771262],[-73.792828000398671,42.676354000065054],[-73.791246999634595,42.677854999935079]]},"properties":{"NAME":"Van Buren St"}},{"type":"Feature","geometry":{"type":"LineString","coordinates":[[-73.790779999654376,42.659152000179056],[-73.790392000215164,42.658912000076498]]},"properties":{"NAME":"Peyster St"}},{"type":"Feature","geometry":{"type":"LineString","coordinates":[[-73.774303999926659,42.660907000066196],[-73.772930999575024,42.662200999962806],[-73.772851999932328,42.662288999967124],[-73.772312999982077,42.662841000215593],[-73.77189799988038,42.663262999727969],[-73.771214999990079,42.663687999992206],[-73.771133999799233,42.663730999844695],[-73.770557000214126,42.664083999798144],[-73.770046999677888,42.66442000013749],[-73.768844999928817,42.665167000141707]]},"properties":{"NAME":"N Lake Ave"}},{"type":"Feature","geometry":{"type":"LineString","coordinates":[[-73.806417999681102,42.650098999711489],[-73.806243999603808,42.650374000059678],[-73.80611100043275,42.650564000178619],[-73.80511899984765,42.651632000298093],[-73.804671999958899,42.652071999865882]]},"properties":{"NAME":"Jase Ct"}},{"type":"Feature","geometry":{"type":"LineString","coordinates":[[-73.752339000063856,42.64195100025934],[-73.752233999583552,42.642388000226731],[-73.752212999667165,42.642472000054774],[-73.752205000169553,42.642539000143067],[-73.752189000276033,42.642731999747674],[-73.752185000078072,42.64291000010536],[-73.752184000253166,42.642940000041236],[-73.752185000078072,42.642963000202563],[-73.752196999773645,42.643190000045728],[-73.752202999621431,42.643308000280371],[-73.752206999819393,42.643334000279566],[-73.752219000413263,42.64341099978148],[-73.752247999827262,42.64359800006293],[-73.752401999813046,42.644224000257637],[-73.752410000208968,42.644254999976916],[-73.752474999607983,42.644518999816626],[-73.75250999976808,42.644645000156189],[-73.752534000057523,42.6447320001473],[-73.752605000202635,42.644918999761899],[-73.752627999768848,42.644967000084705],[-73.752646000210518,42.645013999965649],[-73.752689999693146,42.645098000212791],[-73.752758000363499,42.64522699992304],[-73.752858999747545,42.64538699984255],[-73.752917000372165,42.645526000276952]]},"properties":{"NAME":null}},{"type":"Feature","geometry":{"type":"LineString","coordinates":[[-73.751400000080508,42.670392999844658],[-73.750780999764316,42.670392999844658],[-73.750544999762781,42.670409999784248],[-73.750152000300702,42.670451000279833],[-73.749859000397734,42.670516999957613],[-73.74939099969427,42.670672000246228],[-73.748925000437268,42.670911999866625],[-73.748228000303271,42.67130299997973]]},"properties":{"NAME":null}},{"type":"Feature","geometry":{"type":"LineString","coordinates":[[-73.76393599975188,42.646432999840471],[-73.765468000112136,42.645431000194307]]},"properties":{"NAME":"Lincoln Park Rd"}},{"type":"Feature","geometry":{"type":"LineString","coordinates":[[-73.753698999996672,42.645561000270817],[-73.753749000225397,42.645489999866221],[-73.753974000356294,42.64511900009164],[-73.75415099990829,42.644835999680772],[-73.754238999771843,42.644703000163773],[-73.754534000222932,42.644246999944215],[-73.754790000315978,42.643828000182459],[-73.755073000173198,42.643378000101009],[-73.755397000038286,42.642854999744799]]},"properties":{"NAME":"Franklin St"}},{"type":"Feature","geometry":{"type":"LineString","coordinates":[[-73.768022000296426,42.654562999695997],[-73.7678590000898,42.654764000317776],[-73.767683000362709,42.654978000167098],[-73.767653000225479,42.655046000242912]]},"properties":{"NAME":"Henry Johnson Blvd"}},{"type":"Feature","geometry":{"type":"LineString","coordinates":[[-73.795852999862831,42.645340000243415],[-73.796758000409298,42.644486999815626],[-73.797115999711266,42.644137999975008],[-73.797894000036109,42.643418000151961],[-73.798525000047889,42.642802000216342]]},"properties":{"NAME":"Mariette Pl"}},{"type":"Feature","geometry":{"type":"LineString","coordinates":[[-73.750287999844815,42.644693999778809],[-73.750147000277835,42.644627999779139],[-73.750040999972612,42.644550000049698],[-73.749989999918995,42.644520000229377],[-73.749972000375649,42.644499999900617],[-73.749954999758899,42.644488000228897],[-73.749922999971844,42.644459999884603],[-73.749896000207656,42.644443000117782],[-73.749686000145374,42.644287000097243]]},"properties":{"NAME":null}},{"type":"Feature","geometry":{"type":"LineString","coordinates":[[-73.767665999745958,42.644504000231215],[-73.767947999778258,42.64397599996488],[-73.76820600041944,42.643461000144995],[-73.768215999566863,42.643375999899568],[-73.768199999673342,42.643254000043981],[-73.768163999688326,42.643157000248088],[-73.768105000137098,42.643072000248075]]},"properties":{"NAME":"S Swan St"}},{"type":"Feature","geometry":{"type":"LineString","coordinates":[[-73.774686000416381,42.640325999803672],[-73.774098000062324,42.640358999781277]]},"properties":{"NAME":"Carpenter Ave"}},{"type":"Feature","geometry":{"type":"LineString","coordinates":[[-73.81431799988529,42.659311999953026],[-73.814270000204729,42.65930299970001],[-73.814214999953151,42.659273999903597],[-73.814183999991002,42.659235000315526],[-73.814175999595093,42.659208000179831],[-73.814183000166096,42.659170000066858],[-73.814204999907403,42.659144000080488],[-73.814246999740206,42.659130000235734],[-73.814301999991784,42.659131999930658],[-73.814347000197614,42.659144000080488],[-73.814378999984669,42.659171999760446],[-73.814389000030403,42.659208000179831],[-73.814375999611627,42.65926500030573],[-73.814353000045415,42.659292999931196],[-73.81431799988529,42.659311999953026]]},"properties":{"NAME":"Colonial Ave"}},{"type":"Feature","geometry":{"type":"LineString","coordinates":[[-73.812510000238831,42.673679000159659],[-73.812454000162347,42.673051999926372]]},"properties":{"NAME":null}},{"type":"Feature","geometry":{"type":"LineString","coordinates":[[-73.791199999778939,42.66011400023779],[-73.791392000297861,42.660163999726819],[-73.792661999819003,42.660577000165041],[-73.793004000125762,42.660715000192667]]},"properties":{"NAME":"Peyster St"}},{"type":"Feature","geometry":{"type":"LineString","coordinates":[[-73.759563000050477,42.642348999961264],[-73.759502999776004,42.642447999926695],[-73.759496000103326,42.64249300015927],[-73.759512999821766,42.642531999673672],[-73.759800999701838,42.64264399982077]]},"properties":{"NAME":"Lincoln Sq"}},{"type":"Feature","geometry":{"type":"LineString","coordinates":[[-73.761634000360999,42.655059000103229],[-73.763749000154135,42.656273999697461],[-73.765893000259581,42.657523999865745]]},"properties":{"NAME":"Spring St"}},{"type":"Feature","geometry":{"type":"LineString","coordinates":[[-73.775141999627635,42.643789000158833],[-73.776309999939841,42.645269999987285]]},"properties":{"NAME":"Magnolia Ter"}},{"type":"Feature","geometry":{"type":"LineString","coordinates":[[-73.790779999654376,42.659152000179056],[-73.790660999828688,42.659275000079049],[-73.790558999721426,42.659402999942188],[-73.790491999774275,42.659543999785775],[-73.790458000337409,42.659659000199234],[-73.790446999568431,42.659800000122928],[-73.790446999568431,42.66004800008438],[-73.790502999644929,42.660312999775776],[-73.790558999721426,42.660485999912204],[-73.790649000133115,42.660634999850132],[-73.790772999981669,42.660791999979182],[-73.790998000112566,42.661006999710523],[-73.791178000037618,42.66112300020616],[-73.792055000096681,42.661607000144016],[-73.79225799958796,42.661743000256472],[-73.792369999740941,42.661833999990726],[-73.792584000001199,42.66203299996905],[-73.792763999926251,42.662230999843153],[-73.792820000002749,42.662313999832996],[-73.792902000018529,42.662496000139178],[-73.79295100042232,42.662616999786572],[-73.793004000125762,42.662819999714223],[-73.793021999669108,42.662920999701399],[-73.793035000087897,42.663087999823873],[-73.793031999714856,42.663193999937846]]},"properties":{"NAME":"Ryckman Ave"}},{"type":"Feature","geometry":{"type":"LineString","coordinates":[[-73.810305999858912,42.672381000224611],[-73.810180000360546,42.672485999720948],[-73.810089999948843,42.672575000318822],[-73.808667000266851,42.673896000115256]]},"properties":{"NAME":"Campus Access Rd"}},{"type":"Feature","geometry":{"type":"LineString","coordinates":[[-73.808355000097308,42.674088000229389],[-73.808497000387547,42.674025000195392],[-73.808667000266851,42.673896000115256],[-73.808639999604338,42.674055000313892],[-73.808667000266851,42.67413699977137],[-73.808764000351218,42.674268999814508]]},"properties":{"NAME":"Campus Access Rd"}},{"type":"Feature","geometry":{"type":"LineString","coordinates":[[-73.75654400043409,42.64439200012869],[-73.75756899973284,42.64469099987042]]},"properties":{"NAME":"Ash Grove Pl"}},{"type":"Feature","geometry":{"type":"LineString","coordinates":[[-73.782671000111094,42.673007999962159],[-73.784198000448484,42.673896000115256]]},"properties":{"NAME":"Willow St"}},{"type":"Feature","geometry":{"type":"LineString","coordinates":[[-73.803621999647476,42.670249000170145],[-73.803597000431438,42.670279000129824],[-73.803556000423555,42.670313000066677],[-73.802060999873206,42.671706999957081],[-73.801896000016768,42.671876000200214],[-73.801843000313326,42.671914999784583],[-73.801786000411909,42.671973000120452],[-73.800909000352846,42.672782999883374],[-73.800443000197518,42.673243000055372],[-73.798802000057321,42.674771999695579],[-73.798331999704047,42.675235000092236],[-73.797702000415512,42.675850999779762],[-73.797179000358767,42.676335999869082]]},"properties":{"NAME":"Eileen St"}},{"type":"Feature","geometry":{"type":"LineString","coordinates":[[-73.751270000384167,42.644094000030265],[-73.751511000408613,42.644251000291092],[-73.751805999961377,42.644481999731383],[-73.751914999741331,42.644555000128491],[-73.752238999606448,42.64487199980919],[-73.752265000444012,42.644897999815541],[-73.752365000003138,42.644998999838805],[-73.752483999828812,42.645137000076559],[-73.752637999814596,42.645269999987285],[-73.752693999891108,42.645323999795323],[-73.752751999617416,42.64535600002656],[-73.752858999747545,42.64538699984255],[-73.753339000146568,42.645519999879561],[-73.753469999667814,42.64554400014412],[-73.753554000231716,42.645527000012741]]},"properties":{"NAME":"Madison Ave"}},{"type":"Feature","geometry":{"type":"LineString","coordinates":[[-73.788921999779177,42.66458700019674],[-73.790111999832675,42.663455000320603],[-73.790685999943051,42.662915000321568],[-73.791368000008433,42.662279000017932],[-73.791639999994985,42.662000999730033],[-73.792055000096681,42.661607000144016],[-73.792703999651806,42.660998999850577],[-73.792890000322942,42.660819000087656],[-73.793004000125762,42.660715000192667],[-73.793721000351255,42.660046999921377],[-73.794524999717069,42.659325999756753],[-73.794593000387451,42.659252000003448]]},"properties":{"NAME":"S Main Ave"}},{"type":"Feature","geometry":{"type":"LineString","coordinates":[[-73.774664999601669,42.649615999727224],[-73.774785000150587,42.649552000327475],[-73.775227999841363,42.649326000247868],[-73.776354000320779,42.64879100017798],[-73.776848999890106,42.648495999733584],[-73.77692300040826,42.648429999803199],[-73.77695600002022,42.648378999779027]]},"properties":{"NAME":"Princeton Dr"}},{"type":"Feature","geometry":{"type":"LineString","coordinates":[[-73.815824000306307,42.682064999856017],[-73.815512999961683,42.68236000019656],[-73.815277999785053,42.68262600032795],[-73.814814000177861,42.683048000235509],[-73.814625000031981,42.68323500019816],[-73.814435999886086,42.683404999915922],[-73.814166000447671,42.683623000030813],[-73.814040000050966,42.683704000287563],[-73.813785999607745,42.683847000042732],[-73.813326000198529,42.683979999708896],[-73.813168999839689,42.68401100008176],[-73.812957999952488,42.684038000010425],[-73.812377999994354,42.684082000089141],[-73.811933999580333,42.684052999965722],[-73.811490000064637,42.683948000202513],[-73.811197000161684,42.68382099981153],[-73.810802000151469,42.683626999825862],[-73.810392999897559,42.683386999781362],[-73.808988999583804,42.682591999863178],[-73.808273000081542,42.68218799998693],[-73.807945999843398,42.681985999724006],[-73.807712000389984,42.681858000132863],[-73.807123000211021,42.681505999897503],[-73.806894999707055,42.68134499997128],[-73.805858999639355,42.680805000195491],[-73.804543999912383,42.679999999857579],[-73.80439199957641,42.679889000125733],[-73.804178000214478,42.679714999986359],[-73.804020999855652,42.679542999718883],[-73.80390299985487,42.679399999963337],[-73.803751000417222,42.6791929999467],[-73.803640999914037,42.679008000082014],[-73.803436999699542,42.678600999761755],[-73.803071999826557,42.677960000089278],[-73.803005999704325,42.677852000305457],[-73.802946000328177,42.677677999745207],[-73.802896000099466,42.677413000107975],[-73.802895000274574,42.677228000227146],[-73.802931000259591,42.677046000124705],[-73.802998000206728,42.676889000097958],[-73.803095000291094,42.676736999807687],[-73.803368999927486,42.676442999746762],[-73.803531000309206,42.676287999981326],[-73.803913999725523,42.675941999996496],[-73.80423699976572,42.6756359998706],[-73.804536000414785,42.675364000034797],[-73.804825999944683,42.675126000275085],[-73.804959999838985,42.67502999991418],[-73.805205000061363,42.674907000143243],[-73.805317000214345,42.674844000279073],[-73.805667000018744,42.674692000270397],[-73.806004000302622,42.674598999686332],[-73.806319999771787,42.674542999679453],[-73.80649999969684,42.674522999759105],[-73.806764000185822,42.67451800010825],[-73.807171999716502,42.674534000310466],[-73.80737099990813,42.674557000016101],[-73.807684999727499,42.674615999796394],[-73.807914000056357,42.674676000108811],[-73.808054999623337,42.674724999847641],[-73.808257000188021,42.674815999731841],[-73.808642000152503,42.675015999684099],[-73.809215000437931,42.67535300029077],[-73.809451000439481,42.675481000073624],[-73.810340000194103,42.675992999871021],[-73.811598000019671,42.676710000008384],[-73.812271999689131,42.677087000205184],[-73.812582000208849,42.677270999959397],[-73.813331000221396,42.677715999772502],[-73.814732000162095,42.678526999837381],[-73.815150999563443,42.678754999839491],[-73.815882999857536,42.679220999842521],[-73.816268999646908,42.679474000168874],[-73.816473999686337,42.67964299976336],[-73.816539999808569,42.679714999986359],[-73.816579999991546,42.679757999978804],[-73.816712000236009,42.67999900001557],[-73.816769999962347,42.680139000194096],[-73.816810999970215,42.680356000045535],[-73.816816999818002,42.680448999938569],[-73.816810999970215,42.680737999726048],[-73.816778000358269,42.680899999731892],[-73.816735999627156,42.681031999938028],[-73.816662000007298,42.681200999917628],[-73.816514999694206,42.681399999972456],[-73.816268999646908,42.681660000039486],[-73.815824000306307,42.682064999856017]]},"properties":{"NAME":"Campus Access Rd"}},{"type":"Feature","geometry":{"type":"LineString","coordinates":[[-73.787406000210751,42.666046000090283],[-73.788322999554467,42.666561999904317],[-73.789033999932158,42.666973000013613],[-73.790579999637814,42.667870000197503]]},"properties":{"NAME":"Hudson Ave"}},{"type":"Feature","geometry":{"type":"LineString","coordinates":[[-73.770050999875835,42.645134999931678],[-73.770086999860851,42.645031000237218],[-73.77027299963369,42.644610000307722],[-73.770506999985415,42.644097999726178],[-73.770671999841866,42.643764999877995],[-73.770716000222791,42.643694999832043]]},"properties":{"NAME":"Oneida Ter"}},{"type":"Feature","geometry":{"type":"LineString","coordinates":[[-73.751894999649849,42.665109000060426],[-73.751488999768981,42.664874000259317]]},"properties":{"NAME":"Dudley Pl"}},{"type":"Feature","geometry":{"type":"LineString","coordinates":[[-73.791697999721308,42.653467000101934],[-73.79235200019761,42.652119000324902],[-73.792825000025616,42.651129000145971],[-73.79325000017306,42.650240000169262],[-73.794246999882731,42.648269999781526]]},"properties":{"NAME":"Ramsey Pl"}},{"type":"Feature","geometry":{"type":"LineString","coordinates":[[-73.753430000383162,42.65320200030483],[-73.753435000406043,42.653141000131832],[-73.753589000391813,42.652980000059394]]},"properties":{"NAME":"Columbia Pl"}},{"type":"Feature","geometry":{"type":"LineString","coordinates":[[-73.779871999704426,42.65569899987667],[-73.782321000306723,42.657088000074147],[-73.783029000311387,42.657484999840719],[-73.783465000329485,42.657756999963233],[-73.784462999864047,42.65832000026699],[-73.784953000308818,42.658604000294218],[-73.785794000382879,42.659064999877302],[-73.786611000167454,42.659538000080083]]},"properties":{"NAME":"Park Ave"}},{"type":"Feature","geometry":{"type":"LineString","coordinates":[[-73.818283000056027,42.674894999733773],[-73.818693999959777,42.674183000128451],[-73.818888000128524,42.67385300002902],[-73.818904000022044,42.673795000126695],[-73.819021000197921,42.673668000117388]]},"properties":{"NAME":"Locust St"}},{"type":"Feature","geometry":{"type":"LineString","coordinates":[[-73.817462999898368,42.668942999777613],[-73.817968000411767,42.668488000282103],[-73.818240000398319,42.668239000268862],[-73.818313000193257,42.668181999783314],[-73.818381999790219,42.66814900003456],[-73.818488999920348,42.668119999740483],[-73.818780000173504,42.668075000214017],[-73.819129000152941,42.66801300006447]]},"properties":{"NAME":"Meade Ave"}},{"type":"Feature","geometry":{"type":"LineString","coordinates":[[-73.77311100039843,42.651561999854657],[-73.773289999600237,42.651689000100774],[-73.773436999913329,42.651778000082309]]},"properties":{"NAME":null}},{"type":"Feature","geometry":{"type":"LineString","coordinates":[[-73.752883999861893,42.652164999797961],[-73.75401000034131,42.652605000219815]]},"properties":{"NAME":null}},{"type":"Feature","geometry":{"type":"LineString","coordinates":[[-73.759013000229558,42.640560999863503],[-73.761214000236421,42.641139000283701],[-73.761991999662968,42.641306999894844],[-73.763795000184885,42.641762999856816],[-73.764716999551467,42.641974999918375]]},"properties":{"NAME":"Delaware St"}},{"type":"Feature","geometry":{"type":"LineString","coordinates":[[-73.757870999856621,42.664443000283036],[-73.758197000269874,42.664627999909364],[-73.758392000263541,42.664739999904747],[-73.759280000193257,42.665259000227941]]},"properties":{"NAME":"Colonie St"}},{"type":"Feature","geometry":{"type":"LineString","coordinates":[[-73.815985999789689,42.657044000040521],[-73.816588000387455,42.65738199986022],[-73.816769000137427,42.657490000201008],[-73.81903299989348,42.658800999674476]]},"properties":{"NAME":"Home Ave"}},{"type":"Feature","geometry":{"type":"LineString","coordinates":[[-73.762529999788313,42.643995999801312],[-73.762380000000476,42.644129999927266],[-73.762299999634536,42.64421400004646],[-73.762258999626653,42.644279000068714],[-73.762229000387734,42.644392999882697],[-73.76217300031125,42.644571999864695],[-73.762160999717366,42.644714000045198],[-73.762215000144039,42.64487199980919],[-73.762348000213422,42.645031999980951],[-73.762908000080074,42.645517000011004],[-73.763040000324565,42.645668999995657],[-73.763083999807179,42.645804000213985],[-73.76311599959422,42.64593499990103],[-73.76317900024172,42.646060000288436],[-73.763426000113938,42.646251999818105],[-73.763604000389179,42.64634999979701],[-73.763794000359965,42.646406000093251],[-73.76393599975188,42.646432999840471]]},"properties":{"NAME":"Lincoln Park Rd"}},{"type":"Feature","geometry":{"type":"LineString","coordinates":[[-73.816646000113778,42.660727000036978],[-73.8162109999206,42.660682999935894]]},"properties":{"NAME":"Friebel Ct"}},{"type":"Feature","geometry":{"type":"LineString","coordinates":[[-73.758043000284076,42.646851000183048],[-73.758115000254108,42.646854999701716],[-73.758460000035612,42.646946000079431],[-73.759139999552843,42.647188000189367],[-73.759398000194011,42.647310000259132]]},"properties":{"NAME":"Madison Pl"}},{"type":"Feature","geometry":{"type":"LineString","coordinates":[[-73.803594000058396,42.658117000180688],[-73.803645000111999,42.65814100020917],[-73.803697999815455,42.658155999809388],[-73.804218000397455,42.658333000103532],[-73.804415999865867,42.658425999921811],[-73.804286000169526,42.658603000107981],[-73.804267999727855,42.658657999757203],[-73.804276999948684,42.658725999772749],[-73.804322999979433,42.658827999986897],[-73.804405999820119,42.658923000087697],[-73.804568000201826,42.659045000261507],[-73.804635000148977,42.659086000325786],[-73.805507000185173,42.65954200010416]]},"properties":{"NAME":"Greenway"}},{"type":"Feature","geometry":{"type":"LineString","coordinates":[[-73.804415999865867,42.658425999921811],[-73.804590999768038,42.658515000171711],[-73.804887000044047,42.658711999833884],[-73.804952000341373,42.658739000185001],[-73.805174000099228,42.658814000071047],[-73.805424000344473,42.658847999672489],[-73.805524999728505,42.658874999964503],[-73.805672999866516,42.658949999686513],[-73.805877000081011,42.659067999753098],[-73.805903999845199,42.659100000180402],[-73.805903999845199,42.659126999702359],[-73.805894999624371,42.659167999712579],[-73.805857999814435,42.659208999695707],[-73.805507000185173,42.65954200010416]]},"properties":{"NAME":"Greenway S"}},{"type":"Feature","geometry":{"type":"LineString","coordinates":[[-73.75585099959973,42.646962000110292],[-73.756047000316642,42.647035999951761],[-73.756474999938817,42.647222999908898],[-73.756652000389124,42.647292000242246],[-73.756847000382791,42.647396999826974],[-73.75725699956331,42.647632000269077],[-73.757802000259645,42.647940999909714]]},"properties":{"NAME":"Hamilton St"}},{"type":"Feature","geometry":{"type":"LineString","coordinates":[[-73.754557999614065,42.646241999932968],[-73.755263000143984,42.646420999880831],[-73.756202000127331,42.646679999871822],[-73.756874999971885,42.646890999983228],[-73.757120000194277,42.646978999849523],[-73.757336999929251,42.647099000247479],[-73.757613999938684,42.647265999914943]]},"properties":{"NAME":"Van Zandt St"}},{"type":"Feature","geometry":{"type":"LineString","coordinates":[[-73.781896000159293,42.653760999829501],[-73.784344000038359,42.655158999903264],[-73.786495999641431,42.656381999980674],[-73.788058999963823,42.657247999873917],[-73.788699000196416,42.657581999756182]]},"properties":{"NAME":"Providence St"}},{"type":"Feature","geometry":{"type":"LineString","coordinates":[[-73.796160999834399,42.675746999935043],[-73.795429000438617,42.676441999847512],[-73.794482000059361,42.677321000178942],[-73.793777000427752,42.677988999754689],[-73.792931000330825,42.678802999802819]]},"properties":{"NAME":"Croswell Ave"}},{"type":"Feature","geometry":{"type":"LineString","coordinates":[[-73.767653000225479,42.655046000242912],[-73.767558999615844,42.655217000017529],[-73.767387999911605,42.655579000214395],[-73.767309000268895,42.655763000218521],[-73.767269999910823,42.655811999671812],[-73.767212000184514,42.655865000007772],[-73.767080999764957,42.655941000286035],[-73.76696100011435,42.655999999899073],[-73.766817000174299,42.656057999889626],[-73.766663000188515,42.65613200014073],[-73.76658399964748,42.656179999738676]]},"properties":{"NAME":"Henry Johnson Blvd"}},{"type":"Feature","geometry":{"type":"LineString","coordinates":[[-73.791018000204076,42.641143000169585],[-73.791640999819904,42.641506999941853],[-73.79262099981112,42.642080999678221],[-73.793482999801569,42.642585000092893],[-73.793856999895368,42.642823000209454]]},"properties":{"NAME":"Dartmouth St"}},{"type":"Feature","geometry":{"type":"LineString","coordinates":[[-73.780798000167295,42.678759999809898],[-73.781210999720855,42.678932000263565],[-73.782654000392654,42.679590999733897],[-73.783692000110193,42.680078999873174],[-73.783954000051011,42.680181999893179],[-73.7842839997639,42.680271999873383],[-73.78486799992001,42.680380000073853],[-73.785532000442032,42.68048400008945],[-73.785702000321336,42.68050300023863]]},"properties":{"NAME":"Watervliet Ave Exd"}},{"type":"Feature","geometry":{"type":"LineString","coordinates":[[-73.821119000272617,42.689131000092708],[-73.820996000248954,42.689075999672355],[-73.820841000438264,42.688976999981492],[-73.820711999668532,42.688882000249862],[-73.820585000345233,42.688757999804693],[-73.82051400020012,42.688660999672585],[-73.820068999961194,42.688452000064451],[-73.819510999744367,42.688264000248992],[-73.819007999779132,42.688132000221216],[-73.81863600023344,42.687999999912932],[-73.818206999888048,42.687809000240854],[-73.817712000318721,42.68753900030751],[-73.817590000119992,42.687459000150781],[-73.81723600011766,42.687213999772752],[-73.817001999765921,42.687038000220049],[-73.816714999710754,42.686761999857374],[-73.816677000075913,42.686714000099741],[-73.816470000386687,42.686481000240363],[-73.816404000264455,42.686370999940706],[-73.816344999814888,42.686248000167339],[-73.816322000248675,42.686168000329019],[-73.816328999921382,42.685844000293336],[-73.816417999609826,42.685575000155779],[-73.816579000166627,42.685333000200302],[-73.816696000342503,42.685194000258043],[-73.816850000328273,42.685074999837049],[-73.817119999766717,42.68491900004976],[-73.817401999799003,42.684824000055102],[-73.817585000097111,42.684774999695215],[-73.817806999854966,42.684733000299367],[-73.819069999703387,42.684618000047273],[-73.819408999637119,42.684563000253391],[-73.819622999897362,42.684501999812738],[-73.819796000149708,42.68443599979895],[-73.819970000226988,42.6843510000881],[-73.820142999581037,42.684246999941863],[-73.820308000335785,42.684138000084282],[-73.82037399955972,42.684090000280243],[-73.820505999804212,42.68394399976777],[-73.820581000147271,42.683871000043283],[-73.820754000399631,42.683623000030813],[-73.820804999554937,42.683500999885091],[-73.820813999775766,42.683417000002748],[-73.820813999775766,42.683223999866343],[-73.8207800003389,42.682965999989591],[-73.82073500013307,42.682804999884546],[-73.820639999698514,42.682644000022606],[-73.820490999735583,42.682458000064642],[-73.820219999573922,42.682167999885586],[-73.819807000020361,42.681891999678541],[-73.819447999995177,42.681678999828989],[-73.819282000313819,42.681516999873104],[-73.819150999894248,42.681330999843112],[-73.819046000312269,42.68102799997591],[-73.819037000091441,42.680932000147834],[-73.819046000312269,42.680874000248593],[-73.81907999974915,42.680666999859362],[-73.81916000011509,42.680468999932856],[-73.819299999857179,42.680312999806517],[-73.819463999888711,42.68017899971548],[-73.819807999845295,42.679947000284038],[-73.819991000143375,42.679837000302136],[-73.820191999984857,42.67967699986071],[-73.820330999902012,42.679548000286239],[-73.820621000330249,42.679109000183487],[-73.8207800003389,42.678890000219788],[-73.820893000316801,42.6787499998687],[-73.821028000036023,42.678622000215078],[-73.82107800026472,42.678574999976874],[-73.821313000441378,42.678426999978058],[-73.821699000230737,42.678241999813984],[-73.822101999738564,42.678092999809778],[-73.822398000014573,42.678017000193051],[-73.822771000283481,42.677934000036181],[-73.823080000079969,42.677891999978208],[-73.823361000287363,42.677861999730744],[-73.823737000031002,42.677838000050649],[-73.824572000257263,42.67784900001525],[-73.824974999765075,42.67789899976971],[-73.825582000385708,42.677988999754689],[-73.825931000365159,42.678060000039764],[-73.826027999551229,42.678089000318892],[-73.826466999942383,42.678213000266688],[-73.826707999966786,42.678287999774142],[-73.827271000206508,42.678515999992797],[-73.827461000177294,42.678613000116044],[-73.828082000143311,42.67895600018155],[-73.828862999942913,42.679449999790606],[-73.829286000440518,42.679736999909423],[-73.829956999736936,42.680137999693919],[-73.830039999577622,42.680222000047223],[-73.830123000316604,42.680340999858039],[-73.830167999624138,42.680461999770472],[-73.830208999632021,42.680629000315989],[-73.830213999654887,42.680780999670937],[-73.830174000370235,42.680910999814834],[-73.830099999852067,42.681035999899883],[-73.829940000018496,42.681223999797254],[-73.829428999657353,42.681752000148023],[-73.82930800018184,42.681905999680261],[-73.829263999800901,42.682008999973419],[-73.829246000257541,42.682146999970342],[-73.829259999602925,42.682344999832502],[-73.829338000319055,42.6825510001132],[-73.829396000045378,42.682638999704373],[-73.829471000388452,42.682706000104972],[-73.829612999780352,42.682803000290782],[-73.829899000010613,42.682985000040098],[-73.831253999920577,42.683759000181553],[-73.831605000448164,42.683975000158604],[-73.831921999742249,42.684188000060864],[-73.832283000315599,42.684460000232278],[-73.832411000362114,42.684609999924163],[-73.832531999837627,42.684781000266966],[-73.832607000180687,42.684952999901341],[-73.832696999694065,42.685238999936089],[-73.8327279996562,42.68553000006078],[-73.832685999823411,42.685834999919734],[-73.832577999868363,42.686112000182781],[-73.83232000012552,42.686484999851388],[-73.832163999591586,42.68664900019003],[-73.832033000070339,42.686746000162394],[-73.831983999666534,42.686781999800431],[-73.831783999649971,42.686913000324978],[-73.831315999844847,42.687111000185112],[-73.831079000018391,42.687181000224804],[-73.83039299975502,42.687292999860098],[-73.83004999962337,42.687321999791656],[-73.829478999886049,42.687385999934364],[-73.829313000204692,42.687435000215757],[-73.829134999929465,42.687520000329123],[-73.828935999737837,42.687651999676483],[-73.828216000037614,42.688321000144285],[-73.828149999915382,42.688405999705594],[-73.828051000181176,42.688582000004459],[-73.827992999556528,42.688770000178096],[-73.827868999707974,42.689249000314035],[-73.827786999692222,42.689382999991338],[-73.827631000056613,42.689580000214121],[-73.827045000250692,42.690137999816791],[-73.826829000340624,42.69026499983903],[-73.826630000148981,42.69034299967192],[-73.826466000117463,42.690386000232095],[-73.826231999765724,42.690406000328927],[-73.825403000285561,42.690374000170884],[-73.8251170000553,42.690386999906941],[-73.824973000115264,42.690413999705598],[-73.824892999749324,42.690431000110785],[-73.82472100022018,42.690494000018241],[-73.824506000135017,42.690604000279919]]},"properties":{"NAME":"Suny Campus Rd"}},{"type":"Feature","geometry":{"type":"LineString","coordinates":[[-73.757309000340157,42.66411400009099],[-73.757085999859072,42.664331999846688],[-73.75668900019906,42.664683000174108],[-73.756442000326842,42.66486899983223],[-73.755351000007536,42.665621000092671]]},"properties":{"NAME":null}},{"type":"Feature","geometry":{"type":"LineString","coordinates":[[-73.750216999699703,42.644780999701332],[-73.750134999683951,42.644863999855893],[-73.749862999697385,42.645162999972165],[-73.74973999967375,42.645305999864547],[-73.749615999825181,42.645461999972916],[-73.74945099996873,42.645705000302748],[-73.749235000058661,42.646041000182294]]},"properties":{"NAME":null}},{"type":"Feature","geometry":{"type":"LineString","coordinates":[[-73.750718000015141,42.644972000129982],[-73.751200999888894,42.645131000302428],[-73.7514839997461,42.645244000136401],[-73.751738000189306,42.64538699984255],[-73.751968000343098,42.645574000131369],[-73.75208600034388,42.645691000075665],[-73.752150999742895,42.645773999676834],[-73.752569000217619,42.646167999807737],[-73.753052999916306,42.646510999851955]]},"properties":{"NAME":null}},{"type":"Feature","geometry":{"type":"LineString","coordinates":[[-73.751400000080508,42.670392999844658],[-73.75106299979663,42.670335000015868],[-73.750420999914212,42.670294000104278],[-73.750027999553822,42.670252000166762],[-73.749859000397734,42.670211000200389],[-73.74961199962722,42.670128000185642],[-73.749464000387533,42.670050000070816],[-73.74938800021954,42.670002999954342],[-73.749238000431717,42.669891000194077],[-73.749153000042895,42.669825999857288],[-73.749060999981396,42.669742999988998],[-73.749009999927765,42.66969400028524],[-73.748948000003494,42.669635999804193]]},"properties":{"NAME":null}},{"type":"Feature","geometry":{"type":"LineString","coordinates":[[-73.808182999669867,42.660655000275703],[-73.809211000239969,42.661261999826024]]},"properties":{"NAME":"Greenway"}},{"type":"Feature","geometry":{"type":"LineString","coordinates":[[-73.804398000322507,42.647068999674104],[-73.80424900035959,42.647033999867922],[-73.804193000283092,42.646989999989266],[-73.804170999643461,42.646928999670472],[-73.804200999780704,42.646872999845051],[-73.804264000428205,42.646849999807792],[-73.804314999583511,42.646856000076902],[-73.804363999987331,42.646870999755976],[-73.804399999972318,42.646934999931958],[-73.804398000322507,42.647068999674104]]},"properties":{"NAME":"Windsor Pl"}},{"type":"Feature","geometry":{"type":"LineString","coordinates":[[-73.795564000157839,42.658265000318856],[-73.795624000432269,42.658302000133183],[-73.795679999610471,42.658330000192279],[-73.796390000163257,42.65876700004732]]},"properties":{"NAME":"Amherst Ave"}},{"type":"Feature","geometry":{"type":"LineString","coordinates":[[-73.758236999554526,42.680741999706825],[-73.759435999828867,42.680373999737469],[-73.758974999696406,42.678628999924342],[-73.758863000441721,42.678281999896129],[-73.758761000334488,42.678075000117481],[-73.758413000179928,42.6775750001974],[-73.758300000202041,42.677401000182378],[-73.757973999788788,42.67710400029506],[-73.757589999649241,42.676817999795752],[-73.757480000044382,42.676628999879554],[-73.756548999558646,42.675298000220494],[-73.756434999755839,42.675173999739407],[-73.756177000012983,42.674803999965206],[-73.756054999814239,42.674600000275696],[-73.755816000337958,42.674277999882285],[-73.7557710001321,42.674258999811045]]},"properties":{"NAME":"Shaker Park Dr"}},{"type":"Feature","geometry":{"type":"LineString","coordinates":[[-73.75683099959096,42.649838000087279],[-73.757335000279426,42.650119000222311],[-73.757413000097245,42.650168999819407],[-73.757859999985968,42.65043000003682]]},"properties":{"NAME":"Lancaster St"}},{"type":"Feature","geometry":{"type":"LineString","coordinates":[[-73.762442999749666,42.643117000029328],[-73.762391999696035,42.643248000088242],[-73.762169999938195,42.643864000233386],[-73.762042999716584,42.644227999945144],[-73.761959999875913,42.644504000231215],[-73.761908999822296,42.644734000305156],[-73.761851999920879,42.644879000015287],[-73.761722000224538,42.645057999920439],[-73.761547000322338,42.645257999803306],[-73.761201999642552,42.645569999869615],[-73.760877999777435,42.645893000026383],[-73.760544999691518,42.646213999717361],[-73.759901000159275,42.64682699976202],[-73.759398000194011,42.647310000259132],[-73.759135000428302,42.647577999821479],[-73.758460999860517,42.648222999717575],[-73.758438000294291,42.648262000265206],[-73.75834200003483,42.648389999671203],[-73.758311000072695,42.648482999822917],[-73.758292999631024,42.648707000292482],[-73.758316999920481,42.648937000023729],[-73.758305000224894,42.649134000295213],[-73.758261999668875,42.649231000021878],[-73.757993999880284,42.649478999847787],[-73.757912999689424,42.649526000284119],[-73.757805999559295,42.649559000006931],[-73.757572000105895,42.649611999725352],[-73.757119000369357,42.649703000034151],[-73.757013000064148,42.649736000323827],[-73.75683099959096,42.649838000087279],[-73.756782000085451,42.649895999878183],[-73.756310000082351,42.650366999811212],[-73.755755000238594,42.650942000038562],[-73.755539000328525,42.651135000002284]]},"properties":{"NAME":"Eagle St"}},{"type":"Feature","geometry":{"type":"LineString","coordinates":[[-73.758300000202041,42.677401000182378],[-73.758706999907801,42.67723500009344],[-73.758989999765021,42.677124000045168],[-73.759159999644339,42.677057000229503],[-73.759944999641903,42.676758000230571]]},"properties":{"NAME":"Buttercup Dr"}},{"type":"Feature","geometry":{"type":"LineString","coordinates":[[-73.794559000052246,42.644873000216258],[-73.792700000352156,42.646574000018617],[-73.792014999913704,42.647220999831077]]},"properties":{"NAME":"Joelson Ct"}},{"type":"Feature","geometry":{"type":"LineString","coordinates":[[-73.752990999992008,42.644319000201108],[-73.754238999771843,42.644703000163773],[-73.755166000059617,42.644990000157442]]},"properties":{"NAME":"Herkimer St"}},{"type":"Feature","geometry":{"type":"LineString","coordinates":[[-73.807120999662871,42.663187999923771],[-73.809211000239969,42.661261999826024],[-73.811389999607215,42.659164000325035]]},"properties":{"NAME":"Lenox Ave"}},{"type":"Feature","geometry":{"type":"LineString","coordinates":[[-73.768456999591294,42.65906099982255],[-73.76820600041944,42.659322999893455]]},"properties":{"NAME":null}},{"type":"Feature","geometry":{"type":"LineString","coordinates":[[-73.811340000276815,42.65906099982255],[-73.811362999843041,42.659126999702359],[-73.811389999607215,42.659164000325035],[-73.811613999913206,42.659276999769268],[-73.812428000223065,42.659745999669873],[-73.813435999803389,42.66034100025054],[-73.814286000098235,42.660829000271669],[-73.814435000061167,42.660917999724461],[-73.815353999953018,42.661474000154342],[-73.816217999593292,42.661994000129731],[-73.817096000375571,42.662506000053462],[-73.818005000221689,42.663035999814056],[-73.818180000123874,42.663138000224222],[-73.818339000132525,42.663236000020284],[-73.818464999630919,42.663316000318943],[-73.818627999837531,42.663408999950533],[-73.818825000379334,42.663520000053161],[-73.818951999702634,42.663577000189534],[-73.819042999939214,42.663611999934467],[-73.819206999970746,42.663647000320282],[-73.819285999613456,42.663659000259251],[-73.81947200028462,42.663665999672155],[-73.81956699982085,42.663663000018254],[-73.81974199972305,42.663642999899722],[-73.819882000363435,42.663609000277958],[-73.820027000128391,42.663560999808844],[-73.82015199980188,42.663499999888629],[-73.820592000017925,42.663240999918095]]},"properties":{"NAME":"Buckingham Dr"}},{"type":"Feature","geometry":{"type":"LineString","coordinates":[[-73.778433000128899,42.663995000253337],[-73.778695999894637,42.66411899991818],[-73.778967000056269,42.66427599983696],[-73.780020999667343,42.664889000216917],[-73.780582000257226,42.665215000031353]]},"properties":{"NAME":"State St"}},{"type":"Feature","geometry":{"type":"LineString","coordinates":[[-73.753294999765629,42.641949000012019],[-73.753478999888657,42.641638000086722]]},"properties":{"NAME":"Dongan Ave"}},{"type":"Feature","geometry":{"type":"LineString","coordinates":[[-73.77022699960294,42.656742999786246],[-73.770106999952318,42.656760999710741],[-73.769628000276541,42.656742999786246],[-73.76888500011178,42.656742999786246],[-73.768449999918602,42.656714000117184],[-73.768173999734074,42.656687000208137]]},"properties":{"NAME":"Washington Park Rd"}},{"type":"Feature","geometry":{"type":"LineString","coordinates":[[-73.768614999775025,42.657882999913078],[-73.768229999810572,42.657529000222958]]},"properties":{"NAME":"Washington Park Rd"}},{"type":"Feature","geometry":{"type":"LineString","coordinates":[[-73.769701000071478,42.660475999673075],[-73.769700000246559,42.660509999686923],[-73.769799999805684,42.660629999742746],[-73.770510000358456,42.661229999850782]]},"properties":{"NAME":"Washington Ave"}},{"type":"Feature","geometry":{"type":"LineString","coordinates":[[-73.794979000176824,42.654325999824323],[-73.795652000021377,42.653372000254642],[-73.795963000366015,42.652949000063231],[-73.796421999950326,42.652269000118537],[-73.797130999779881,42.65126399974681],[-73.797529000163138,42.650690000166939],[-73.797982999724582,42.650045999747348],[-73.798058000067655,42.649939999683497]]},"properties":{"NAME":"Sycamore St"}},{"type":"Feature","geometry":{"type":"LineString","coordinates":[[-73.75813799982032,42.64386200004752],[-73.758393000088446,42.643986000214319],[-73.758769999656991,42.644216999977786],[-73.759159999644339,42.644429000267472],[-73.759665999982644,42.644685999802562],[-73.76090899973957,42.645408000284611],[-73.761201999642552,42.645569999869615]]},"properties":{"NAME":"Charles St"}},{"type":"Feature","geometry":{"type":"LineString","coordinates":[[-73.749683999597224,42.64591500002718],[-73.750394999974944,42.645816000292641],[-73.750908999810832,42.645804000213985]]},"properties":{"NAME":"Pruyn St"}},{"type":"Feature","geometry":{"type":"LineString","coordinates":[[-73.752925999694682,42.640801000077076],[-73.753590000216732,42.640996999873153],[-73.754663000094368,42.641290999731197],[-73.75678499956021,42.64186200009393]]},"properties":{"NAME":"Rensselaer St"}},{"type":"Feature","geometry":{"type":"LineString","coordinates":[[-73.77512400008429,42.681311000126279],[-73.774508999966045,42.681318000193016],[-73.774318000170339,42.681325000258965],[-73.774159000161703,42.6813550001552],[-73.774004000350999,42.681403999910614],[-73.773939000053673,42.681436999885861],[-73.773824000425947,42.681512999942264],[-73.773709999724815,42.681642999875322],[-73.773624000409399,42.681771999722898],[-73.77298699965155,42.683251999926767],[-73.772882000069558,42.683497000081935],[-73.772831000015927,42.683592000124762],[-73.772579000120842,42.684064000150748],[-73.772595000014377,42.683912000242842],[-73.77271499966497,42.683537000082922],[-73.772829000366102,42.683179999840277],[-73.773176999622336,42.682095000055334],[-73.773237999721715,42.6818360003004],[-73.773252999790316,42.681437999704734],[-73.773250000315585,42.681349999733278],[-73.773217999630205,42.68105899984058],[-73.773207999584471,42.680979999750214],[-73.773178000345567,42.680883999847971],[-73.773087999933864,42.680603000058888],[-73.773036000055342,42.680453999772652],[-73.772913999856598,42.680211999680942],[-73.772605000060125,42.679770000109642],[-73.772364999860599,42.679514000118353],[-73.772077999805433,42.679282000185125],[-73.771917999971848,42.679165000038267],[-73.771731000374103,42.679041000008993],[-73.77134300003658,42.678840999802553],[-73.770912000041378,42.678652000095624],[-73.770091999883718,42.678405000251551],[-73.769660999888501,42.678342999839757],[-73.76948400033649,42.678331999962602],[-73.769272999550992,42.678317999815938],[-73.769203999954001,42.678313999679162],[-73.768928999594394,42.678305000195898],[-73.768338999590526,42.678331999962602],[-73.767644000004637,42.678388999725144],[-73.767274999933704,42.678418999718183],[-73.767033999909287,42.67842100011346],[-73.766761000097802,42.678393999724996],[-73.766449999753192,42.67835299984646],[-73.766249999736644,42.678310000202515],[-73.76601700010815,42.678249000226479],[-73.765782999756411,42.678169999865432],[-73.765175000209183,42.677887999813962],[-73.764916999568015,42.677747999846964],[-73.764228999654847,42.677317999863142],[-73.764063999798381,42.677214999718622],[-73.763956999668267,42.677153000100738],[-73.763139999883677,42.676674999712937]]},"properties":{"NAME":null}},{"type":"Feature","geometry":{"type":"LineString","coordinates":[[-73.797550999904459,42.649842999741026],[-73.797589000437597,42.649778999914112],[-73.797634999570036,42.649683999719315],[-73.798431000336549,42.648482000134592],[-73.799222000181885,42.647311999673384],[-73.799606000321432,42.646723999969751]]},"properties":{"NAME":"Sycamore St"}},{"type":"Feature","geometry":{"type":"LineString","coordinates":[[-73.749116000232974,42.653005999980309],[-73.749717999932429,42.653012999931754],[-73.74998800026917,42.653036999948014],[-73.750113999767549,42.653059999679662],[-73.750460000272284,42.653192000215597]]},"properties":{"NAME":"Van Tromp St"}},{"type":"Feature","geometry":{"type":"LineString","coordinates":[[-73.7678590000898,42.65969999985861],[-73.768173999734074,42.659985999856424],[-73.769979999730737,42.661571999930956],[-73.771493999649337,42.662892999727966],[-73.77189799988038,42.663262999727969],[-73.773913000114391,42.665008000325024],[-73.775689999798729,42.666568000253321],[-73.776879000027336,42.667602000226005],[-73.777499999993353,42.668112000135302]]},"properties":{"NAME":"Bradford St"}},{"type":"Feature","geometry":{"type":"LineString","coordinates":[[-73.818575000134061,42.671646000104317],[-73.819022000022827,42.671291000195247],[-73.819227999887161,42.67114999991248]]},"properties":{"NAME":"Catskill St"}},{"type":"Feature","geometry":{"type":"LineString","coordinates":[[-73.791172000189846,42.664968000286343],[-73.792091000081683,42.665458999888273],[-73.792789999865519,42.665804000035948]]},"properties":{"NAME":"Yates St"}},{"type":"Feature","geometry":{"type":"LineString","coordinates":[[-73.806445000343587,42.671136000129287],[-73.806785000102224,42.670834000075153],[-73.807483000061126,42.670154000202196],[-73.809320999844829,42.668465999679128],[-73.810520000119155,42.667329000190982],[-73.811372000063855,42.66655500015694],[-73.811660999768861,42.666267999928458],[-73.812550000421794,42.665412999679887],[-73.812860999868107,42.665134000113468],[-73.813985999624279,42.66404999975699],[-73.816217999593292,42.661994000129731]]},"properties":{"NAME":"Ormond St"}},{"type":"Feature","geometry":{"type":"LineString","coordinates":[[-73.790984999693777,42.658941000041743],[-73.791890000240244,42.659476000004226],[-73.792318999687325,42.659694999676027],[-73.792616999613145,42.65981799982309],[-73.792885000300089,42.65989799989562],[-73.793307999899383,42.660004000163369],[-73.793721000351255,42.660046999921377],[-73.793849000397771,42.66006299988517],[-73.793995999812552,42.660058999894616],[-73.794132000254976,42.660070999865546],[-73.794198000377236,42.660097000124864],[-73.79424100003493,42.660098999788687],[-73.794805000099558,42.66034100025054],[-73.794904999658655,42.66038799974509],[-73.795354000095543,42.660513000153564],[-73.795486000340034,42.66054700014724],[-73.795568000355786,42.660582999770476],[-73.795712000295822,42.660662000026797]]},"properties":{"NAME":"Hansen Ave"}},{"type":"Feature","geometry":{"type":"LineString","coordinates":[[-73.815568000213261,42.665645999939862],[-73.815718000001098,42.665569000219868],[-73.815904999598843,42.665447000296695],[-73.816127000255008,42.665315000012754],[-73.816596999709972,42.665065999839968],[-73.81704600014686,42.664819000163519],[-73.817308999912598,42.664667000078062],[-73.81753700041655,42.664523999780108],[-73.81791499981,42.664266000207363],[-73.818226000154624,42.66403199996082],[-73.818509999836749,42.663798000154621],[-73.818825000379334,42.663520000053161],[-73.818959000273637,42.663388000301566],[-73.819197999749917,42.663129999977926],[-73.819264999697069,42.663046000302074],[-73.819611000201789,42.662561000213778],[-73.819740000073224,42.662359999692107],[-73.8198510004013,42.662209999796332],[-73.819949000310586,42.662061000329842],[-73.82013500008344,42.661856000298513],[-73.820474999842062,42.661526000149436],[-73.82051500002504,42.661437000245733]]},"properties":{"NAME":null}},{"type":"Feature","geometry":{"type":"LineString","coordinates":[[-73.754033999732428,42.670520999935832],[-73.753959000287665,42.670584000219293]]},"properties":{"NAME":"Manning Blvd"}},{"type":"Feature","geometry":{"type":"LineString","coordinates":[[-73.767832000325626,42.638365999841362],[-73.767643000179746,42.639089999993189],[-73.76725999986509,42.640281999806312],[-73.767187999895086,42.640411000251184],[-73.767050999627713,42.640556999940252],[-73.766997999924271,42.640599000113198],[-73.766936999824907,42.640627000212774],[-73.766812999976352,42.640645000175759],[-73.766670999686127,42.640617000084291],[-73.766438000057619,42.640512000289831],[-73.766371999935373,42.640431999729678],[-73.766366999912506,42.640365000015628],[-73.766376999958254,42.640267999680503],[-73.766777999816256,42.638979999738822]]},"properties":{"NAME":"Grandview Ter"}},{"type":"Feature","geometry":{"type":"LineString","coordinates":[[-73.753151999650498,42.639979999885789],[-73.753043999695478,42.640276000224794],[-73.752597999631618,42.641317999715895],[-73.752375999873777,42.641837999730534],[-73.752339000063856,42.64195100025934]]},"properties":{"NAME":null}},{"type":"Feature","geometry":{"type":"LineString","coordinates":[[-73.756465999717975,42.640660000030728],[-73.756490999832323,42.640716999975481],[-73.756532999665126,42.640735999725159],[-73.757331999906384,42.640940999994385],[-73.757366000241561,42.640950000261526],[-73.758020999644472,42.641119999996263],[-73.758644999983531,42.641295000268087]]},"properties":{"NAME":"Schuyler St"}},{"type":"Feature","geometry":{"type":"LineString","coordinates":[[-73.802398000157112,42.647058999920297],[-73.802667999595528,42.647249000254192],[-73.802885000228812,42.647380999908009],[-73.804344999720755,42.647949000128065]]},"properties":{"NAME":"Kensington Pl"}},{"type":"Feature","geometry":{"type":"LineString","coordinates":[[-73.777643000108469,42.675293999889256],[-73.778853000253477,42.675882000245977],[-73.780386000438639,42.676638000265996],[-73.781830999861953,42.677320000293818],[-73.781959999733402,42.677138999688452]]},"properties":{"NAME":"Livingston Ave"}},{"type":"Feature","geometry":{"type":"LineString","coordinates":[[-73.750629000326683,42.648361999761697],[-73.751256000140472,42.648243000170886]]},"properties":{"NAME":"Beaver St"}},{"type":"Feature","geometry":{"type":"LineString","coordinates":[[-73.784585000062791,42.675373999860447],[-73.784466000237074,42.67547499992461],[-73.784065000379101,42.675913999944036],[-73.783832999677188,42.676139999818972],[-73.783334999734819,42.676816000009296],[-73.782856000059027,42.677436000068923],[-73.782419000216009,42.678013000036849]]},"properties":{"NAME":"Grant Ave"}},{"type":"Feature","geometry":{"type":"LineString","coordinates":[[-73.750030999926878,42.648716000096847],[-73.749728999803082,42.649653000062514],[-73.749609999977395,42.650013999946538]]},"properties":{"NAME":"Dean St"}},{"type":"Feature","geometry":{"type":"LineString","coordinates":[[-73.752765999861111,42.65386300025969],[-73.753098999947056,42.653566999819176]]},"properties":{"NAME":"Steps St"}},{"type":"Feature","geometry":{"type":"LineString","coordinates":[[-73.776057000219851,42.643404000070952],[-73.77711000000599,42.644592000170313]]},"properties":{"NAME":"Carroll Ter"}},{"type":"Feature","geometry":{"type":"LineString","coordinates":[[-73.771197000446733,42.670947000105343],[-73.770852999591824,42.670894000075862],[-73.770486999893933,42.670925999700273],[-73.770025999761486,42.670953000031105],[-73.769556000306522,42.670955999993744],[-73.769080999930353,42.670957999968756],[-73.768434000025081,42.671094000100275],[-73.76806699960396,42.67117100024192],[-73.767611000392691,42.67134399988624],[-73.766925999954253,42.671563000024406],[-73.76644200025558,42.671700000128602],[-73.765993999643612,42.671800000245433],[-73.765391000119251,42.671836999930875],[-73.764652000152452,42.671818999747508],[-73.764048999729795,42.671790999818796],[-73.763673999811047,42.671626999888872],[-73.763419000441246,42.67159000007846],[-73.762907000255169,42.671608000328156],[-73.762258999626653,42.671554000223942],[-73.761984000165356,42.671489000305314],[-73.761646000056558,42.67146200020732],[-73.761317000168589,42.671398000172957],[-73.760916000310587,42.671406999996009],[-73.760604999965963,42.671379999862445],[-73.760353000070893,42.671328000183699],[-73.760076000061446,42.671270999888868],[-73.759674000378553,42.671261000063517],[-73.759245000033147,42.671252000219333],[-73.758897999703521,42.671289000230949],[-73.758496000020614,42.671270999888868],[-73.758012000321941,42.671225000018381],[-73.757527999724957,42.671134000159995],[-73.757408999899269,42.670904999948618],[-73.757481999694207,42.670776999987787],[-73.757664999992301,42.670621999960971],[-73.757747000008067,42.670494000077838],[-73.75777399977224,42.670339000005796],[-73.757764999551426,42.670193000206616],[-73.757591000372457,42.669877000127251]]},"properties":{"NAME":null}},{"type":"Feature","geometry":{"type":"LineString","coordinates":[[-73.768976000348374,42.658076999672232],[-73.768760000438306,42.657974000011691],[-73.768614999775025,42.657882999913078]]},"properties":{"NAME":"Washington Park Rd"}},{"type":"Feature","geometry":{"type":"LineString","coordinates":[[-73.773932000380967,42.658816999958887],[-73.773888999824948,42.658717000095542],[-73.773860000410949,42.65863600029973],[-73.773814000380185,42.658529999681669],[-73.773779000220088,42.658483000103921],[-73.773738000212219,42.658439999925022],[-73.773627999709035,42.658350000038062],[-73.773512000256403,42.658278000166838],[-73.773262000011158,42.658162000309069],[-73.773076000238305,42.658067999901107],[-73.773024000359769,42.658029999752088],[-73.772965999735149,42.657978999672018],[-73.772913999856598,42.657918999757463],[-73.772811999749351,42.65777699999331],[-73.772807999551389,42.657725999705733],[-73.77268100022809,42.657186999705665],[-73.77263600002226,42.657035999670697],[-73.772579000120842,42.656914000179682],[-73.772506000325919,42.656822999851109],[-73.772455000272288,42.656790000018503],[-73.772396999647654,42.656775000088814],[-73.77225600008066,42.656766999684372],[-73.772194999981295,42.656773000318147],[-73.772019000254204,42.656825000280833],[-73.771913999773901,42.656874000218636]]},"properties":{"NAME":"Washington Park Rd"}},{"type":"Feature","geometry":{"type":"LineString","coordinates":[[-73.790984999693777,42.658941000041743],[-73.790520000261679,42.658632999742515]]},"properties":{"NAME":"Providence St"}},{"type":"Feature","geometry":{"type":"LineString","coordinates":[[-73.752917000372165,42.645526000276952],[-73.753189000358731,42.645851999853903],[-73.753678000080285,42.646420000159416]]},"properties":{"NAME":null}},{"type":"Feature","geometry":{"type":"LineString","coordinates":[[-73.752917000372165,42.645526000276952],[-73.752751999617416,42.64535600002656],[-73.752533000232603,42.645039999912704],[-73.752467000110371,42.644918000016347],[-73.752386999744445,42.644763000274189],[-73.752298000055973,42.644571999864695],[-73.752288000010239,42.644539000139325],[-73.752262999895876,42.644454999798178],[-73.752221000063088,42.644338000172404],[-73.752196999773645,42.644274999723649],[-73.752150999742895,42.644146999779622],[-73.7520539996585,42.643853999964335]]},"properties":{"NAME":null}},{"type":"Feature","geometry":{"type":"LineString","coordinates":[[-73.762703999865579,42.659796000115456],[-73.763224000447565,42.659280999810164],[-73.762620000200002,42.658942000222538],[-73.761600000025808,42.658334999824028]]},"properties":{"NAME":"Spruce St"}},{"type":"Feature","geometry":{"type":"LineString","coordinates":[[-73.758761000334488,42.678075000117481],[-73.760446999782218,42.677423000264305]]},"properties":{"NAME":"Daisy Ln"}},{"type":"Feature","geometry":{"type":"LineString","coordinates":[[-73.755151999815908,42.652105999850065],[-73.754787999767856,42.652080000213616],[-73.754649999675564,42.652093000033176]]},"properties":{"NAME":"Eagle St"}},{"type":"Feature","geometry":{"type":"LineString","coordinates":[[-73.750563000204423,42.654560000263558],[-73.7510179995908,42.653923000123719],[-73.75121799960732,42.653621999958482],[-73.751488999768981,42.653192000215597],[-73.751621000013458,42.652997999751683],[-73.751985999886429,42.652444999705835],[-73.752317000322535,42.65197400031267],[-73.752595999981793,42.651497000174594]]},"properties":{"NAME":"Chapel St"}},{"type":"Feature","geometry":{"type":"LineString","coordinates":[[-73.815882999857536,42.679220999842521],[-73.816252999753388,42.679245000309237],[-73.816342000340171,42.679238000008951],[-73.816466000188711,42.679191000236692],[-73.816555999702103,42.679105999953975],[-73.816588000387455,42.679032999828209],[-73.816580999816466,42.678900000138412],[-73.816547000379572,42.678815999979157],[-73.816484999556977,42.678715999924513]]},"properties":{"NAME":null}},{"type":"Feature","geometry":{"type":"LineString","coordinates":[[-73.793630000114675,42.667075999959117],[-73.793973000246325,42.666756000326664],[-73.795277999927563,42.665518999793029],[-73.795580000051345,42.665197999992095],[-73.796192999621454,42.664653000155838],[-73.79731699955272,42.663604999854961],[-73.798218999726117,42.662732999920777],[-73.79867099963775,42.66234999975439]]},"properties":{"NAME":"S Pine Ave"}},{"type":"Feature","geometry":{"type":"LineString","coordinates":[[-73.750216999699703,42.644780999701332],[-73.750419000264387,42.644858000055422],[-73.750718000015141,42.644972000129982]]},"properties":{"NAME":null}},{"type":"Feature","geometry":{"type":"LineString","coordinates":[[-73.749686000145374,42.644287000097243],[-73.749839000306267,42.644510000065829],[-73.749880000314135,42.644560000206873],[-73.749922000146924,42.644600000158597],[-73.749962000329901,42.644634000262577],[-73.750076000132722,42.644706999820535],[-73.750216999699703,42.644780999701332]]},"properties":{"NAME":null}},{"type":"Feature","geometry":{"type":"LineString","coordinates":[[-73.765347999563232,42.64387800021084],[-73.765407999837691,42.643761999924855],[-73.765576000067171,42.64336900018511],[-73.765832000160216,42.642886999924436],[-73.766101999598632,42.642339000109509],[-73.76610800034473,42.642223000258014]]},"properties":{"NAME":"Hawk St S"}},{"type":"Feature","geometry":{"type":"LineString","coordinates":[[-73.801706999870873,42.66964699989957],[-73.801639000098803,42.669754000065446],[-73.801574999626411,42.669881000146653],[-73.801422000363843,42.670253000165602],[-73.801388000028652,42.670417999754193],[-73.801384999655596,42.670669000269882],[-73.801458000348859,42.671081000289938],[-73.801475999892205,42.671146999959213],[-73.801552999885089,42.671349999773632],[-73.801651999619295,42.671548999673732],[-73.801735000358292,42.671684999833012],[-73.801896000016768,42.671876000200214],[-73.801964999613745,42.671949000147492],[-73.802383000088497,42.672269000125986],[-73.802730000418109,42.672458000092782],[-73.803440999897504,42.672862999784535],[-73.803460999988985,42.672952999797928]]},"properties":{"NAME":"Belvidere Ave"}},{"type":"Feature","geometry":{"type":"LineString","coordinates":[[-73.819170999985744,42.672246000234097],[-73.820441000405197,42.673015000303806],[-73.822032000316682,42.673948000287261],[-73.824356000347194,42.674685000117655],[-73.82572700015065,42.675129999956674],[-73.825851999824138,42.675168000221184],[-73.82672499968524,42.675459999879692]]},"properties":{"NAME":"Hazelhurst Ave"}},{"type":"Feature","geometry":{"type":"LineString","coordinates":[[-73.791024000051848,42.655392000273586],[-73.791138999679561,42.655341000011958],[-73.791234999939036,42.655323999915495],[-73.791387000275009,42.655341000011958],[-73.791603000185077,42.655392000273586],[-73.792043000401122,42.655509999824744],[-73.792650000123444,42.655686999722668],[-73.793379000044482,42.65587299986754],[-73.793692000038931,42.655941000286035],[-73.793779999902483,42.655981000186564],[-73.793914999621705,42.656051000280904],[-73.794629000372467,42.656470999852857],[-73.79526700005691,42.65683899998389],[-73.7963719997216,42.657490000201008],[-73.796426999973193,42.657517999965151],[-73.796477000201904,42.657548000123107],[-73.797165000115072,42.657946999989079],[-73.798069999763214,42.658456999830292]]},"properties":{"NAME":"Fairview Ave"}},{"type":"Feature","geometry":{"type":"LineString","coordinates":[[-73.748917000041359,42.661316999765653],[-73.749128999753466,42.661306000177973],[-73.749244000279504,42.661283000193094],[-73.749526000311803,42.661191000168337],[-73.749580999665071,42.661165999850908],[-73.750163999996275,42.660913999788917]]},"properties":{"NAME":"Arbor Dr"}},{"type":"Feature","geometry":{"type":"LineString","coordinates":[[-73.7932669998915,42.65679899997459],[-73.794533000112992,42.657530999969318]]},"properties":{"NAME":"Barnet St"}},{"type":"Feature","geometry":{"type":"LineString","coordinates":[[-73.802835000000101,42.65093600016359],[-73.802911999993,42.650983999807821],[-73.802963999871537,42.651020999989989]]},"properties":{"NAME":null}},{"type":"Feature","geometry":{"type":"LineString","coordinates":[[-73.76603300000167,42.646851000183048],[-73.765956999833676,42.646642999750313],[-73.765797999825025,42.645951000191914],[-73.765755000167331,42.645819000146723],[-73.765708000311662,42.645728000102629],[-73.765627000120816,42.6456069999685],[-73.765468000112136,42.645431000194307]]},"properties":{"NAME":"Lincoln Park Rd"}},{"type":"Feature","geometry":{"type":"LineString","coordinates":[[-73.785534000091857,42.670279000129824],[-73.785956999691166,42.669872000102643],[-73.78647399990011,42.669383999727714],[-73.786889999826712,42.66897100032876],[-73.78747700035585,42.668432000053016],[-73.788039999697247,42.667907000240803],[-73.788556999906206,42.667441999987993],[-73.788612000157784,42.667388000227525],[-73.789033999932158,42.666973000013613],[-73.790121000053517,42.665950000236073],[-73.790259999970687,42.665811999938192],[-73.790304000351625,42.665768000133021],[-73.790545000376042,42.665534000255555],[-73.790629000041633,42.665462000116079],[-73.791172000189846,42.664968000286343],[-73.791797000353824,42.664401999787863],[-73.792367000266225,42.66386800003653],[-73.793031999714856,42.663193999937846]]},"properties":{"NAME":"W Lawrence St"}},{"type":"Feature","geometry":{"type":"LineString","coordinates":[[-73.751789000242951,42.660807000261087],[-73.751752000433044,42.660743999977612],[-73.751735999641184,42.660662000026797],[-73.751739999839145,42.660602000058731],[-73.751867000060756,42.660384999933029],[-73.752318999972374,42.660013000314912],[-73.753056000289348,42.659307999914162],[-73.75377099996669,42.658639999721196],[-73.754179000395695,42.658278000166838],[-73.754511999583315,42.657955999777677],[-73.755254999748075,42.657275999747029]]},"properties":{"NAME":"N Swan St"}},{"type":"Feature","geometry":{"type":"LineString","coordinates":[[-73.770577000305607,42.659543000275285],[-73.770558000039046,42.659170000066858],[-73.770522000054029,42.659011000107192],[-73.770425999794554,42.658782000157125]]},"properties":{"NAME":"Washington Park Rd"}},{"type":"Feature","geometry":{"type":"LineString","coordinates":[[-73.789440999637947,42.660131999847046],[-73.790446999568431,42.66004800008438],[-73.790772999981669,42.66004800008438],[-73.790987000241913,42.660056000066639],[-73.791199999778939,42.66011400023779]]},"properties":{"NAME":"Peyster St"}},{"type":"Feature","geometry":{"type":"LineString","coordinates":[[-73.764281000431694,42.649149999763281],[-73.766454999776059,42.650397999772878],[-73.766549000385695,42.650451000097853],[-73.767156000108031,42.650798000236954],[-73.768136999924153,42.651337999756109]]},"properties":{"NAME":"Elm St"}},{"type":"Feature","geometry":{"type":"LineString","coordinates":[[-73.774028999567037,42.644271000039112],[-73.773478999746118,42.643609999906317]]},"properties":{"NAME":"Mona Ter"}},{"type":"Feature","geometry":{"type":"LineString","coordinates":[[-73.753035000372947,42.664890000302037],[-73.753035000372947,42.665242000200706],[-73.752907000326431,42.665338999905082],[-73.752337000414045,42.665723000224993],[-73.752262000070971,42.665741000192121],[-73.752212999667165,42.665741000192121],[-73.752144000070203,42.665732000209182],[-73.751848999619085,42.665552000277408],[-73.751747000410148,42.66547200021386],[-73.751716000448027,42.665405999803163],[-73.751716000448027,42.665295999843707],[-73.75176800032655,42.665219999770009],[-73.751894999649849,42.665109000060426],[-73.752446000193984,42.664721000220538]]},"properties":{"NAME":"Dudley Pl W"}},{"type":"Feature","geometry":{"type":"LineString","coordinates":[[-73.788921999779177,42.66458700019674],[-73.788741000029219,42.664755999981999],[-73.788554000431461,42.664944999674468],[-73.788361999912524,42.665127000205331],[-73.788146000002456,42.665327999707841],[-73.787406000210751,42.666046000090283],[-73.786930999834595,42.666490000294935],[-73.786463000029457,42.666927000265041],[-73.785845000436481,42.667486999972731],[-73.785283000021693,42.668022999751834],[-73.784811000018593,42.668465000312068],[-73.784494999651102,42.668751000281972],[-73.784319999748917,42.668900000227616],[-73.783718000049475,42.669466000063942],[-73.783214000259306,42.66996599983765],[-73.783091000235657,42.670072000113102],[-73.781449000270527,42.671608000328156],[-73.781016999552094,42.671993000200928],[-73.7808910000537,42.67209599975395]]},"properties":{"NAME":"N Main Ave"}},{"type":"Feature","geometry":{"type":"LineString","coordinates":[[-73.819300999682085,42.655814000134058],[-73.819197999749917,42.655434999917631],[-73.819145999871381,42.655283000013355],[-73.819090999619789,42.65521099989428],[-73.818847999945547,42.654992000285972],[-73.818156999659323,42.654242000146439]]},"properties":{"NAME":"Hemlock Ln"}},{"type":"Feature","geometry":{"type":"LineString","coordinates":[[-73.769701000071478,42.660475999673075],[-73.769833000315941,42.660557999869191],[-73.77076300007846,42.661051000242885],[-73.772851999932328,42.662288999967124],[-73.773646999975625,42.66272799998211],[-73.775295999613434,42.663687999992206],[-73.777419999627412,42.664930999814793],[-73.779582000174514,42.666163999900654],[-73.781906000205041,42.667500999917273],[-73.784319999748917,42.668900000227616],[-73.785956999691166,42.669872000102643],[-73.78749700044736,42.670749000250161],[-73.78887099972556,42.671557000157577],[-73.790581000361058,42.672518999809078],[-73.790798999920952,42.672646000184947],[-73.790989999716643,42.672764999973978],[-73.792182000318306,42.673420000328655],[-73.792929999607608,42.673884000170979],[-73.793100000385223,42.673972000148773],[-73.793736000419855,42.67433500006112],[-73.793979999919017,42.674471999999128],[-73.794502000150842,42.674785000054776],[-73.794888999765149,42.675010000150614],[-73.795340999676753,42.675267000123405],[-73.795668999739817,42.675460999794737],[-73.796160999834399,42.675746999935043],[-73.796409000429833,42.675898000097071],[-73.796943000357231,42.676191000191395],[-73.797179000358767,42.676335999869082],[-73.797692000369764,42.676635999813321],[-73.798074999786081,42.676864000149607],[-73.798977999784427,42.677375999779585],[-73.799903000422361,42.677902000057493],[-73.800714000359179,42.678376000119904],[-73.800839000032653,42.678443999701301],[-73.801202000255813,42.67866700003048],[-73.801394999701358,42.678771000271652],[-73.801709000419024,42.67895399980349],[-73.80186900025258,42.679041000008993],[-73.801988000078282,42.679122000295813],[-73.802082999614527,42.679171999686311],[-73.802311000118465,42.679310000040836],[-73.802544999571879,42.679440999811447],[-73.803233000383372,42.679830000068549],[-73.803469000384908,42.679973000155243],[-73.803601999556008,42.680049000021192],[-73.80399499991637,42.680279000057183],[-73.805395999857083,42.681100999739044],[-73.807201000028812,42.682133000022937],[-73.807428999634453,42.682263999785022],[-73.808391999907229,42.682818999680528],[-73.809741999794312,42.683596999705927],[-73.809915999871578,42.683708000077388],[-73.810770000364414,42.68418100031753],[-73.811255999712913,42.684467999714336],[-73.811550000339111,42.684647999674169],[-73.812003000075634,42.684904000303554],[-73.812328999590548,42.685109000263608],[-73.812686999790841,42.685300000313418],[-73.813075000128364,42.685519999888513],[-73.81405299957143,42.68609600032039],[-73.814312999862437,42.686251000051975],[-73.815215999860754,42.686769999703287],[-73.817355999768253,42.6879869996773],[-73.818334999934578,42.688555999774138],[-73.820140999931226,42.689580999901942],[-73.820366000062123,42.689707000056686],[-73.820482000413065,42.689770000038173],[-73.82051500002504,42.689786999959381]]},"properties":{"NAME":"Washington Ave"}},{"type":"Feature","geometry":{"type":"LineString","coordinates":[[-73.814949999721989,42.65532500015447],[-73.813866999798591,42.656421000036822]]},"properties":{"NAME":"Link St"}},{"type":"Feature","geometry":{"type":"LineString","coordinates":[[-73.811710000172653,42.6683969997191],[-73.811372999888775,42.668584000179976],[-73.8112330001467,42.66869000017018],[-73.811079999985822,42.668789999845643],[-73.81096100016012,42.668855999966091],[-73.810824999717681,42.66890200026878],[-73.810689000173568,42.668937000318344],[-73.810556999929091,42.668951999956143],[-73.81041299998904,42.668951999956143],[-73.81028499994251,42.668939999717772],[-73.810149000398383,42.66890200026878],[-73.81000499956005,42.6688459997522],[-73.809487000424497,42.668535000223088],[-73.809392999814861,42.668488000282103],[-73.809320999844829,42.668465999679128],[-73.80935500018002,42.668527000010791],[-73.809524000234418,42.668620999798279],[-73.80997199994809,42.668906999710948],[-73.810069000032442,42.669001000244791],[-73.810135000154702,42.669119999747039],[-73.810195000429147,42.669262000026109],[-73.81019000040628,42.669322000223325],[-73.810181000185437,42.669437999735777],[-73.810152999698033,42.669538000189434],[-73.810113000413381,42.669618000304432],[-73.810064999834481,42.669693000277398],[-73.809636000387414,42.67005300007704],[-73.809602000052223,42.670099000154401],[-73.809555000196553,42.670184000207733]]},"properties":{"NAME":null}},{"type":"Feature","geometry":{"type":"LineString","coordinates":[[-73.776026000257716,42.651149999970961],[-73.77612099979396,42.651092000028001],[-73.776562999659831,42.650661000318124],[-73.776904000141684,42.650339999789395],[-73.777119000226833,42.650150999969057],[-73.777438000069068,42.649852000041761],[-73.777659000002004,42.649663999729341],[-73.778305999907289,42.649085999884107],[-73.778391000296111,42.649011000158609],[-73.778725000206947,42.64869799982602],[-73.779352999845656,42.648081999973449]]},"properties":{"NAME":"Notre Dame Dr"}},{"type":"Feature","geometry":{"type":"LineString","coordinates":[[-73.77266899963422,42.647333999833108],[-73.773098999804532,42.646976999763851],[-73.773179999995392,42.646927000243899],[-73.773559999936964,42.646789999727957],[-73.773904999718482,42.646702000255061],[-73.773969000190903,42.646686000157281],[-73.775227000016457,42.646328999672953],[-73.775308000207303,42.646294000111183],[-73.777751000063517,42.645599999844322],[-73.778180000408923,42.645471000246772],[-73.778336999869438,42.645424000050319],[-73.779674000236014,42.644876999862092],[-73.781575999593827,42.644056999692253],[-73.781833000410089,42.643964999952978],[-73.782322999956548,42.643828999945526],[-73.782814000226239,42.643728999769777],[-73.783527000253756,42.643669999749335],[-73.7839370003326,42.643683000005048],[-73.78420500012119,42.643697999788401],[-73.784789000277271,42.643811000242941],[-73.784919999798532,42.643847000303708],[-73.785291000417615,42.643983000271795],[-73.785769000268488,42.644195000037293],[-73.786657000198218,42.644645000156189],[-73.78678600006964,42.644716000203616],[-73.787208999668948,42.644899999968054],[-73.787437000172886,42.645008000179644],[-73.788009999560018,42.645305999864547],[-73.7888049996033,42.645701999782389],[-73.789294000223165,42.645937999749421],[-73.789891999724645,42.646205999936591],[-73.79066199965358,42.646562000086178],[-73.79098200021906,42.646700000160486],[-73.79138899992482,42.646911999917577],[-73.792014999913704,42.647220999831077],[-73.792399999878185,42.647400000265627],[-73.79309000033949,42.647725999933051],[-73.793208000340272,42.647780999951728],[-73.794044000391438,42.648176000278909],[-73.794246999882731,42.648269999781526],[-73.795369999989063,42.648781999723724],[-73.795810000205137,42.648986999910228],[-73.796735999769666,42.649438000056662],[-73.796940999809095,42.649540999980104],[-73.797064999657636,42.649583999705243]]},"properties":{"NAME":"Hackett Blvd"}},{"type":"Feature","geometry":{"type":"LineString","coordinates":[[-73.770513999658107,42.639228000121392],[-73.77072799991835,42.640599999928206],[-73.770902999820535,42.641758000214459],[-73.770929999584709,42.641837999730534],[-73.770958000072127,42.641881999949128],[-73.771011999600475,42.641924999682189],[-73.77112499957839,42.641981999789628],[-73.771266000043695,42.641996000190588],[-73.77151799993878,42.641990999906142],[-73.771702999886713,42.64196800004629],[-73.771774000031812,42.641952000052619],[-73.771907999926114,42.641907000089546]]},"properties":{"NAME":"S Dove St"}},{"type":"Feature","geometry":{"type":"LineString","coordinates":[[-73.748644000229874,42.656088000091273],[-73.749727000153257,42.656209000317439],[-73.750174999866914,42.656243000021909],[-73.750635000174455,42.656277999931497],[-73.750981999605784,42.656305000018129]]},"properties":{"NAME":"Wilson St"}},{"type":"Feature","geometry":{"type":"LineString","coordinates":[[-73.805824000377569,42.670939000203489],[-73.805694999607809,42.671069999787839],[-73.804536000414785,42.672153999920923],[-73.803605999753955,42.673036999957084],[-73.80199700029911,42.674547999988768],[-73.801502999656378,42.67499899968346],[-73.800586000312663,42.675883000154236],[-73.800156000142351,42.676279000204687],[-73.799289000129036,42.677071999888909],[-73.799028000013124,42.677322000064045],[-73.798977999784427,42.677375999779585],[-73.797304999857147,42.678977999712927],[-73.796727000447163,42.679500000238008]]},"properties":{"NAME":"Rosemont St"}},{"type":"Feature","geometry":{"type":"LineString","coordinates":[[-73.794179999935565,42.651528000233789],[-73.795405000149174,42.65192800003765],[-73.796421999950326,42.652269000118537],[-73.796872000212105,42.652468999941327],[-73.797359000283819,42.652654999800511],[-73.798393999628317,42.653071999679888],[-73.799070999670832,42.653355000280563],[-73.799402999931857,42.65347200012463],[-73.800476999634412,42.653916999875683],[-73.800547999779511,42.65394300006551],[-73.800613999901756,42.653969999844612],[-73.801126000087834,42.654201999787993],[-73.801614999809374,42.654457000062969]]},"properties":{"NAME":"Helderberg Ave"}},{"type":"Feature","geometry":{"type":"LineString","coordinates":[[-73.77311100039843,42.651561999854657],[-73.772908000008812,42.651539000229739],[-73.772824000343235,42.651486000171218],[-73.772803000426833,42.651431999765897],[-73.772846000084542,42.651385000109094],[-73.773014000314035,42.651302000066153]]},"properties":{"NAME":null}},{"type":"Feature","geometry":{"type":"LineString","coordinates":[[-73.75921099969797,42.675667999695335],[-73.758701999884934,42.675855999983838],[-73.758506000066362,42.67591900014299],[-73.758448000340024,42.675956999925091],[-73.758425999700421,42.675983000144967],[-73.758419000027715,42.676068999981872],[-73.758433000271424,42.676117000038744],[-73.75876700018226,42.676614000113169]]},"properties":{"NAME":"Silverberry Pl"}},{"type":"Feature","geometry":{"type":"LineString","coordinates":[[-73.811252000413276,42.656395000222325],[-73.81121600042826,42.656359000156307],[-73.811033999955058,42.656279000155138],[-73.810556999929091,42.656124999879673],[-73.810245999584467,42.656028999901103],[-73.809966999925209,42.65593099997654]]},"properties":{"NAME":"Marsdale St"}},{"type":"Feature","geometry":{"type":"LineString","coordinates":[[-73.751677999914875,42.667755999818503],[-73.751352000399947,42.667984999742259],[-73.751142000337651,42.668142999838167],[-73.750654000441031,42.66861799972294],[-73.750568000227304,42.668705999891259],[-73.75031999963187,42.668896000145089],[-73.750152000300702,42.669004000301648],[-73.749916000299152,42.669130999933735],[-73.7495189997408,42.669293999830252],[-73.749190999677737,42.669437999735777],[-73.749113999684837,42.669468000086894],[-73.748968000094976,42.66952900009575],[-73.748892999751888,42.669555999712358]]},"properties":{"NAME":null}},{"type":"Feature","geometry":{"type":"LineString","coordinates":[[-73.773714999747696,42.659063999698482],[-73.773621000036343,42.659026999676932]]},"properties":{"NAME":null}},{"type":"Feature","geometry":{"type":"LineString","coordinates":[[-73.797692000369764,42.676635999813321],[-73.796019000442499,42.678208000252276],[-73.79460400025809,42.679550999833992],[-73.794357000385887,42.679763999714311],[-73.793536000403321,42.680280999732183],[-73.792055999921601,42.681210000302201],[-73.79165400023868,42.681494000101942]]},"properties":{"NAME":"Colvin Ave"}},{"type":"Feature","geometry":{"type":"LineString","coordinates":[[-73.808764000351218,42.674268999814508],[-73.810069000032442,42.675011000072892],[-73.810936000045771,42.6755079997465]]},"properties":{"NAME":"Campus Access Rd"}},{"type":"Feature","geometry":{"type":"LineString","coordinates":[[-73.78064199963336,42.674738000216635],[-73.782184000039379,42.676064999700266],[-73.782490000361122,42.676347000099568]]},"properties":{"NAME":"Garfield Pl"}},{"type":"Feature","geometry":{"type":"LineString","coordinates":[[-73.819982999747467,42.672074999737113],[-73.819903000279837,42.671859999974124],[-73.819781999906027,42.671509999859659]]},"properties":{"NAME":"King St"}},{"type":"Feature","geometry":{"type":"LineString","coordinates":[[-73.790331000115799,42.642736000191903],[-73.791640999819904,42.641506999941853],[-73.792655999971217,42.640535000027128],[-73.79376999985675,42.639513999767061]]},"properties":{"NAME":"Holmes Ct"}},{"type":"Feature","geometry":{"type":"LineString","coordinates":[[-73.768229999810572,42.657529000222958],[-73.768157999840554,42.657263999897346],[-73.768132999726191,42.657063000088904],[-73.768146000144981,42.656875999986063],[-73.768173999734074,42.656687000208137],[-73.768126999878419,42.656559000039252],[-73.768048000235694,42.656442000056941],[-73.767955000349275,42.656326000077421],[-73.767837000348493,42.656229000184723],[-73.767212000184514,42.655865000007772],[-73.766874000075703,42.655656999988189],[-73.766483000263463,42.655431999866622]]},"properties":{"NAME":"Washington Park Rd"}},{"type":"Feature","geometry":{"type":"LineString","coordinates":[[-73.781236999660109,42.654393999952376],[-73.783680000414634,42.655806000266651],[-73.78584200006344,42.657022000012034],[-73.786885999628751,42.657649000086131],[-73.787398999639748,42.657941000129242],[-73.787996000214633,42.658267000041548]]},"properties":{"NAME":"Mercer St"}},{"type":"Feature","geometry":{"type":"LineString","coordinates":[[-73.793970999698189,42.669827999868652],[-73.793857999720288,42.669776000212501],[-73.793794999971098,42.669737999953561],[-73.793728000023947,42.669690000253809]]},"properties":{"NAME":null}},{"type":"Feature","geometry":{"type":"LineString","coordinates":[[-73.799732999644746,42.65463499990463],[-73.799787000071404,42.654663999882587],[-73.799859999866328,42.654700999857504]]},"properties":{"NAME":null}},{"type":"Feature","geometry":{"type":"LineString","coordinates":[[-73.804825999944683,42.647652999953273],[-73.804398000322507,42.647068999674104]]},"properties":{"NAME":"Windsor Pl"}},{"type":"Feature","geometry":{"type":"LineString","coordinates":[[-73.794593000387451,42.659252000003448],[-73.794716000411086,42.659220000314996],[-73.795679999610471,42.658330000192279],[-73.796477000201904,42.657548000123107],[-73.797309999880028,42.656755999952431],[-73.798662000315232,42.655506000201974],[-73.798756000026557,42.655428000238786],[-73.79884499971503,42.655377000006688],[-73.798977999784427,42.655295999824141],[-73.799314000243399,42.655119000134682],[-73.799459000008341,42.655032999719246],[-73.799590000427926,42.654941999941407],[-73.799714000276481,42.654846000118589],[-73.799859999866328,42.654700999857504],[-73.800613999901756,42.653969999844612],[-73.801239000065735,42.653292999985972],[-73.80171299971866,42.652751999982428],[-73.801875000100381,42.65253200001986],[-73.801937999849571,42.652410999906969],[-73.802080999964687,42.652026000324042],[-73.802146000262027,42.651888000173059],[-73.802207000361406,42.651805000140648],[-73.802276999783274,42.651698000134431],[-73.802526000203628,42.651451999848092],[-73.802963999871537,42.651020999989989],[-73.803640999914037,42.650337000153286],[-73.804365999637156,42.649609000054184],[-73.805229000350806,42.648739000104911]]},"properties":{"NAME":"S Main Ave"}},{"type":"Feature","geometry":{"type":"LineString","coordinates":[[-73.77107500024799,42.677832000129172],[-73.770614000115543,42.677840999680953],[-73.770522999878949,42.677986000131533],[-73.770640999879717,42.678136000264317],[-73.770900000345804,42.678255999977765],[-73.771860000245539,42.678709000225048],[-73.772570999724934,42.679105999953975],[-73.773499999662519,42.67964299976336],[-73.773788000440931,42.679827999718626],[-73.773917000312352,42.679890999813274],[-73.774027999742117,42.679912999674023],[-73.774089999666401,42.67992099974154],[-73.774267000116737,42.679927000121715],[-73.774499999745217,42.679966999779509],[-73.774708999982607,42.680021999679731],[-73.774868999816178,42.680085000238087],[-73.775119999886329,42.680242999952689],[-73.775408999591335,42.68043699993887],[-73.775482000284583,42.680527000210169],[-73.775500999652834,42.680603000058888],[-73.775469999690699,42.680689000105801],[-73.7753779996292,42.680756999797509],[-73.775225000366646,42.680833000025295],[-73.775095999596886,42.680887999819348],[-73.775021999977056,42.680932999974829],[-73.774996999862694,42.680966000200243],[-73.774985000167106,42.680982000063054],[-73.774991000014907,42.681040999686736],[-73.775108000190784,42.68118999988603],[-73.775150999848478,42.681252999920481],[-73.775211999947842,42.681325000258965],[-73.775279999719913,42.681469000025174],[-73.775329000123705,42.681537000184015],[-73.775432999880792,42.681627000182729],[-73.775637000095287,42.681746999757998],[-73.775811000172567,42.681834000015058],[-73.776083999984024,42.681962000316034],[-73.777014999571463,42.682364000072916],[-73.777535999978355,42.68259899978559],[-73.777992000087934,42.68278700023653],[-73.778342999717211,42.682914999894827],[-73.778475999786608,42.682956000064969],[-73.778620999551563,42.682985000040098]]},"properties":{"NAME":"Anderson Dr"}},{"type":"Feature","geometry":{"type":"LineString","coordinates":[[-73.753328000275914,42.646700999877396],[-73.753528000292448,42.646948999879079],[-73.753628999676479,42.647045999709306],[-73.753679999730096,42.647086999755565],[-73.753784000385494,42.647170999846495],[-73.754103000227715,42.647351000131387],[-73.754166999801825,42.647394000048983]]},"properties":{"NAME":null}},{"type":"Feature","geometry":{"type":"LineString","coordinates":[[-73.792003000218145,42.666565000078897],[-73.791774999714207,42.666768000326122],[-73.791141000227711,42.667326000053286],[-73.790579999637814,42.667870000197503],[-73.790100000137116,42.668351999732643],[-73.789607000217615,42.668804000157309],[-73.78903800013012,42.669316000140164],[-73.788486999585999,42.669872000102643],[-73.787992000016686,42.670294000104278],[-73.787600000379513,42.67065899968717],[-73.78749700044736,42.670749000250161],[-73.787411000233618,42.670824000179486],[-73.787036000314913,42.671187999968666],[-73.786970000192653,42.671253000202086],[-73.78688399997894,42.671325000239008],[-73.786336999632766,42.671862999892987],[-73.785843999713265,42.672341000306929],[-73.785771999743247,42.672405000030764],[-73.78519599998306,42.672938999760376],[-73.784678999774115,42.67345000007878],[-73.784293999809634,42.673792000301091],[-73.784198000448484,42.673896000115256],[-73.783492000093673,42.674388999730461]]},"properties":{"NAME":"N Allen St"}},{"type":"Feature","geometry":{"type":"LineString","coordinates":[[-73.79731300025307,42.665615000312819],[-73.797360999933645,42.665630000091674],[-73.797417000010157,42.665653999862386]]},"properties":{"NAME":null}},{"type":"Feature","geometry":{"type":"LineString","coordinates":[[-73.750868999627883,42.661970000267232],[-73.751128000093956,42.661714000276874],[-73.7512999996231,42.661555000216715],[-73.751460000354982,42.661412000027177],[-73.751468999677499,42.66138500017621],[-73.751443999563136,42.661091000159381],[-73.751447999761112,42.661060999728974],[-73.751460000354982,42.661042999728039],[-73.751496000339998,42.661042999728039],[-73.751851999992141,42.661120999914701],[-73.751928000160135,42.661109000146475],[-73.752087999993691,42.661057999949392]]},"properties":{"NAME":null}},{"type":"Feature","geometry":{"type":"LineString","coordinates":[[-73.804039000297294,42.64831800016163],[-73.804262999704989,42.648010999803233],[-73.804344999720755,42.647949000128065],[-73.804825999944683,42.647652999953273],[-73.805448999560525,42.647398000193441],[-73.805703999828651,42.647227999772845],[-73.805841999920915,42.647074999922083]]},"properties":{"NAME":"Victoria Way"}},{"type":"Feature","geometry":{"type":"LineString","coordinates":[[-73.817006999788802,42.676940999746911],[-73.818099999757933,42.677570000131645]]},"properties":{"NAME":"Cortelyou Rd"}},{"type":"Feature","geometry":{"type":"LineString","coordinates":[[-73.750822999597119,42.648845999915743],[-73.750569999877129,42.649895000212624],[-73.750461000097175,42.650230999924673],[-73.750266000103522,42.6506759997404],[-73.75003699977465,42.651129999791713],[-73.749707000061775,42.651574999782532],[-73.749538999832268,42.651852999774839],[-73.749491000151707,42.651983000305052],[-73.749459000364652,42.652082999765625],[-73.749170999586255,42.652866000125393],[-73.749116000232974,42.653005999980309],[-73.749061999806315,42.653160000051315],[-73.748896000124958,42.653571000227331],[-73.748852999568925,42.653820999791925],[-73.7487589998576,42.654628999725283],[-73.748703999606008,42.655297000063555],[-73.748644000229874,42.656088000091273],[-73.748563999863933,42.656536999839176],[-73.748455999908899,42.657022000012034],[-73.748393000159709,42.657209999884444],[-73.748281000006713,42.657446999996026],[-73.748154999610023,42.657618999976904],[-73.747269000228428,42.658558999825118],[-73.747096999800988,42.658710000125495],[-73.747039999899599,42.6587600000829],[-73.746988000021048,42.658818000141679],[-73.74598799993835,42.659925999896664],[-73.745768999655226,42.660188000286396],[-73.745361999949452,42.660613999924855],[-73.744937999626927,42.661023000087887],[-73.744059999742959,42.661919000115844],[-73.743983999574965,42.662021999847489],[-73.743899000084483,42.662171000067985],[-73.743822999916503,42.662387999905633],[-73.74362100025013,42.662920000245201],[-73.743391999921272,42.663565999680515],[-73.74333800039291,42.663672000300672],[-73.742868999864541,42.664452999884162],[-73.741724999841793,42.666277999896529],[-73.74141799969513,42.666795999875418],[-73.740975999829246,42.667495999701536],[-73.740662999834811,42.66803700023619],[-73.740329999748894,42.668555000088844],[-73.740184999983924,42.668775000168807],[-73.740010999906659,42.669070000194864],[-73.739697999912195,42.669598000120182],[-73.739452999689817,42.670014999987451],[-73.739378000245054,42.670139000193998],[-73.739317000145704,42.670235000183958],[-73.739276999962726,42.670300000093036],[-73.738872999731683,42.670900000006689],[-73.738482999744349,42.671528000132518],[-73.738221999628436,42.671961999776222],[-73.738113999673402,42.67212200026821],[-73.73776200021922,42.672689999744946],[-73.73737899990455,42.673307000171327],[-73.737198000154606,42.673596000152848],[-73.736265999843965,42.675107999723366],[-73.73585199956716,42.675770999762221],[-73.735444000036495,42.676415999819724],[-73.735152999783338,42.676872999841585],[-73.73478200006258,42.677459999904279]]},"properties":{"NAME":"Broadway"}},{"type":"Feature","geometry":{"type":"LineString","coordinates":[[-73.76658399964748,42.656179999738676],[-73.766530999944052,42.65623500020974],[-73.766438000057619,42.656401000231334],[-73.766405000445658,42.656484000075906],[-73.766398999699561,42.656559000039252],[-73.766405000445658,42.656614999732639],[-73.766418999791043,42.656671000036241]]},"properties":{"NAME":"Washington Park Rd"}},{"type":"Feature","geometry":{"type":"LineString","coordinates":[[-73.768885999936685,42.653095000059281],[-73.768895000157528,42.653158000164396],[-73.768875999890938,42.653325000081821],[-73.768885999936685,42.653576999848113]]},"properties":{"NAME":"Washington Park Rd"}},{"type":"Feature","geometry":{"type":"LineString","coordinates":[[-73.758915000320272,42.642742999977592],[-73.759414999912465,42.643110000285766]]},"properties":{"NAME":"Warren St"}},{"type":"Feature","geometry":{"type":"LineString","coordinates":[[-73.795352000445732,42.667616000144704],[-73.79539299955529,42.667501999960379],[-73.795436999936214,42.66745399985502]]},"properties":{"NAME":"S Manning Blvd"}},{"type":"Feature","geometry":{"type":"LineString","coordinates":[[-73.789294000223165,42.642145999946592],[-73.787433999799845,42.643898000078764],[-73.786657000198218,42.644645000156189]]},"properties":{"NAME":"Marwill St"}},{"type":"Feature","geometry":{"type":"LineString","coordinates":[[-73.755043000035968,42.638262999918446],[-73.755104999960253,42.638271999912106],[-73.755965000300876,42.638508000308882],[-73.757341999952118,42.638858999697021],[-73.7578399998945,42.638996999676735],[-73.758268000414972,42.639114999933781],[-73.758916000145177,42.639270999706163],[-73.759575999570956,42.639426999748231],[-73.760750999555839,42.639754000054197],[-73.76173499974503,42.640008000263911]]},"properties":{"NAME":"4th Ave"}},{"type":"Feature","geometry":{"type":"LineString","coordinates":[[-73.771461000037363,42.639247000325796],[-73.771488999626456,42.639417999921676],[-73.771497000022379,42.639468000190028],[-73.771630999916681,42.640278999685236],[-73.771767000359119,42.641269000077607],[-73.771801999620891,42.64155299999387],[-73.771907999926114,42.641907000089546],[-73.771953999956864,42.641993000152155],[-73.772061999911898,42.642177999830139],[-73.772128999859063,42.642304000285336],[-73.772164999844051,42.642401999875567],[-73.772185999760453,42.642543999722669],[-73.772138000079877,42.642821999769424],[-73.772041999820416,42.64298799990857],[-73.77190899975102,42.643120999788053],[-73.771683999620137,42.643260999771329],[-73.771129999601271,42.643482999684295],[-73.770836999698304,42.643586999984187],[-73.77074600036002,42.643646999849381],[-73.770716000222791,42.643694999832043]]},"properties":{"NAME":"Slingerland St"}},{"type":"Feature","geometry":{"type":"LineString","coordinates":[[-73.756659000061816,42.666438999888129],[-73.757105999950568,42.666757999776266],[-73.757227000324377,42.666864000238157],[-73.757321999860636,42.667004000284507],[-73.757363999693439,42.667117000011807],[-73.757398000028616,42.667263999817209],[-73.757399999678455,42.667379999867606],[-73.757376000287309,42.667465999719688],[-73.757285000050715,42.667654999759947],[-73.756120000111565,42.668841000305179],[-73.75591500007215,42.669011999792019],[-73.754544000268695,42.670112000170079],[-73.754033999732428,42.670520999935832]]},"properties":{"NAME":"Dudley Hts"}},{"type":"Feature","geometry":{"type":"LineString","coordinates":[[-73.78182500001418,42.64104300030224],[-73.781861999824116,42.641178999791713],[-73.782507000079562,42.642154000249448],[-73.783386999613356,42.64346199991396]]},"properties":{"NAME":"Marinello Ter"}},{"type":"Feature","geometry":{"type":"LineString","coordinates":[[-73.751198000414149,42.647677999756873],[-73.751035000207523,42.64732999968453],[-73.750980999780865,42.647168000057611],[-73.750938999948076,42.646902000138532],[-73.750891000267487,42.646399999780741],[-73.75088399969647,42.646181000202169],[-73.750908999810832,42.645804000213985],[-73.750926000427583,42.645424000050319],[-73.750960999689383,42.64535699976512],[-73.751026999811614,42.645320000178273],[-73.751094999583685,42.645317000300075],[-73.751220999980376,42.645341999720934],[-73.751409000301351,42.645416000168005],[-73.75170600040228,42.645586000254397],[-73.751861000212983,42.645711999754383],[-73.751954999924308,42.645817000023762]]},"properties":{"NAME":"Liberty St"}},{"type":"Feature","geometry":{"type":"LineString","coordinates":[[-73.753196999856343,42.649273999961309],[-73.753949000241931,42.649476999842456],[-73.754023999686694,42.649498999897197],[-73.754432999940605,42.649597999716896],[-73.754771000049402,42.64969900003792],[-73.755350000182631,42.649935999702457],[-73.755879000087134,42.650166999836259],[-73.756310000082351,42.650366999811212]]},"properties":{"NAME":"Howard St"}},{"type":"Feature","geometry":{"type":"LineString","coordinates":[[-73.768885999936685,42.653576999848113],[-73.768750000392572,42.65399799987231]]},"properties":{"NAME":"Henry Johnson Blvd"}},{"type":"Feature","geometry":{"type":"LineString","coordinates":[[-73.750578000273038,42.64264399982077],[-73.751051000101072,42.642398000070621],[-73.751140999614435,42.642349999748106],[-73.751246999919644,42.642280999880384],[-73.751328999935396,42.642229000312597]]},"properties":{"NAME":null}},{"type":"Feature","geometry":{"type":"LineString","coordinates":[[-73.750287999844815,42.644693999778809],[-73.750509999602684,42.644779999953563],[-73.750754000000128,42.644806999745768],[-73.750929999727234,42.644811000056578],[-73.751231000026124,42.644798000036587],[-73.751401999730348,42.644755000306873],[-73.75147299987546,42.644729000240751]]},"properties":{"NAME":null}},{"type":"Feature","geometry":{"type":"LineString","coordinates":[[-73.815850000245561,42.67414000024079],[-73.815810000062598,42.67419500001499],[-73.815478999626492,42.674782000276956],[-73.815332000211711,42.675010000150614],[-73.81507500029376,42.675343999718208],[-73.813989999822255,42.676552999793124]]},"properties":{"NAME":"Oxford Rd"}},{"type":"Feature","geometry":{"type":"LineString","coordinates":[[-73.75690900030709,42.653052999733511],[-73.756861999553095,42.653100999725986],[-73.756808999849639,42.653148000068086],[-73.755992000065049,42.653938000080693]]},"properties":{"NAME":"Hawk St"}},{"type":"Feature","geometry":{"type":"LineString","coordinates":[[-73.788208999751646,42.65432799967369],[-73.78746499976198,42.654155000242433]]},"properties":{"NAME":"Ave B"}},{"type":"Feature","geometry":{"type":"LineString","coordinates":[[-73.778758999643813,42.643773999736609],[-73.779315000210829,42.644459999884603]]},"properties":{"NAME":"Catalpa Dr"}},{"type":"Feature","geometry":{"type":"LineString","coordinates":[[-73.798617000109402,42.66646300000707],[-73.798679999858592,42.666509000099047]]},"properties":{"NAME":null}},{"type":"Feature","geometry":{"type":"LineString","coordinates":[[-73.816539999808569,42.679714999986359],[-73.816579999991546,42.679469000255928],[-73.816621999824335,42.679408000096913],[-73.816703000015181,42.67934799973051],[-73.816876000267555,42.679287000113113],[-73.817066000238341,42.679305000114695],[-73.817155999751733,42.679328999888604],[-73.817344000072694,42.679408000096913]]},"properties":{"NAME":null}},{"type":"Feature","geometry":{"type":"LineString","coordinates":[[-73.796053999704284,42.643736000104489],[-73.797115999711266,42.644137999975008],[-73.797894000036109,42.64441000032398],[-73.798179000441493,42.644531000143161]]},"properties":{"NAME":"Dartmouth St"}},{"type":"Feature","geometry":{"type":"LineString","coordinates":[[-73.778022000225164,42.65742600031529],[-73.77998200020761,42.658536999671995],[-73.780464000256444,42.658825000099576],[-73.782616999684436,42.660037000272212],[-73.784077999899566,42.660874999908252],[-73.784775999858496,42.661279999763558],[-73.784841000155822,42.661316999765653],[-73.785806999903329,42.661869000056342]]},"properties":{"NAME":"Yates St"}},{"type":"Feature","geometry":{"type":"LineString","coordinates":[[-73.752036999940074,42.644419000089236],[-73.752288000010239,42.644539000139325],[-73.75250999976808,42.644645000156189],[-73.752710999609548,42.644740999865995],[-73.7536930001489,42.645050999734487]]},"properties":{"NAME":"Bleeker St"}},{"type":"Feature","geometry":{"type":"LineString","coordinates":[[-73.792415999771706,42.653655999756019],[-73.792117000020966,42.654359999897622],[-73.791901000110897,42.654841000206368],[-73.791603000185077,42.655392000273586],[-73.790772000156764,42.657074999977375],[-73.790689000316078,42.657189999672006],[-73.79061599962283,42.657276999954611],[-73.790418999979337,42.657416000244666]]},"properties":{"NAME":"Glenwood St"}},{"type":"Feature","geometry":{"type":"LineString","coordinates":[[-73.751554999891226,42.672575000318822],[-73.752094999666383,42.672858999957043],[-73.753284999719881,42.673453999868237],[-73.753374000306664,42.673542999740377],[-73.753384000352412,42.673678000215943],[-73.753320999704897,42.673797999952157],[-73.753310999659163,42.673886999992149],[-73.753555999881556,42.674006999985238]]},"properties":{"NAME":null}},{"type":"Feature","geometry":{"type":"LineString","coordinates":[[-73.810690999823393,42.665843000127509],[-73.811116999795729,42.665438999686963],[-73.813102999717444,42.663530999909682],[-73.81384599988219,42.662868000094868],[-73.815353999953018,42.661474000154342]]},"properties":{"NAME":"Davis Ave"}},{"type":"Feature","geometry":{"type":"LineString","coordinates":[[-73.76911899956518,42.665326000212239],[-73.768368999727755,42.666038000218151],[-73.767653000225479,42.66668100011259],[-73.766956000091469,42.667354000011791],[-73.766200000406229,42.668071000078399],[-73.765935999917275,42.668304000283648],[-73.765838999832908,42.668401999862418],[-73.765827000137335,42.668465999679128]]},"properties":{"NAME":"N Lake Ave"}},{"type":"Feature","geometry":{"type":"LineString","coordinates":[[-73.775894000013238,42.659405000288913],[-73.776822999950824,42.659892000224033],[-73.778367000006654,42.660786999884415],[-73.78054700009713,42.662034000100114],[-73.782101000198708,42.662890000036732],[-73.782688999654439,42.663244000252938]]},"properties":{"NAME":"Hudson Ave"}},{"type":"Feature","geometry":{"type":"LineString","coordinates":[[-73.750189000110623,42.643070000036793],[-73.7500679997368,42.643186000291486],[-73.749755999567256,42.643518999934862],[-73.749667999703718,42.643683999770445],[-73.749650000160372,42.643731999724551],[-73.749631999718702,42.64379299987435],[-73.749615000000261,42.64386599975834],[-73.749609000152489,42.643939999978763],[-73.749615000000261,42.644049000294942],[-73.749629000243971,42.644151000132915]]},"properties":{"NAME":null}},{"type":"Feature","geometry":{"type":"LineString","coordinates":[[-73.803368999927486,42.676442999746762],[-73.803004999879406,42.676735000018638],[-73.802915000366042,42.676830999726931],[-73.802752999984335,42.677030999798539],[-73.802517999807691,42.677409999796573],[-73.802444000187862,42.677597000217766],[-73.802367000194948,42.677842000218114],[-73.802285000179182,42.678112999902041],[-73.802133999668129,42.678769999749449]]},"properties":{"NAME":null}},{"type":"Feature","geometry":{"type":"LineString","coordinates":[[-73.792902000018529,42.662496000139178],[-73.793158000111561,42.662455999805438],[-73.793303999701422,42.662439999796838],[-73.793518999786585,42.662460000302367],[-73.793671000122544,42.662529999709051],[-73.793860000268424,42.662638999817254],[-73.794137000277871,42.662814000324659],[-73.795255000361337,42.663461000308907]]},"properties":{"NAME":"Warren St"}},{"type":"Feature","geometry":{"type":"LineString","coordinates":[[-73.799294000151917,42.665845000267034],[-73.799356000076173,42.66589100015576],[-73.800012000202301,42.666274999708115],[-73.800368999679378,42.666474000003419],[-73.801407000295228,42.667057999718047],[-73.802419000073513,42.667648000135678]]},"properties":{"NAME":"Plymouth St"}},{"type":"Feature","geometry":{"type":"LineString","coordinates":[[-73.794395999845648,42.661930999727801],[-73.795075000436285,42.661279999763558],[-73.795712000295822,42.660662000026797],[-73.796266000314702,42.660155999758416],[-73.798069999763214,42.658456999830292],[-73.79837299971193,42.658175999711077],[-73.798874999852259,42.657686999807382],[-73.800042000339545,42.656644000108535],[-73.80062499977241,42.656037999967339]]},"properties":{"NAME":"W Lawrence St"}},{"type":"Feature","geometry":{"type":"LineString","coordinates":[[-73.751985000061538,42.67368000010336],[-73.751554000066307,42.674064999689712]]},"properties":{"NAME":"Bryn Mawr Ct"}},{"type":"Feature","geometry":{"type":"LineString","coordinates":[[-73.751104999629419,42.664652000066908],[-73.750624000303802,42.664372999727441]]},"properties":{"NAME":"Dudley Park"}},{"type":"Feature","geometry":{"type":"LineString","coordinates":[[-73.814234000219713,42.652537999740879],[-73.812656999653612,42.654025999887395],[-73.811193999788628,42.655441000019202]]},"properties":{"NAME":"Bancroft St"}},{"type":"Feature","geometry":{"type":"LineString","coordinates":[[-73.749629000243971,42.644151000132915],[-73.749702000038894,42.643928999960487],[-73.74973899984883,42.643818999670856],[-73.7497510004427,42.643778000113855],[-73.749755999567256,42.643762999688988],[-73.749779999856713,42.643719000139882],[-73.749861999872479,42.643563000286214],[-73.74999199956882,42.643429000260547],[-73.750068999561705,42.643366999983371],[-73.750122000163472,42.643324999696539],[-73.750292000042791,42.643239000153578],[-73.750440000180788,42.643173999705517],[-73.750615999907879,42.643134999932705],[-73.750722000213088,42.643122000223286],[-73.750846000061657,42.643113000270347],[-73.750970999735131,42.643108000075657],[-73.751098999781647,42.643122000223286],[-73.751157000406266,42.643132999723449],[-73.751286000277716,42.643155999813423],[-73.751442999738231,42.643216999867192]]},"properties":{"NAME":null}},{"type":"Feature","geometry":{"type":"LineString","coordinates":[[-73.817570999853416,42.673016000258194],[-73.818904000022044,42.673795000126695]]},"properties":{"NAME":"Avon Pl"}},{"type":"Feature","geometry":{"type":"LineString","coordinates":[[-73.770510000358456,42.661229999850782],[-73.771604000152493,42.662229999715251],[-73.772312999982077,42.662841000215593],[-73.772641999870032,42.663138999676917],[-73.773852000015012,42.66416900014994],[-73.774338000261835,42.664603000313363],[-73.776115999771079,42.666168000158997]]},"properties":{"NAME":"West St"}},{"type":"Feature","geometry":{"type":"LineString","coordinates":[[-73.754104999877541,42.655720000140604],[-73.753611000133134,42.656221999934594],[-73.753549000208835,42.656268999900007],[-73.753468000017989,42.656306000241329],[-73.75332900010082,42.656415000029796],[-73.75312599971123,42.656629999700911],[-73.752780999929726,42.656970999765882]]},"properties":{"NAME":"N Hawk St"}},{"type":"Feature","geometry":{"type":"LineString","coordinates":[[-73.754781999920056,42.647778000192211],[-73.754872000331744,42.647690999835788],[-73.755031000340409,42.647566999785752],[-73.755121999678678,42.647499000122302],[-73.755242000227597,42.647409999964616],[-73.755659999804024,42.647086000044851],[-73.75585099959973,42.646962000110292],[-73.756202000127331,42.646679999871822],[-73.756495999855218,42.646239000099236],[-73.756900000086247,42.645661999878449],[-73.757167000049947,42.64528000002867],[-73.75756899973284,42.64469099987042],[-73.757891999773022,42.644225999771031],[-73.75813799982032,42.64386200004752],[-73.758402000309275,42.643490999815192],[-73.758771000380221,42.642957999995822],[-73.758915000320272,42.642742999977592],[-73.759248000406203,42.642258000127747]]},"properties":{"NAME":"Grand St"}},{"type":"Feature","geometry":{"type":"LineString","coordinates":[[-73.810741999877024,42.664351000310312],[-73.810772999839159,42.664339999938299],[-73.812162999909191,42.663027000100101],[-73.812275999887092,42.662935000013711],[-73.814435000061167,42.660917999724461]]},"properties":{"NAME":"Milner Ave"}},{"type":"Feature","geometry":{"type":"LineString","coordinates":[[-73.766418999791043,42.656671000036241],[-73.766530999944052,42.656772000102457],[-73.766609999586748,42.65683000003358]]},"properties":{"NAME":"Henry Johnson Blvd"}},{"type":"Feature","geometry":{"type":"LineString","coordinates":[[-73.81941299983508,42.665661999783886],[-73.820048999869712,42.666015000002162],[-73.820510000002159,42.666296999765443],[-73.821294000174788,42.666805999758559],[-73.822068000301684,42.667314000161589],[-73.822709000359197,42.667740999892104]]},"properties":{"NAME":"Huron Ave"}},{"type":"Feature","geometry":{"type":"LineString","coordinates":[[-73.815814000260559,42.657275999747029],[-73.815690000412005,42.657228999882108],[-73.815102000057962,42.65694800015936],[-73.81476399994915,42.656793000004043],[-73.813866999798591,42.656421000036822],[-73.812988000089717,42.656082000052116],[-73.81205099975621,42.655749999844694],[-73.811193999788628,42.655441000019202],[-73.810363999585249,42.655135000045171],[-73.810363999585249,42.655098000328415]]},"properties":{"NAME":"Hurst Ave"}},{"type":"Feature","geometry":{"type":"LineString","coordinates":[[-73.750897999940193,42.664016999796388],[-73.750624000303802,42.664372999727441]]},"properties":{"NAME":"Dudley Park"}},{"type":"Feature","geometry":{"type":"LineString","coordinates":[[-73.816426000005748,42.656443000277989],[-73.816928000146078,42.65672499985655],[-73.819349000260971,42.658097000259978],[-73.819391000093759,42.658106000026905],[-73.819529000186037,42.658100000182458]]},"properties":{"NAME":"Berncliff Ave"}},{"type":"Feature","geometry":{"type":"LineString","coordinates":[[-73.750092000026243,42.647067999963099],[-73.750759000023024,42.646923999782487],[-73.750938999948076,42.646902000138532],[-73.75104699990311,42.646900000050344],[-73.751631999884125,42.646951999678521],[-73.752477999981039,42.647044999997938],[-73.753586000018771,42.647245000100099]]},"properties":{"NAME":"Division St"}},{"type":"Feature","geometry":{"type":"LineString","coordinates":[[-73.77844900002242,42.674231000321171],[-73.778854000078368,42.674000999693924],[-73.77926800035516,42.673669000061267],[-73.779290000096466,42.673632000145545]]},"properties":{"NAME":"Bleecker Ter"}},{"type":"Feature","geometry":{"type":"LineString","coordinates":[[-73.802419999898405,42.66012799986094],[-73.80246799957898,42.660146000126772],[-73.802543999746959,42.660175000177112],[-73.803675000249243,42.660572000052987],[-73.804091000175859,42.660762000065105],[-73.804947000318506,42.6612429997395],[-73.805609000292407,42.661593000193271]]},"properties":{"NAME":"Linden Rd"}},{"type":"Feature","geometry":{"type":"LineString","coordinates":[[-73.789803999861107,42.642432999841908],[-73.788797000105717,42.64335200012021],[-73.788363999562335,42.64376700006698],[-73.787941999787961,42.644202000319559],[-73.787208999668948,42.644899999968054]]},"properties":{"NAME":"Joanne Ct"}},{"type":"Feature","geometry":{"type":"LineString","coordinates":[[-73.791667999584078,42.638952000219781],[-73.791135000379924,42.639452000214256],[-73.790901000028185,42.639666999710151],[-73.79058800003375,42.639986999981488],[-73.790567000117349,42.640080000139974],[-73.790465999835021,42.640266000039851],[-73.790401000436006,42.640351999727429],[-73.790294000305892,42.640469000241055],[-73.790150000365827,42.64057899984558],[-73.790049999908405,42.640580000321691]]},"properties":{"NAME":"Simpson Ave"}},{"type":"Feature","geometry":{"type":"LineString","coordinates":[[-73.7888049996033,42.645701999782389],[-73.789416000421909,42.645108000281823],[-73.790732999798692,42.643872000315277],[-73.791322999802574,42.643303999872913],[-73.79262099981112,42.642080999678221],[-73.794779999985195,42.640043999881939]]},"properties":{"NAME":"Edgecomb St"}},{"type":"Feature","geometry":{"type":"LineString","coordinates":[[-73.804158000122996,42.652861000053939],[-73.802364999646827,42.654623000205987]]},"properties":{"NAME":null}},{"type":"Feature","geometry":{"type":"LineString","coordinates":[[-73.76943900013066,42.648651000085515],[-73.769255999832552,42.648499000119173],[-73.768637000414657,42.647850000326827],[-73.768284000237244,42.647461999827229],[-73.768105000137098,42.647243999731174]]},"properties":{"NAME":null}},{"type":"Feature","geometry":{"type":"LineString","coordinates":[[-73.812759999585779,42.673145000183538],[-73.812808000164665,42.673075000180475],[-73.812921000142566,42.673038999865135]]},"properties":{"NAME":"Hillcrest Ave"}},{"type":"Feature","geometry":{"type":"LineString","coordinates":[[-73.772815000122407,42.644801999687239],[-73.773760999778446,42.646039000066473]]},"properties":{"NAME":"Besch Ave"}},{"type":"Feature","geometry":{"type":"LineString","coordinates":[[-73.810680999777645,42.672486999683855],[-73.811961000242832,42.671251000236559],[-73.812834000103933,42.67048200013722],[-73.814178999968135,42.66923400026657],[-73.814769999796937,42.668713000056918],[-73.815077999768491,42.668395000322221],[-73.816871000244674,42.666732000320842]]},"properties":{"NAME":"Orlando Ave"}},{"type":"Feature","geometry":{"type":"LineString","coordinates":[[-73.797064999657636,42.649583999705243],[-73.797109000038574,42.649623999730153],[-73.797550999904459,42.649842999741026],[-73.797982999724582,42.650045999747348],[-73.798415000443029,42.650250000072425],[-73.799003999723681,42.650533000299674],[-73.799965000346646,42.650989999678103],[-73.800916999850458,42.651466999740322],[-73.801353999693461,42.651665000225044],[-73.801964999613745,42.651967000244291],[-73.802033000284126,42.652001000285871],[-73.802080999964687,42.652026000324042],[-73.802733999717759,42.652338999766265],[-73.802819999931486,42.652368999779981],[-73.802944999604961,42.65238299982547],[-73.803143999796589,42.652433999870119],[-73.803228000360491,42.652426999853503]]},"properties":{"NAME":"Hackett Blvd"}}]}