{"type":"FeatureCollection","features":[{"type":"Feature","geometry":{"type":"LineString","coordinates":[[-73.759101000093111,42.663257999831927],[-73.759079000351804,42.663340000322442],[-73.758664000250093,42.663708000096264],[-73.758196000444954,42.664124999842457],[-73.757906000016732,42.664303999848102],[-73.757818000153193,42.664358000305874],[-73.75777499959716,42.664387999805918],[-73.757706999825089,42.66443400011223],[-73.756901999736073,42.665193000251676],[-73.75678499956021,42.665298000000838],[-73.756551999931702,42.66545999996422],[-73.75638899972509,42.66557900030039],[-73.75591599989707,42.665899000046764],[-73.755889999957787,42.665908000005516],[-73.755877000437323,42.665926999987512],[-73.755798999721193,42.665963999866214],[-73.755217000113234,42.666219000127576],[-73.754779000445325,42.666446000309087],[-73.754572999682679,42.666537999823611],[-73.754191999916173,42.666707000249886],[-73.754044999603082,42.666771999885043],[-73.75363000039971,42.666944999883498],[-73.753206999902076,42.667123999695868],[-73.752979000296449,42.667219999718668],[-73.752523000186869,42.667404000283781],[-73.75195800029735,42.667630000060193],[-73.751677999914875,42.667755999818503],[-73.751309999668834,42.66794599967352],[-73.750815000099507,42.668211000048473],[-73.750444000378749,42.668424999855716],[-73.750152000300702,42.668622999848431],[-73.749903999705253,42.668797000001888],[-73.749850000176892,42.66884200032672],[-73.749630999893796,42.669003000282707],[-73.749394999892232,42.669199999739504],[-73.749113999684837,42.669468000086894],[-73.749045999912781,42.66953200012712],[-73.748948000003494,42.669635999804193],[-73.748864000337903,42.669704999709886],[-73.748821999606804,42.669745000003054],[-73.748584999780334,42.669995999933967],[-73.748317999816635,42.670319000053588],[-73.747933999677073,42.670820000220772],[-73.747675000109325,42.671230999917313],[-73.747526000146394,42.671515999731028],[-73.747301999840417,42.672016000186446],[-73.747290000144829,42.67205499968302],[-73.747089000303376,42.672566999966079],[-73.746972999952419,42.673007000007651],[-73.74693299976947,42.673213000205372],[-73.746904000355457,42.673747000257691],[-73.74694500036334,42.674227999856143],[-73.746979999625125,42.674414000014025],[-73.74710600002183,42.674828000156616],[-73.747188999862502,42.67504599998464],[-73.7473579999169,42.675383999684492],[-73.747567999979196,42.675738000080003],[-73.747608000162174,42.675793999670496],[-73.747636999576159,42.675835999825637],[-73.748460999931766,42.677188000126961],[-73.748676000016928,42.677507000325413],[-73.749377000348886,42.678752000253318],[-73.750220999897664,42.680078000032438],[-73.750415000066425,42.680404999928392],[-73.750490000409499,42.680528999877176],[-73.750872000000925,42.681218000202726],[-73.751102000154702,42.681617999858517],[-73.751121000421264,42.681703000006671],[-73.751133000116837,42.681755000249773]]},"properties":{"NAME":"US Hwy 9"}},{"type":"Feature","geometry":{"type":"LineString","coordinates":[[-73.759101000093111,42.663257999831927],[-73.758990999589926,42.663292000306221],[-73.758584999709072,42.663659000259251],[-73.758481999776905,42.663735000259592],[-73.758244000125529,42.663879999932895],[-73.757890000123211,42.664075000235897],[-73.757598000045149,42.664242999996333],[-73.757565000433203,42.664264000017027],[-73.757439999861418,42.66434400031401],[-73.756409999641477,42.665225000168824],[-73.756111999715657,42.665427000091569],[-73.755622999994102,42.665790999779837],[-73.755577999788258,42.665824000119827],[-73.755103000310427,42.66611199982151],[-73.754044999603082,42.66663099991959],[-73.753394000398146,42.666935000022711],[-73.752801999846128,42.667163000280325],[-73.752123999978693,42.667430000118685],[-73.751862000037875,42.667544999816919],[-73.751077000040326,42.667938000045908],[-73.75073200025885,42.668128000005161],[-73.750172000392183,42.668480000063759],[-73.749842999605917,42.668700999772447],[-73.749757000290501,42.668773000123544],[-73.749475000258187,42.668979999842698],[-73.749296999982946,42.669146000185243],[-73.748928999736904,42.669483000257074],[-73.748877999683287,42.669535000158348],[-73.748834000200674,42.669584999996992],[-73.748763999880481,42.669665000051509],[-73.748695000283504,42.669746000010043],[-73.748470000152594,42.669968999847924],[-73.748203000188909,42.670278000131404],[-73.74787900032382,42.67070399998498],[-73.747655999842735,42.67106099991598],[-73.747446999605373,42.671442999935671],[-73.747194999710302,42.671958999862142],[-73.747183000014715,42.671999000025671],[-73.747162000098328,42.672045999953795],[-73.747028000204025,42.672417000260609],[-73.746921000073897,42.672785999757686],[-73.746825999639356,42.673197000323484],[-73.746793999852301,42.673490999889928],[-73.746794999677206,42.673830000062843],[-73.746839000058131,42.674256999942259],[-73.746928999571495,42.674671999737541],[-73.746957000058913,42.674748000143012],[-73.747055999793119,42.675015999684099],[-73.747155000425636,42.675253999865085],[-73.747353999718953,42.675599999717853],[-73.747490000161378,42.675799999788751],[-73.7475329998191,42.675862000096096],[-73.74756100030649,42.675899000005067],[-73.748265000113193,42.677074000327558],[-73.74862099976535,42.677641000235084],[-73.74897899996563,42.678277999757029],[-73.749286000112292,42.67879699997453],[-73.750106000269938,42.680164000145609],[-73.750296000240752,42.680532999871417],[-73.751008000443349,42.681653000011281],[-73.751037999682268,42.681677000198995],[-73.751133000116837,42.681755000249773]]},"properties":{"NAME":"US Hwy 9"}},{"type":"Feature","geometry":{"type":"LineString","coordinates":[[-73.75993200012141,42.659968000204898],[-73.760493999637887,42.659411000007488],[-73.761102000083426,42.658815999776081],[-73.761600000025808,42.658334999824028],[-73.761744999790764,42.658176999904185],[-73.762308999855378,42.657646000141931],[-73.762728000155022,42.657256000216471],[-73.763225000272485,42.656791999788673],[-73.763264999557137,42.656749999977734],[-73.763749000154135,42.656273999697461],[-73.764181999799163,42.655849999854908],[-73.76475799955935,42.655284999831991],[-73.765292000385045,42.654758999738284],[-73.765785000304547,42.654291999732393],[-73.765868000145232,42.654221000044032],[-73.766289999919621,42.653813000328832],[-73.766905999862757,42.653214000277657],[-73.767007000145114,42.653115999881166],[-73.767712999601628,42.652438999975857],[-73.767721999822456,42.652230000101255],[-73.767765000378475,42.652059999672673],[-73.767853000242027,42.651893999956144],[-73.767979999565313,42.651638000105926],[-73.76807800037291,42.651449000265615],[-73.768136999924153,42.651337999756109],[-73.768311000001418,42.650968000150726],[-73.768642000437538,42.650248000091928],[-73.769035999724522,42.64944899976156],[-73.76943900013066,42.648651000085515],[-73.769521000146426,42.648461999758176],[-73.769843000361689,42.647864000068004],[-73.770183999945232,42.647261000054044],[-73.770300000296174,42.64707600029373],[-73.770563000061912,42.64663700012143],[-73.770729999568175,42.64638599971007],[-73.771353000082328,42.645654000026745],[-73.771418000379654,42.645581999993411],[-73.77145199981652,42.645557000008232],[-73.77170700008466,42.6453580001644],[-73.772143000102758,42.645096999809333],[-73.772815000122407,42.644801999687239],[-73.772912000206773,42.644746999677736],[-73.774028999567037,42.644271000039112],[-73.774281000360432,42.644160999693391],[-73.775141999627635,42.643789000158833],[-73.775278000070088,42.643722999859854],[-73.776057000219851,42.643404000070952],[-73.776453999879877,42.643213999887585],[-73.77708099969368,42.642939000263887],[-73.777202999892424,42.642883000150661],[-73.778165000340309,42.642469000039249],[-73.778814999720325,42.642174999800474],[-73.779069000163545,42.642082000130181],[-73.779227000347277,42.642013999757474],[-73.779822000374025,42.641788999840905],[-73.779962000116114,42.641729000166244],[-73.780890000228808,42.641389000256211],[-73.78182500001418,42.64104300030224],[-73.782738999883165,42.6407029999475],[-73.783395000009278,42.640469000241055],[-73.7845509997276,42.640068000276528],[-73.785702000321336,42.639631999704505],[-73.785400000197555,42.63918199967214],[-73.783774000125959,42.636812999950443],[-73.782467999721518,42.636623000126214],[-73.781579999791788,42.636502000127102],[-73.780578000059265,42.636358999824836],[-73.780255000019068,42.636307999817738],[-73.779136000110697,42.636127999964089],[-73.777758999561115,42.635908000023306],[-73.777670999697577,42.635890999902422],[-73.777587000031971,42.635872999885933],[-73.777306999649511,42.635831999718825],[-73.777036000386175,42.635797000199581],[-73.776740000110152,42.635706999929219],[-73.776439999636196,42.635588999818125],[-73.776376999886992,42.635574000062412],[-73.775950999914642,42.635383999759611],[-73.775853999830261,42.635331999714765],[-73.775663999859461,42.635197999805655]]},"properties":{"NAME":"US Hwy 9w"}},{"type":"Feature","geometry":{"type":"LineString","coordinates":[[-73.75401000034131,42.66456199992372],[-73.754488000192197,42.664220999872676],[-73.754949000324643,42.663871999782032],[-73.75533299956588,42.663516000284964],[-73.755693000314295,42.663163999861638],[-73.756448999999535,42.662435999959214],[-73.75723999984487,42.661709999731933],[-73.757971000314072,42.661047999802207],[-73.758694000387337,42.660359999952092],[-73.759436999653772,42.659675999771288]]},"properties":{"NAME":"Lark St"}},{"type":"Feature","geometry":{"type":"LineString","coordinates":[[-73.75993200012141,42.659968000204898],[-73.760493999637887,42.659411000007488],[-73.761102000083426,42.658815999776081],[-73.761600000025808,42.658334999824028],[-73.761744999790764,42.658176999904185],[-73.762308999855378,42.657646000141931],[-73.762728000155022,42.657256000216471],[-73.763225000272485,42.656791999788673],[-73.763264999557137,42.656749999977734],[-73.763749000154135,42.656273999697461],[-73.764181999799163,42.655849999854908],[-73.76475799955935,42.655284999831991],[-73.765292000385045,42.654758999738284],[-73.765785000304547,42.654291999732393],[-73.765868000145232,42.654221000044032],[-73.766289999919621,42.653813000328832],[-73.766905999862757,42.653214000277657],[-73.767007000145114,42.653115999881166],[-73.767712999601628,42.652438999975857]]},"properties":{"NAME":"Lark St"}},{"type":"Feature","geometry":{"type":"LineString","coordinates":[[-73.755092000439774,42.651665000225044],[-73.75516100003675,42.651543999746771],[-73.755414999581646,42.651257000259228],[-73.755474999856105,42.651196999805343],[-73.755539000328525,42.651135000002284]]},"properties":{"NAME":"Eagle St"}},{"type":"Feature","geometry":{"type":"LineString","coordinates":[[-73.752733000249165,42.649862000007296],[-73.752821000112704,42.649748999972587],[-73.753028999626849,42.649470999826214],[-73.753196999856343,42.649273999961309],[-73.753319999879977,42.649130000262346],[-73.753570000125237,42.648768999872829],[-73.753762999570782,42.648344000049171],[-73.753925999777408,42.647918999964681],[-73.754124999969022,42.647499999826373],[-73.754166999801825,42.647394000048983],[-73.754195000289215,42.647346999983903],[-73.754231000274231,42.647267000283513],[-73.754266000434342,42.647184999740496],[-73.754288000175649,42.64711899974067],[-73.754319000137784,42.647056999837197],[-73.754331999658262,42.647019000228148],[-73.754370000191415,42.646888000180795],[-73.754557999614065,42.646241999932968],[-73.754627000109352,42.646085999798274],[-73.754776000072269,42.645753000019099],[-73.75507999984589,42.645154000314477],[-73.755166000059617,42.644990000157442],[-73.75561700014633,42.644104000260732],[-73.756137999654911,42.643054000326472],[-73.756468000266111,42.642364999852894],[-73.756750000298425,42.641900000209816],[-73.75678499956021,42.64186200009393],[-73.757187999966348,42.641133999930368],[-73.757265999784153,42.64103799994119],[-73.757331999906384,42.640940999994385],[-73.757545000341707,42.640606000139307],[-73.757827000374007,42.640020999963191],[-73.757938999628692,42.639799000252772],[-73.757993999880284,42.639684999950809],[-73.758268000414972,42.639114999933781],[-73.758522999784788,42.638515999757821],[-73.758650000006398,42.638311999941564],[-73.758763999809219,42.638169999687605],[-73.758952000130193,42.63800399991068],[-73.760308999689954,42.636839000020373],[-73.761564999865712,42.635717000185977],[-73.761976999594353,42.635348000089031],[-73.762041000066773,42.635296999914317],[-73.762201999725249,42.635140000189494],[-73.762764999964958,42.63463000014363],[-73.763149999929411,42.634239999970866],[-73.763597999643082,42.633665000011518],[-73.76373400008552,42.633478000277591],[-73.763794000359965,42.633393000272854],[-73.763840000390715,42.633329999976723],[-73.763914999835492,42.633242999903523],[-73.764220000332315,42.632702000000691],[-73.764636000258918,42.63206799992394],[-73.766329000277679,42.62941199989325],[-73.766812000151432,42.628560999890077],[-73.766889000144332,42.628412999793866],[-73.767060999673475,42.628085000023539],[-73.767162999780695,42.627935000080605],[-73.768191000350825,42.626264999744656],[-73.768414999758505,42.625770999873055],[-73.768510000193046,42.625517999776264],[-73.768528999561312,42.625391000304091],[-73.768558999698541,42.625092999760327],[-73.768551000200929,42.624918000193553],[-73.768536000132329,42.624682999888094],[-73.768525000261661,42.624497999754922],[-73.768492999576296,42.624278999762062],[-73.768423000154428,42.624003999742307],[-73.768286999711975,42.623641000130092],[-73.767819999731742,42.622714000093112],[-73.767146999887188,42.621269000060444]]},"properties":{"NAME":"S Pearl St"}},{"type":"Feature","geometry":{"type":"LineString","coordinates":[[-73.755539000328525,42.651135000002284],[-73.754078000113367,42.650432000011449],[-73.753462000170217,42.650119999884282],[-73.752821000112704,42.649748999972587],[-73.752236999956608,42.649438000056662],[-73.7517719996262,42.649190999744235],[-73.751607999594654,42.649126000229273],[-73.751174000124706,42.648920999840136],[-73.751073999667284,42.648905000313157]]},"properties":{"NAME":"State St"}},{"type":"Feature","geometry":{"type":"LineString","coordinates":[[-73.750822999597119,42.648845999915743],[-73.751073999667284,42.648905000313157]]},"properties":{"NAME":"State St"}},{"type":"Feature","geometry":{"type":"LineString","coordinates":[[-73.751073999667284,42.648905000313157],[-73.751118000048209,42.648978999825374],[-73.751570999784747,42.64922900000861],[-73.751698000006343,42.649300000109996],[-73.752137000397482,42.649559000006931],[-73.752733000249165,42.649862000007296],[-73.753336999598432,42.650205000165101],[-73.7536930001489,42.650391000187845],[-73.75397799965593,42.650545999781905],[-73.755414999581646,42.651257000259228]]},"properties":{"NAME":"State St"}},{"type":"Feature","geometry":{"type":"LineString","coordinates":[[-73.755092000439774,42.651665000225044],[-73.755068999975236,42.651769000060277],[-73.755068999975236,42.651854000069648],[-73.755083000218931,42.65191900003731],[-73.755151999815908,42.652105999850065],[-73.755721999728294,42.652410999906969],[-73.756188999708542,42.652659999888527],[-73.756454999847321,42.652802999724486],[-73.75690900030709,42.653052999733511],[-73.757592000197377,42.653453999908834],[-73.758982000267423,42.654273000158732],[-73.760415999820083,42.655073000203821],[-73.760652999646538,42.655212999715189],[-73.761169999855483,42.655498999870453],[-73.762545999681834,42.656333000315847],[-73.763264999557137,42.656749999977734]]},"properties":{"NAME":"Washington Ave"}},{"type":"Feature","geometry":{"type":"LineString","coordinates":[[-73.748852999568925,42.653820999791925],[-73.749008000277954,42.653833999908272],[-73.749153000042895,42.653860999734697],[-73.749312999876466,42.653905000038456],[-73.74959400008386,42.6540120002118],[-73.749859000397734,42.654132999852564],[-73.750030999926878,42.654243999998506],[-73.750563000204423,42.654560000263558],[-73.751162000429147,42.654911999847528],[-73.751323999912543,42.655008000229138],[-73.751920999589117,42.65533999977324],[-73.753549000208835,42.656268999900007],[-73.754340999879091,42.656744000002405],[-73.755254999748075,42.657275999747029],[-73.755670999674678,42.657513999810831],[-73.757213999905588,42.658396999716338],[-73.757778999795121,42.658731000033242],[-73.759436999653772,42.659675999771288],[-73.75993200012141,42.659968000204898],[-73.760876000127624,42.66054399968224],[-73.761562000390967,42.660940999844421]]},"properties":{"NAME":"Clinton Ave"}},{"type":"Feature","geometry":{"type":"LineString","coordinates":[[-73.754776000072269,42.645753000019099],[-73.755469999833224,42.645905000087822],[-73.755785000375823,42.646003999680779],[-73.756495999855218,42.646239000099236],[-73.757094000255009,42.646425000087866],[-73.75720600040799,42.6464679999848],[-73.757920000260441,42.646793999911303],[-73.758043000284076,42.646851000183048],[-73.758131000147614,42.646948000166098],[-73.758545000424419,42.647213999888528],[-73.759135000428302,42.647577999821479],[-73.759367000231876,42.64772399987136],[-73.759738999777568,42.647925999827898],[-73.761018000417835,42.648655000149141],[-73.7616069996985,42.648999000035609],[-73.761955999677951,42.649190999744235],[-73.763361999641518,42.650007999982101],[-73.765547999579766,42.651244000264931],[-73.767152999734961,42.652185999933863],[-73.7675770000575,42.652403000262503],[-73.767712999601628,42.652438999975857],[-73.768885999936685,42.653095000059281],[-73.769948999768587,42.653707000078107],[-73.772077999805433,42.654938999866616],[-73.774202999644302,42.656153000258442],[-73.775622000026672,42.656974999955082],[-73.777409999581664,42.657986999920524],[-73.777587000031971,42.658090000220177],[-73.779858000359042,42.659411000007488],[-73.781342000140413,42.660258999768246],[-73.781568000096243,42.66038799974509],[-73.782005999764152,42.660638999803624],[-73.782056999817769,42.660668000284637],[-73.782152000252324,42.660721999936953],[-73.784157000440615,42.661866999788899],[-73.784878999790664,42.662271999788331],[-73.786278000081523,42.663057000242461],[-73.787347999586117,42.663658000154335],[-73.788099000146786,42.664102000239794],[-73.788295999790293,42.664218000245555],[-73.788921999779177,42.66458700019674],[-73.789248000192416,42.6647769998294],[-73.790545000376042,42.665534000255555],[-73.7921329999145,42.666446000309087],[-73.792394000030413,42.666603000295986],[-73.792578000153412,42.666753000161314]]},"properties":{"NAME":"Madison Ave"}},{"type":"Feature","geometry":{"type":"LineString","coordinates":[[-73.755877000437323,42.665926999987512],[-73.755622999994102,42.665790999779837],[-73.755529000282792,42.665735999834808],[-73.755351000007536,42.665621000092671],[-73.755183999602963,42.665529999956412],[-73.755015000446875,42.665427000091569],[-73.754646000375914,42.665170999803635],[-73.754357999597531,42.664929999730333],[-73.754206000159868,42.664796000157082],[-73.75401000034131,42.66456199992372]]},"properties":{"NAME":"Manning Blvd N"}},{"type":"Feature","geometry":{"type":"LineString","coordinates":[[-74.038516999738334,42.747357999831152],[-74.037473000173009,42.747023999675321],[-74.03697299968249,42.746878000041335],[-74.033889999593711,42.745856000231917],[-74.032574999866739,42.745434999817952],[-74.031634000233581,42.745122000250511],[-74.030682999656349,42.744818000163171],[-74.02841300005251,42.744068000329762],[-74.026858999950946,42.743555000202981],[-74.025811000187659,42.743221000008312],[-74.02389499968784,42.742592999719996],[-74.022286000232995,42.742082999748966],[-74.020219000120449,42.741397999874344],[-74.019219000037722,42.741083000021057],[-74.017044999795047,42.740359000185833],[-74.015663000120909,42.739915000143561],[-74.015196000140691,42.739782999749707],[-74.014771999818166,42.739677999880463],[-74.014095999600542,42.739542999693128],[-74.009828000379429,42.738920000161698],[-74.008260999859075,42.738706999972571],[-74.006305000074605,42.738430999689236],[-74.005129000264787,42.738255999731379],[-74.003908000249154,42.738085999751817],[-74.003411000131692,42.738015999702384],[-74.003304999826469,42.738001000247024],[-74.00145399962399,42.737740000302061],[-74.00132300010273,42.737720999851128],[-74.000339999738472,42.737581999743412],[-73.999982000436489,42.737522999736413],[-73.997610999651997,42.73717900026638],[-73.997522999788444,42.737165999771371],[-73.997449000168615,42.737154999756449],[-73.994067000329082,42.736683000156766],[-73.993396000134325,42.736588999773943],[-73.992852999986113,42.736512999823496],[-73.991499999726003,42.736329000078669],[-73.990658999651956,42.736200000079037],[-73.98941199969704,42.736032999859951],[-73.988998000318588,42.735971000237015],[-73.988633000445589,42.735893999927292],[-73.987831999656194,42.735665999880446],[-73.985396000371011,42.734907000326075],[-73.983551999841197,42.734320000192646],[-73.982044999595288,42.733813999996826],[-73.980864999587553,42.733401999709145],[-73.980211999834466,42.733169000189328],[-73.979952000441784,42.733076999713127],[-73.976751000352223,42.731942000325667],[-73.97652000037354,42.731865000292146],[-73.975858000399626,42.731624999942788],[-73.975099000341345,42.731336000074023],[-73.975079000249877,42.73132800003107],[-73.974878000408395,42.731246000191533],[-73.974433000169498,42.73103799975808],[-73.973014999612033,42.730290000226155],[-73.972366000056923,42.729972000280775],[-73.972289999888943,42.729937000305469],[-73.97204300001674,42.729824999723867],[-73.971817999885843,42.72973399992722],[-73.971530999830662,42.729614000034793],[-73.970608999565755,42.729266999798469],[-73.967810999882332,42.728259000150913],[-73.966028000350221,42.727603999989604],[-73.962329000318277,42.726316999712409],[-73.961364000395662,42.725982999711782],[-73.960540999864961,42.725697999676363],[-73.958979000265785,42.725132999833704],[-73.958399000307651,42.724939000218171],[-73.956655000235273,42.724336999991465],[-73.956251999829135,42.724189999938829],[-73.955536000326873,42.723950000249133],[-73.954335000402736,42.723514999723719],[-73.952870999814508,42.723012999707819],[-73.9517150000962,42.722606000007765],[-73.949911999574283,42.721956000005598],[-73.949326999593282,42.721763000184261],[-73.948569000258217,42.721514999696566],[-73.947133999982341,42.721000999914921],[-73.94637499992406,42.720716999937494],[-73.945748999935162,42.720490999895709],[-73.944122000038647,42.719876999766797],[-73.943189999728006,42.719502000297013],[-73.94148300036386,42.718838999738537],[-73.941067000437258,42.718674999930975],[-73.939744000314363,42.718160999722016],[-73.938133000311396,42.71753500020413],[-73.937924999898911,42.717440999840775],[-73.93745200007092,42.717230000269055],[-73.936825000257102,42.716936999705183],[-73.93622100000951,42.716618000036583],[-73.935728000090023,42.716339999960567],[-73.933148999791371,42.714952999858362],[-73.932784999743319,42.714774999830709],[-73.932337999854568,42.714547000035743],[-73.930806000392607,42.713748999767368],[-73.930679999995917,42.71369799986784],[-73.929590000399841,42.713138000155944],[-73.929432000216096,42.713056000033312],[-73.928586999944088,42.712611999902613],[-73.928251000383426,42.712422999980205],[-73.927923000320362,42.712201000027832],[-73.92772400012872,42.712047999687634],[-73.927090999568833,42.711537000015468],[-73.926724999870927,42.711210000314431],[-73.92645100023455,42.710963999900315],[-73.925292000143173,42.709964000060801],[-73.924584000138537,42.709387999858521],[-73.924420999931911,42.709260999998897],[-73.923886000179621,42.708843000112381],[-73.923790999745066,42.708764999752411],[-73.923456999834215,42.708489000230514],[-73.923132000144207,42.708227000151687],[-73.922783000164742,42.707945999956713],[-73.922423000314637,42.707689999905],[-73.922132000061495,42.707504999754562],[-73.921952999961363,42.707405999736565],[-73.921622000423568,42.707260999965371],[-73.921192000253242,42.707114999789837],[-73.920824000007215,42.707029000023027],[-73.920218999934733,42.706887000239469],[-73.919850999688705,42.706825999939809],[-73.919386000256608,42.706750999900464],[-73.918438000052433,42.706672000139463],[-73.917884999858487,42.706573000113231],[-73.917362999626647,42.706455999878649],[-73.916123000242763,42.706145999878004],[-73.915676000354011,42.70600400005489],[-73.9151979996048,42.705828999705183],[-73.914070000373897,42.705338000232118],[-73.913887999900709,42.70526100018435],[-73.91246900041665,42.704663999684982],[-73.911932000116224,42.704431999938919],[-73.911659000304752,42.704314000179323],[-73.911558999847315,42.704269999909485],[-73.91003200040825,42.703614999991395],[-73.908830999585774,42.703059000271196],[-73.908602000155227,42.702953000155951],[-73.907390000360408,42.702425999929432],[-73.906723000363641,42.702120999680027],[-73.904818999559367,42.701288999937681],[-73.904211000012154,42.701009000189352],[-73.902379000076238,42.700199000008453],[-73.902185999732382,42.700112999903418],[-73.901563000116539,42.699866000221313],[-73.901152000212804,42.699723999897742],[-73.900840000043274,42.699630000286028],[-73.900577000277536,42.69955699985023],[-73.900177000244469,42.699461000267959],[-73.899829999914814,42.699388999823618],[-73.899273000421232,42.699305999831346],[-73.898861999619157,42.699264999889685],[-73.898675999846333,42.699253999755825],[-73.898413000080595,42.699230999949734],[-73.896718000412022,42.699202999829858],[-73.895766999834819,42.699113999742195],[-73.895511999566679,42.699092000079183],[-73.894371999741892,42.6989799999334],[-73.893893999890992,42.698934000109759],[-73.893565000003036,42.698898999790529],[-73.893241999962839,42.698854000105598],[-73.893042999771225,42.69882700001493],[-73.892744999845391,42.698772000258444],[-73.892385999820192,42.698699999675377],[-73.891585999754014,42.698507999693014],[-73.891144999713063,42.698394000062123],[-73.890306000187152,42.698161999993253],[-73.889084000346585,42.697846000201103],[-73.889056999684101,42.697839000016181],[-73.888084000263902,42.697597999864719],[-73.886912999578641,42.697310000169153],[-73.885812999936832,42.697030999871131],[-73.884708000272141,42.696723999722742],[-73.884411000171212,42.696649000023534],[-73.883658999785624,42.696426999775618],[-73.883454999571128,42.696362999705471],[-73.883119000010453,42.696249000098028],[-73.883001000009671,42.696192999797205],[-73.881266000158135,42.69542200018936],[-73.881135999563483,42.69535400004375],[-73.880964000034353,42.695275999901583],[-73.880162000318364,42.694911999923349],[-73.880102000043905,42.694883000234171],[-73.879697999812862,42.694705999697675],[-73.879320000419412,42.69453200012213],[-73.878325000359567,42.694076999812026],[-73.877763999769684,42.693822999911426],[-73.877302999637251,42.693629999752531],[-73.877201000428315,42.693589000024659],[-73.876801000395218,42.693443999674948],[-73.876109000284089,42.693214000178962],[-73.875879999955231,42.693146000256668],[-73.87490099978892,42.692853000225554],[-73.874179000438886,42.692628999675037],[-73.873916999599743,42.692543000310138],[-73.873016000149548,42.692268999927371],[-73.872755000033649,42.69218600032228],[-73.871737000407606,42.6918909997623],[-73.870641000065419,42.691555000031812],[-73.868855000160266,42.691016999853687],[-73.868763999923658,42.69099000031715],[-73.868631999679181,42.690941999864961],[-73.868450999929223,42.690880999745744],[-73.867245999807096,42.69051699975892],[-73.865013999838084,42.689824000160115],[-73.863114999955016,42.689226000103822],[-73.863089999840653,42.689217999913886],[-73.863027000091463,42.689198000094777],[-73.862129000116013,42.688922000085086],[-73.861731999557676,42.688788000073529],[-73.860882000161112,42.688532999967634],[-73.860143000194313,42.688287000155135],[-73.859615999939621,42.688112000052485],[-73.859374000090284,42.688038000230542],[-73.857741000345996,42.687544999951903],[-73.856143999688399,42.687039999677552],[-73.854361999981194,42.686474000095004],[-73.853330000111427,42.68614699978481],[-73.852161999799236,42.685764999683983],[-73.851966999805583,42.685698999691304],[-73.851786000055611,42.685639999868627],[-73.851505999673108,42.685551000153211],[-73.848815999944719,42.684641999749928],[-73.84735300007975,42.684182000092243],[-73.846624000158684,42.683919999795464],[-73.846243000392178,42.683804000238673],[-73.845809000023905,42.683684000013855],[-73.845609000007371,42.683619000235566],[-73.845342999868592,42.683540000098475],[-73.845230999715596,42.683503999902385],[-73.84501700035365,42.68343999972241],[-73.844895000154921,42.683392999826808],[-73.844762000085538,42.683355999757552],[-73.844591000381314,42.683299999717896],[-73.844417000304034,42.683248999897302],[-73.844213000089539,42.683185000114975],[-73.84364800020002,42.683001999837103],[-73.843389999558852,42.682915999689911],[-73.84304700032547,42.682820999934165],[-73.842751000049461,42.68273099968399],[-73.841718000354803,42.682414999959612],[-73.841139000221588,42.682226999703765],[-73.840554000240573,42.682032000214328],[-73.840222999804467,42.681922999772461],[-73.839045000344839,42.68155100026577],[-73.838014000299992,42.681210000302201],[-73.837845000245593,42.681151000178652],[-73.836538000016233,42.680732000084603],[-73.836113999693708,42.680571000133902],[-73.835537000108602,42.680381999745585],[-73.835265999946955,42.680307000124031],[-73.834051999604,42.679948999969717],[-73.832735000227203,42.679531000204619],[-73.832314000277734,42.679391999828781],[-73.830827999948212,42.678910999915011],[-73.829899999835519,42.678615999708938],[-73.829601000084793,42.678506000012327],[-73.828950999806452,42.678304000326605],[-73.828230000281309,42.6780740002445],[-73.82707000036504,42.677729000176249],[-73.826928999899735,42.677686000100486],[-73.826528999866653,42.677539999728722],[-73.826452999698674,42.677511999735849],[-73.826333000048081,42.677470999935743],[-73.826152000298109,42.677417000302754],[-73.825825000059965,42.67730500003384],[-73.825594999906187,42.67723300032042],[-73.824619000112932,42.676908000025513],[-73.823096999798395,42.676440000048977],[-73.82224999987659,42.676172000044566],[-73.820263000129955,42.675551999922114],[-73.818940000007061,42.675101000277941],[-73.818600000248423,42.675011999995164],[-73.818283000056027,42.674894999733773],[-73.817450000377889,42.674639000132146],[-73.816829000411872,42.674431000174692],[-73.816280000415887,42.674256999942259],[-73.815850000245561,42.67414000024079],[-73.815235000127331,42.673930999994518],[-73.815071999920718,42.673884000170979],[-73.813978000126681,42.673524000104905],[-73.813875000194514,42.673502999910085],[-73.813264000274245,42.67329100031364],[-73.812871999738761,42.673164999886865],[-73.812759999585779,42.673145000183538],[-73.812454000162347,42.673051999926372],[-73.812201000442343,42.672978999953713],[-73.811757000028337,42.672837000240754],[-73.810680999777645,42.672486999683855],[-73.810305999858912,42.672381000224611],[-73.809660999603452,42.672152999952665],[-73.808601000144606,42.671823000302375],[-73.808114000072891,42.67167200014633],[-73.808006000117857,42.67163800029239],[-73.807929000124943,42.671611000259183],[-73.80749800012974,42.671474999937978],[-73.806974000248104,42.671304999943573],[-73.806445000343587,42.671136000129287],[-73.805824000377569,42.670939000203489],[-73.805419000321621,42.670806999692623],[-73.804701000271208,42.670592000166842],[-73.804309999560644,42.670479000151701],[-73.803621999647476,42.670249000170145],[-73.803108999636493,42.670079000124922],[-73.801911999910288,42.669709999747937],[-73.801706999870873,42.66964699989957],[-73.801629999877989,42.669627999733606],[-73.801552999885089,42.669615000277211],[-73.801314000408794,42.669534000147962],[-73.800865999796841,42.669385999753352],[-73.80062399994749,42.669296999872969],[-73.79977500037586,42.669037000257013],[-73.799424999673164,42.668924000056919],[-73.798673000185886,42.66868500005009],[-73.79822799994696,42.668528000037377],[-73.797587999714366,42.668327000313212],[-73.796909999846932,42.668115000235062],[-73.795775999869946,42.667754999779497],[-73.795545999716168,42.667685000311124],[-73.795352000445732,42.667616000144704],[-73.795164999949662,42.667558999748401],[-73.794357000385887,42.66730399969957],[-73.794132000254976,42.667233999723386],[-73.793630000114675,42.667075999959117],[-73.793511000288959,42.667035999930036],[-73.793107999882835,42.666915000296278],[-73.792809999957001,42.666824000072644],[-73.792578000153412,42.666753000161314]]},"properties":{"NAME":"Western Ave"}},{"type":"Feature","geometry":{"type":"LineString","coordinates":[[-73.761562000390967,42.660940999844421],[-73.76110100025852,42.661338000114092],[-73.760826999723818,42.661617999678448],[-73.760178999993613,42.662272999915558],[-73.759424999958213,42.662978999842274],[-73.759101000093111,42.663257999831927],[-73.759079000351804,42.663340000322442],[-73.758664000250093,42.663708000096264],[-73.758196000444954,42.664124999842457]]},"properties":{"NAME":"Henry Johnson Blvd"}},{"type":"Feature","geometry":{"type":"LineString","coordinates":[[-73.751073999667284,42.648905000313157],[-73.751174000124706,42.648920999840136],[-73.751607999594654,42.649126000229273],[-73.7517719996262,42.649190999744235],[-73.752236999956608,42.649438000056662],[-73.752821000112704,42.649748999972587],[-73.753462000170217,42.650119999884282],[-73.754078000113367,42.650432000011449],[-73.755539000328525,42.651135000002284],[-73.755474999856105,42.651196999805343],[-73.755414999581646,42.651257000259228]]},"properties":{"NAME":"State Rte 5"}},{"type":"Feature","geometry":{"type":"LineString","coordinates":[[-73.748348999778784,42.646073000044716],[-73.748495000266956,42.646114000071506],[-73.748544999597357,42.646123999977263],[-73.748623000313486,42.646138999832843],[-73.74874299996408,42.646169000193971],[-73.748835999850513,42.646191000097161],[-73.748957000224323,42.646224000267765],[-73.749019000148607,42.646239999823607],[-73.74915499969272,42.646275000076521],[-73.749287999762117,42.646306000095265],[-73.749367000303138,42.646332000163056],[-73.749477999732918,42.64637500012428],[-73.749533999809415,42.646401000163237],[-73.749635999916663,42.646432999840471],[-73.749702000038894,42.64647299990942],[-73.749818000389865,42.646583999850392],[-73.749948000086206,42.646765000228235],[-73.750092000026243,42.647067999963099],[-73.75012899983615,42.6471549998694],[-73.750437999632652,42.647883000278092],[-73.750516000348782,42.648086999768353],[-73.750548000135836,42.648164999688149],[-73.750629000326683,42.648361999761697],[-73.750784999962292,42.648709000322526],[-73.750822999597119,42.648845999915743],[-73.751073999667284,42.648905000313157]]},"properties":{"NAME":"State Rte 5"}},{"type":"Feature","geometry":{"type":"LineString","coordinates":[[-73.750030999926878,42.654243999998506],[-73.750045000170573,42.654009000092096],[-73.750100000422151,42.653852000014084],[-73.750127000186339,42.653730000222673],[-73.750223000445814,42.653544000275012],[-73.749779000031793,42.653372999864324],[-73.74948600012884,42.65328400018317],[-73.749061999806315,42.653160000051315],[-73.748926000262188,42.653134000194783],[-73.748734999568157,42.653072999955086],[-73.748303999572926,42.652973999720324],[-73.748226999580041,42.652959000191544],[-73.748064000271739,42.652919000329341],[-73.747963999814317,42.652878999780668],[-73.747810999653439,42.652788000154466],[-73.747633000276508,42.652612000216394],[-73.747576000375119,42.652521000199535],[-73.74756100030649,42.652451000095887],[-73.747533999644006,42.652320000256665],[-73.747542000039914,42.652230000101255],[-73.747579999674741,42.652100999717511],[-73.747664000238657,42.651960999807493],[-73.747875999950764,42.651572999844589],[-73.748151000310386,42.65111600012488],[-73.74841400007611,42.650568000119272],[-73.748516000183358,42.650389999869503],[-73.74865000007766,42.650043000097064],[-73.74874299996408,42.649828000117871],[-73.748836999675405,42.649569999690435],[-73.748887999729035,42.649397999912146],[-73.748900000322905,42.649263000225467],[-73.749018000323687,42.648797999943078],[-73.749044000262955,42.648602000276028],[-73.74909299976845,42.647927999883102],[-73.749123999730585,42.647288000090924],[-73.749174999784216,42.646985000106191],[-73.749174999784216,42.646863999774034],[-73.749292999784984,42.646548000051972],[-73.749367000303138,42.646332000163056],[-73.749429000227437,42.646136999720163],[-73.74956599959647,42.64582799970821],[-73.749688999620105,42.645542999747839],[-73.749759999765217,42.645442999684136],[-73.749901000230537,42.645274000268316],[-73.750003000337784,42.645191999741265],[-73.750090000376417,42.645139000221391],[-73.750160999623205,42.645106000135996],[-73.750408000393733,42.645021999899704],[-73.750589000143705,42.644985000113621],[-73.750718000015141,42.644972000129982],[-73.751077999865245,42.644920000168213],[-73.751313999866795,42.644876999862092],[-73.751543000195653,42.644801999687239],[-73.75164399957967,42.644753999897901],[-73.751684999587567,42.644724000175948],[-73.751725999595436,42.644693000029584],[-73.751790999892762,42.644645999906139],[-73.751856000190102,42.644602000320731],[-73.751914999741331,42.644555000128491],[-73.751974000190884,42.644502999818215],[-73.752036999940074,42.644419000089236],[-73.752098000039439,42.644328999734626],[-73.752107000260267,42.644297000296646],[-73.752150999742895,42.644146999779622],[-73.752174000207418,42.644025000114411],[-73.752174000207418,42.643861000284979],[-73.75213599967428,42.64370200017057],[-73.7520539996585,42.643563000286214],[-73.752030000267368,42.643519999702896],[-73.752011999825712,42.643486000311682],[-73.751951999551252,42.643421999891295],[-73.751924999787065,42.643392000187831],[-73.751804000311566,42.643289999766246],[-73.751641000104954,42.64319099981909],[-73.751506000385731,42.643129999739791],[-73.751429000392847,42.643096000135451],[-73.751349999851797,42.643070999812039],[-73.751220000155456,42.643038999727047],[-73.751159000056091,42.643025999997562],[-73.75103000018467,42.643008999838898],[-73.750939999772996,42.642999999869609],[-73.750769999893677,42.64301300026532],[-73.750481000188685,42.643057000313789],[-73.750316000332219,42.643096000135451],[-73.7500679997368,42.643186000291486],[-73.749671999901679,42.643291999970508],[-73.749580999665071,42.64332300015419],[-73.749439000273171,42.643358999836536],[-73.749296000158026,42.643375999899568],[-73.749131000301603,42.643375999899568],[-73.748989999836283,42.643372000157242],[-73.748824999979846,42.643355999863786],[-73.748654000275607,42.643327999670795],[-73.748281000006713,42.643230000217557],[-73.748035999784335,42.643189000272393],[-73.747706000071446,42.643084000192921]]},"properties":{"NAME":"US Hwy 9"}},{"type":"Feature","geometry":{"type":"LineString","coordinates":[[-73.750030999926878,42.654243999998506],[-73.750563000204423,42.654560000263558],[-73.751162000429147,42.654911999847528],[-73.751323999912543,42.655008000229138],[-73.751920999589117,42.65533999977324],[-73.753549000208835,42.656268999900007],[-73.754340999879091,42.656744000002405],[-73.755254999748075,42.657275999747029],[-73.755670999674678,42.657513999810831],[-73.757213999905588,42.658396999716338],[-73.757778999795121,42.658731000033242],[-73.759436999653772,42.659675999771288],[-73.75993200012141,42.659968000204898],[-73.760876000127624,42.66054399968224],[-73.761562000390967,42.660940999844421],[-73.76110100025852,42.661338000114092],[-73.760826999723818,42.661617999678448],[-73.760178999993613,42.662272999915558],[-73.759424999958213,42.662978999842274],[-73.759101000093111,42.663257999831927]]},"properties":{"NAME":"US Hwy 9"}},{"type":"Feature","geometry":{"type":"LineString","coordinates":[[-73.750030999926878,42.654243999998506],[-73.749859000397734,42.654132999852564],[-73.74959400008386,42.6540120002118],[-73.749312999876466,42.653905000038456],[-73.749153000042895,42.653860999734697],[-73.749008000277954,42.653833999908272],[-73.748852999568925,42.653820999791925],[-73.748372000243322,42.653753999962291],[-73.748136000241757,42.653733999959663],[-73.747911999935766,42.653732000091203],[-73.747622000405855,42.6537659998286],[-73.747523999598258,42.653797999681068],[-73.747444000130628,42.653817000060535],[-73.747253000334922,42.653878000231131],[-73.747101999823869,42.653946999788857],[-73.74675500039254,42.65414900001678],[-73.746613000102315,42.654270000051675],[-73.746543999607042,42.654343999787734],[-73.74644400004793,42.654471000299083],[-73.746355000359458,42.654597999890441],[-73.746263000297972,42.654742999730999],[-73.746156000167844,42.654881000153757],[-73.746069000129182,42.655005999740965],[-73.745948999580293,42.655174999803513],[-73.745914000318493,42.65521099989428],[-73.745868000287743,42.655256999723072],[-73.745760000332723,42.655323999915495],[-73.745628000088246,42.655384999929282],[-73.745522999607942,42.655422999712684],[-73.745428999896603,42.655442999832758],[-73.745345000230998,42.655455000033847],[-73.745264000040166,42.655456999846898],[-73.745140000191611,42.655456000270718],[-73.745001000274428,42.655439999782097],[-73.744935000152196,42.655425000187442],[-73.744857000334392,42.655405000061585],[-73.744795000410122,42.655383000113915],[-73.744643000074149,42.655317000224166],[-73.744531999746059,42.655254999903583],[-73.744467000347043,42.655199999887103],[-73.744405000422773,42.65512799967194],[-73.744352999645912,42.655021000097406],[-73.744342999600178,42.654973000265493],[-73.744320000033952,42.654788999905968],[-73.744326999706658,42.654700999857504],[-73.744357999668793,42.654584999933746],[-73.744393999653809,42.654529999985407],[-73.744581999974784,42.65432500022991],[-73.744737999610393,42.654186000298147],[-73.745551000095332,42.65339999989088],[-73.745883000356358,42.652978999782704],[-73.746583999790019,42.651983000305052],[-73.747100000174044,42.651183999798512],[-73.747331000152727,42.650745000207671],[-73.747700000223659,42.649824999796387],[-73.747777000216558,42.649683999719315],[-73.747891999844285,42.649442000069733],[-73.747961000339586,42.649206000181742],[-73.748018000240975,42.648970000059059],[-73.748303999572926,42.647313999748285],[-73.748339999557942,42.64717799979389],[-73.748389999786667,42.646765000228235],[-73.748418000274071,42.646567000003259],[-73.748481000023261,42.64628000001666],[-73.748544999597357,42.646123999977263],[-73.748609999894683,42.645932999781792],[-73.74868000021489,42.645763999714859],[-73.748834000200674,42.645499000136077],[-73.74904300043805,42.645195000286222],[-73.749343999838615,42.644672999756452],[-73.749384999846498,42.644585999682832],[-73.749425999854367,42.64445600021196],[-73.749430000052328,42.644389000205749],[-73.749420000006594,42.644278000312831],[-73.749395999717152,42.644208999940261],[-73.749367000303138,42.64415700000157],[-73.749275000241639,42.64401900023303],[-73.749208000294487,42.643953000178051],[-73.74915499969272,42.643914999994522],[-73.749075000225105,42.643853999964335],[-73.749019000148607,42.643806000104355],[-73.748934999584705,42.643742999777665],[-73.74877700029927,42.643646000083386],[-73.748548999795318,42.643538999918199],[-73.747894000392435,42.643305000305212],[-73.747661999690521,42.64323799972022],[-73.747644000147176,42.643233000196382]]},"properties":{"NAME":"US Hwy 9"}},{"type":"Feature","geometry":{"type":"LineString","coordinates":[[-73.747894000392435,42.643305000305212],[-73.748553999818199,42.64347999971752],[-73.74903099984418,42.643615999827148],[-73.749286999937212,42.643685999961988],[-73.749420000006594,42.643725000050189],[-73.749631999718702,42.64379299987435],[-73.74973899984883,42.643818999670856],[-73.750075000307802,42.643929999721983],[-73.750155999600338,42.643956000122024],[-73.750251000034908,42.643987999735366],[-73.750317999982045,42.64401799981222],[-73.750379000081409,42.644039999815355],[-73.750418000439495,42.644055000173424],[-73.750545999587672,42.644105000019366],[-73.750671000159471,42.644154000067296],[-73.75103000018467,42.644338000172404],[-73.751135999591554,42.644422000010735],[-73.751566999586785,42.644685000053265],[-73.75164399957967,42.644753999897901],[-73.751876000281584,42.644962999783878],[-73.752103999887225,42.645188000115681],[-73.752302000253948,42.645413000294432],[-73.752416000056741,42.645522000012072],[-73.752468999760197,42.645574000131369],[-73.752923000219965,42.646078000001097],[-73.753247000085054,42.646432999840471],[-73.753422999812145,42.646599999974399],[-73.753442000078721,42.646618999909805],[-73.754067000242699,42.647152999789391],[-73.754231000274231,42.647267000283513]]},"properties":{"NAME":"S Mall Arterial"}},{"type":"Feature","geometry":{"type":"LineString","coordinates":[[-73.748035999784335,42.643189000272393],[-73.748482999673087,42.643332999847743],[-73.749084000445919,42.643510000039349],[-73.749332999967962,42.643581999827596],[-73.749462999664303,42.643623999940928],[-73.749667999703718,42.643683999770445],[-73.749779999856713,42.643719000139882],[-73.749908999728135,42.643758999971531],[-73.750186999562487,42.643845000117288],[-73.750316000332219,42.64389200018514],[-73.75044699985348,42.643942999923361],[-73.75049299988423,42.643956999883038],[-73.750616999732799,42.644005000287308],[-73.750762000396065,42.644061000051344],[-73.750940999597887,42.644143999844907],[-73.751129999743782,42.644244000014332],[-73.751323999912543,42.644352000043177],[-73.751637999731898,42.644624000117297],[-73.751725999595436,42.644693000029584],[-73.751835000273701,42.644790999821375],[-73.751966999619867,42.644910000068961],[-73.752139000047322,42.64509199977411],[-73.752365999828044,42.645322000317215],[-73.752451000216865,42.645409000022333],[-73.75250999976808,42.645477999724683],[-73.752580999913206,42.645552000009971],[-73.752693000066188,42.645664999739957],[-73.75331200038238,42.646320000183991],[-73.753790000233266,42.646737000248038],[-73.75416400032708,42.647033000156362],[-73.754288000175649,42.64711899974067]]},"properties":{"NAME":"S Mall Arterial"}},{"type":"Feature","geometry":{"type":"LineString","coordinates":[[-73.755414999581646,42.651257000259228],[-73.75516100003675,42.651543999746771],[-73.755092000439774,42.651665000225044],[-73.755068999975236,42.651769000060277],[-73.755068999975236,42.651854000069648],[-73.755083000218931,42.65191900003731],[-73.755151999815908,42.652105999850065],[-73.755721999728294,42.652410999906969],[-73.756188999708542,42.652659999888527],[-73.756454999847321,42.652802999724486],[-73.75690900030709,42.653052999733511],[-73.757592000197377,42.653453999908834],[-73.758982000267423,42.654273000158732],[-73.760415999820083,42.655073000203821],[-73.760652999646538,42.655212999715189],[-73.761169999855483,42.655498999870453],[-73.762545999681834,42.656333000315847],[-73.763264999557137,42.656749999977734],[-73.76340000017467,42.656878999967461],[-73.763548000312667,42.657008999901464],[-73.76399699985123,42.657371000237021],[-73.764194000393061,42.657538000072044],[-73.76455199969503,42.657835999846299],[-73.764618999642167,42.657897000038538],[-73.765041000314881,42.658278000166838],[-73.766423999813924,42.659469000119614],[-73.767177000024418,42.660139000317642],[-73.769302999688193,42.661966999870906],[-73.770214000082447,42.662793999933001],[-73.771214999990079,42.663687999992206],[-73.773334999806082,42.665520999942991],[-73.775122000434479,42.667069000269649],[-73.775293000138703,42.667241000054808],[-73.776978999586447,42.668650999883241],[-73.778038000118684,42.669620999670983],[-73.779471999671358,42.670852999872466],[-73.779634000053051,42.6709820003244],[-73.779796000434757,42.671115999773029],[-73.780353999753274,42.671637000315833],[-73.7808910000537,42.67209599975395],[-73.781435000026832,42.672573999696901],[-73.782267999704956,42.67331800027749],[-73.782539999691522,42.673574999982357],[-73.783492000093673,42.674388999730461],[-73.783783000346787,42.674656000231266],[-73.784585000062791,42.675373999860447],[-73.785109999769318,42.675781000182837],[-73.786462000204537,42.676942000298567],[-73.787795000373194,42.678095000215556],[-73.787891999559236,42.678194999948786],[-73.790525000284561,42.680536999865346],[-73.79165400023868,42.681494000101942],[-73.792480000244126,42.682205000001964],[-73.794398000393784,42.68391800023759],[-73.794940999643671,42.684366999739566],[-73.79551899995198,42.684860000146649],[-73.796368000421964,42.68560200006506],[-73.79709399996996,42.686230999937955],[-73.798085999656749,42.687121000101264],[-73.798161999824742,42.687179999838015],[-73.798305999764779,42.687282999971579],[-73.798412999894893,42.687385000211208],[-73.79857899957625,42.687542999850372],[-73.798760000224533,42.687690999925223],[-73.799005000446911,42.687914999796007],[-73.799146999838811,42.688036999857559],[-73.799305999847462,42.688173000249883],[-73.799352999703146,42.688214000251442],[-73.799444999764646,42.688283999708503],[-73.799541000024121,42.68838200013645],[-73.799706999705464,42.688539999880916],[-73.80031000012815,42.689053000058387],[-73.801150000377277,42.689768000008335],[-73.801623000205296,42.690166999740789],[-73.802426999571097,42.690850999827497],[-73.803009999902287,42.691381999870444],[-73.803472999684558,42.691801999759136],[-73.803559999723191,42.691882000264798],[-73.804654000415539,42.692833000256407],[-73.804885000394222,42.69303000010094],[-73.80529200010001,42.693393000259206],[-73.805405999902817,42.693494999709024],[-73.80587299988305,42.693926999871529],[-73.806478999780452,42.694478000132008],[-73.806534999856964,42.694527000100578],[-73.807086000401085,42.695027999865054],[-73.807200000203906,42.695123000099912],[-73.80743399965732,42.695316999836173],[-73.808117000445932,42.695918999672308],[-73.808164000301602,42.69595800001207],[-73.80869599968085,42.696415000221421],[-73.808735000038908,42.696451999774794],[-73.809280999661866,42.696940000172518],[-73.810002999910225,42.69758299987916],[-73.810786000257949,42.6982659999492],[-73.811919000410043,42.699261999973373],[-73.812649000156,42.69991300019641],[-73.812942999883887,42.700171999842446],[-73.813482999659044,42.700641000127611],[-73.814224000173979,42.701291000256681],[-73.81432100025836,42.701370000263601],[-73.814837999568979,42.701809000175473],[-73.815431999770823,42.702332999929929],[-73.815538000076046,42.702429999833988],[-73.816506000371675,42.703249999916117],[-73.817200000132658,42.703887999706666],[-73.817503999906265,42.704145999821357],[-73.817935999726402,42.704534999847809],[-73.818289999728719,42.704853000129127],[-73.818806000112758,42.705278999921163],[-73.818936999634019,42.705387000212788],[-73.819590000285388,42.705978999940854],[-73.819811000218323,42.706179999991946],[-73.820212000076339,42.706504000221642],[-73.820777999790749,42.70701499974269],[-73.820997999898779,42.707202000161836],[-73.821284000129054,42.707449999764052],[-73.821760000330116,42.707892999803185],[-73.822514000365544,42.708564000150297],[-73.82265699958235,42.708696000317026],[-73.824455999906306,42.710204999738515],[-73.824839000220962,42.710537000166887],[-73.824911000190966,42.710593000072024],[-73.825013000298227,42.710688000255317],[-73.825316000246929,42.710965999907593],[-73.82601599985567,42.71158799971063],[-73.827008000440756,42.712444000220053],[-73.827102999977015,42.712526999809654],[-73.827162000426569,42.712580999944294],[-73.827333999955684,42.71274400004134],[-73.827871000256124,42.713182000080522],[-73.828227999733173,42.713509999915132],[-73.828980000118776,42.714155000190317],[-73.829702000367135,42.714819999856225],[-73.83053900024322,42.715539999787488],[-73.831804999566373,42.716673999735015],[-73.83249300037788,42.717273999932438],[-73.832891999687718,42.717606000166455],[-73.833450999729465,42.718100999831009],[-73.834823000256165,42.719309000101873],[-73.835322999848373,42.719748999729141],[-73.835757000216631,42.720123999685988],[-73.836156000424808,42.720478999712782],[-73.836279000448457,42.720589000312764],[-73.837268999587096,42.721457000078146],[-73.838039000414341,42.722134999717035],[-73.838503999846452,42.722537000121477],[-73.839091000375589,42.723059000167581],[-73.839739000105794,42.723622000161591],[-73.840471000399887,42.724261999994667],[-73.840558000438534,42.724336000203266],[-73.840622999837549,42.724390999748231],[-73.841679999821665,42.725327999934592],[-73.842279000046361,42.725868999722742],[-73.84292599995166,42.726431000197991],[-73.843901999744915,42.727309000101101],[-73.84407300034745,42.727453999886073],[-73.846127000041221,42.729266999798469],[-73.846784999817174,42.729788999965301],[-73.847671000097051,42.730586999829505],[-73.849010999938386,42.731788000163029],[-73.849837999768738,42.732515999722594],[-73.850026000089699,42.732689000076142],[-73.851001999882968,42.733524999770921],[-73.852310999762153,42.734677000046695],[-73.852523000372585,42.734861000074474],[-73.854080999773799,42.736216999823249],[-73.855136000108089,42.737159000062036],[-73.856881999830279,42.738686000044417],[-73.857413000282932,42.739149999878862],[-73.859159000005135,42.740674999943444],[-73.859272999807956,42.740763999814163],[-73.859417999572898,42.740886000267068],[-73.859586999627311,42.741036999732671],[-73.860026999843356,42.741412000314511],[-73.860755999764422,42.742081000084887],[-73.861194000330642,42.74245900009771],[-73.861801000052964,42.743005999786355],[-73.862513000255575,42.743618000296756],[-73.863121999627708,42.744158000076368],[-73.86366599960084,42.744608000148062],[-73.864269000023512,42.745142999977986],[-73.864804999600722,42.74561399972437],[-73.864915000103878,42.745708000279109],[-73.865505999932694,42.74624199975694],[-73.8661400003175,42.746797999824985],[-73.866212000287518,42.746852999902387],[-73.866632000412082,42.747235000160863],[-73.866877999561069,42.747440000135413],[-73.867295000210902,42.747814000179794],[-73.867900000283399,42.748347999986699],[-73.86856700028018,42.748926000112689],[-73.869036999735144,42.749341999682237],[-73.869333999836044,42.749579999984945],[-73.869507000088419,42.749744999921681],[-73.869804000189333,42.74996600006839],[-73.869840000174349,42.74999399971432],[-73.870195000001601,42.750276000155104],[-73.870375999751559,42.750448999774186],[-73.870938000166348,42.750961000221515],[-73.871296000366627,42.751299000324963],[-73.87219099996905,42.752140999776486],[-73.872745999812821,42.752626000326558],[-73.873675999575326,42.753449999949794],[-73.873895999683356,42.753643000114337],[-73.874651000441986,42.754270999935109],[-73.877101999795798,42.756448000133439],[-73.877873000447948,42.757121000231535],[-73.87943800042018,42.758501000070474],[-73.879965999601481,42.758965000000394],[-73.880634000321464,42.759570999984241],[-73.881358000219649,42.760222000043967],[-73.881934999804727,42.760726000009463],[-73.882585999907988,42.761300000051548],[-73.883278000019118,42.761896999724215],[-73.883410000263595,42.762033999715797],[-73.883990000221729,42.762529000304433],[-73.884073000062415,42.762597000053653],[-73.884653000020563,42.763118999930107],[-73.884774000394373,42.763230999729799],[-73.885257000268126,42.763665000173702],[-73.88533300043612,42.763736000092223],[-73.885437000193178,42.763835999727952],[-73.886086999573195,42.764409000173721],[-73.886922999624389,42.76515700028957],[-73.88744599968112,42.765617000047968],[-73.887536000092808,42.765692000150622],[-73.887722999690553,42.76585799983522]]},"properties":{"NAME":"State Rte 5"}},{"type":"Feature","geometry":{"type":"LineString","coordinates":[[-73.763264999557137,42.656749999977734],[-73.76340000017467,42.656878999967461],[-73.763548000312667,42.657008999901464],[-73.76399699985123,42.657371000237021],[-73.764194000393061,42.657538000072044],[-73.76455199969503,42.657835999846299],[-73.764618999642167,42.657897000038538],[-73.765041000314881,42.658278000166838],[-73.766423999813924,42.659469000119614],[-73.767177000024418,42.660139000317642],[-73.769302999688193,42.661966999870906],[-73.770214000082447,42.662793999933001],[-73.771214999990079,42.663687999992206],[-73.773334999806082,42.665520999942991],[-73.775122000434479,42.667069000269649],[-73.775293000138703,42.667241000054808],[-73.776978999586447,42.668650999883241],[-73.778038000118684,42.669620999670983],[-73.779471999671358,42.670852999872466],[-73.779634000053051,42.6709820003244],[-73.779796000434757,42.671115999773029],[-73.780353999753274,42.671637000315833],[-73.7808910000537,42.67209599975395],[-73.781435000026832,42.672573999696901],[-73.782267999704956,42.67331800027749],[-73.782539999691522,42.673574999982357],[-73.783492000093673,42.674388999730461],[-73.783783000346787,42.674656000231266],[-73.784585000062791,42.675373999860447],[-73.785109999769318,42.675781000182837],[-73.786462000204537,42.676942000298567],[-73.787795000373194,42.678095000215556],[-73.787891999559236,42.678194999948786],[-73.790525000284561,42.680536999865346],[-73.79165400023868,42.681494000101942],[-73.792480000244126,42.682205000001964],[-73.794398000393784,42.68391800023759],[-73.794940999643671,42.684366999739566],[-73.79551899995198,42.684860000146649],[-73.796368000421964,42.68560200006506],[-73.79709399996996,42.686230999937955],[-73.798085999656749,42.687121000101264],[-73.798161999824742,42.687179999838015],[-73.798305999764779,42.687282999971579],[-73.798412999894893,42.687385000211208],[-73.79857899957625,42.687542999850372],[-73.798760000224533,42.687690999925223],[-73.799005000446911,42.687914999796007],[-73.799146999838811,42.688036999857559],[-73.799305999847462,42.688173000249883],[-73.799352999703146,42.688214000251442],[-73.799444999764646,42.688283999708503],[-73.799541000024121,42.68838200013645],[-73.799706999705464,42.688539999880916],[-73.80031000012815,42.689053000058387],[-73.801150000377277,42.689768000008335],[-73.801623000205296,42.690166999740789],[-73.802426999571097,42.690850999827497],[-73.803009999902287,42.691381999870444],[-73.803472999684558,42.691801999759136],[-73.803559999723191,42.691882000264798],[-73.804654000415539,42.692833000256407],[-73.804885000394222,42.69303000010094],[-73.80529200010001,42.693393000259206],[-73.805405999902817,42.693494999709024],[-73.80587299988305,42.693926999871529],[-73.806478999780452,42.694478000132008],[-73.806534999856964,42.694527000100578],[-73.807086000401085,42.695027999865054],[-73.807200000203906,42.695123000099912],[-73.80743399965732,42.695316999836173],[-73.808117000445932,42.695918999672308],[-73.808164000301602,42.69595800001207],[-73.80869599968085,42.696415000221421],[-73.808735000038908,42.696451999774794],[-73.809280999661866,42.696940000172518],[-73.810002999910225,42.69758299987916],[-73.810786000257949,42.6982659999492],[-73.811919000410043,42.699261999973373],[-73.812649000156,42.69991300019641],[-73.812942999883887,42.700171999842446],[-73.813482999659044,42.700641000127611],[-73.814224000173979,42.701291000256681],[-73.81432100025836,42.701370000263601],[-73.814837999568979,42.701809000175473],[-73.815431999770823,42.702332999929929],[-73.815538000076046,42.702429999833988],[-73.816506000371675,42.703249999916117],[-73.817200000132658,42.703887999706666],[-73.817503999906265,42.704145999821357],[-73.817935999726402,42.704534999847809],[-73.818289999728719,42.704853000129127],[-73.818806000112758,42.705278999921163],[-73.818936999634019,42.705387000212788],[-73.819590000285388,42.705978999940854],[-73.819811000218323,42.706179999991946],[-73.820212000076339,42.706504000221642],[-73.820777999790749,42.70701499974269],[-73.820997999898779,42.707202000161836],[-73.821284000129054,42.707449999764052],[-73.821760000330116,42.707892999803185],[-73.822514000365544,42.708564000150297],[-73.82265699958235,42.708696000317026],[-73.824455999906306,42.710204999738515],[-73.824839000220962,42.710537000166887],[-73.824911000190966,42.710593000072024],[-73.825013000298227,42.710688000255317],[-73.825316000246929,42.710965999907593],[-73.82601599985567,42.71158799971063],[-73.827008000440756,42.712444000220053],[-73.827102999977015,42.712526999809654],[-73.827162000426569,42.712580999944294],[-73.827333999955684,42.71274400004134],[-73.827871000256124,42.713182000080522],[-73.828227999733173,42.713509999915132],[-73.828980000118776,42.714155000190317],[-73.829702000367135,42.714819999856225],[-73.83053900024322,42.715539999787488],[-73.831804999566373,42.716673999735015],[-73.83249300037788,42.717273999932438],[-73.832891999687718,42.717606000166455],[-73.833450999729465,42.718100999831009],[-73.834823000256165,42.719309000101873],[-73.835322999848373,42.719748999729141],[-73.835757000216631,42.720123999685988],[-73.836156000424808,42.720478999712782],[-73.836279000448457,42.720589000312764],[-73.837268999587096,42.721457000078146],[-73.838039000414341,42.722134999717035],[-73.838503999846452,42.722537000121477],[-73.839091000375589,42.723059000167581],[-73.839739000105794,42.723622000161591],[-73.840471000399887,42.724261999994667],[-73.840558000438534,42.724336000203266],[-73.840622999837549,42.724390999748231],[-73.841679999821665,42.725327999934592],[-73.842279000046361,42.725868999722742],[-73.84292599995166,42.726431000197991],[-73.843901999744915,42.727309000101101],[-73.84407300034745,42.727453999886073],[-73.846127000041221,42.729266999798469],[-73.846784999817174,42.729788999965301],[-73.847671000097051,42.730586999829505],[-73.849010999938386,42.731788000163029],[-73.849837999768738,42.732515999722594],[-73.850026000089699,42.732689000076142],[-73.851001999882968,42.733524999770921],[-73.852310999762153,42.734677000046695],[-73.852523000372585,42.734861000074474],[-73.854080999773799,42.736216999823249],[-73.855136000108089,42.737159000062036],[-73.856881999830279,42.738686000044417],[-73.857413000282932,42.739149999878862],[-73.859159000005135,42.740674999943444],[-73.859272999807956,42.740763999814163],[-73.859417999572898,42.740886000267068],[-73.859586999627311,42.741036999732671],[-73.860026999843356,42.741412000314511],[-73.860755999764422,42.742081000084887],[-73.861194000330642,42.74245900009771],[-73.861801000052964,42.743005999786355],[-73.862513000255575,42.743618000296756],[-73.863121999627708,42.744158000076368],[-73.86366599960084,42.744608000148062],[-73.864269000023512,42.745142999977986],[-73.864804999600722,42.74561399972437],[-73.864915000103878,42.745708000279109],[-73.865505999932694,42.74624199975694],[-73.8661400003175,42.746797999824985],[-73.866212000287518,42.746852999902387],[-73.866632000412082,42.747235000160863],[-73.866877999561069,42.747440000135413],[-73.867295000210902,42.747814000179794],[-73.867900000283399,42.748347999986699],[-73.86856700028018,42.748926000112689],[-73.869036999735144,42.749341999682237],[-73.869333999836044,42.749579999984945],[-73.869507000088419,42.749744999921681],[-73.869804000189333,42.74996600006839],[-73.869840000174349,42.74999399971432],[-73.870195000001601,42.750276000155104],[-73.870375999751559,42.750448999774186],[-73.870938000166348,42.750961000221515],[-73.871296000366627,42.751299000324963],[-73.87219099996905,42.752140999776486],[-73.872745999812821,42.752626000326558],[-73.873675999575326,42.753449999949794],[-73.873895999683356,42.753643000114337],[-73.874651000441986,42.754270999935109],[-73.877101999795798,42.756448000133439],[-73.877873000447948,42.757121000231535],[-73.87943800042018,42.758501000070474],[-73.879965999601481,42.758965000000394],[-73.880634000321464,42.759570999984241],[-73.881358000219649,42.760222000043967],[-73.881934999804727,42.760726000009463],[-73.882585999907988,42.761300000051548],[-73.883278000019118,42.761896999724215],[-73.883410000263595,42.762033999715797],[-73.883990000221729,42.762529000304433],[-73.884073000062415,42.762597000053653],[-73.884653000020563,42.763118999930107],[-73.884774000394373,42.763230999729799],[-73.885257000268126,42.763665000173702],[-73.88533300043612,42.763736000092223],[-73.885437000193178,42.763835999727952],[-73.886086999573195,42.764409000173721],[-73.886922999624389,42.76515700028957],[-73.88744599968112,42.765617000047968],[-73.887536000092808,42.765692000150622],[-73.887722999690553,42.76585799983522]]},"properties":{"NAME":"Central Ave"}},{"type":"Feature","geometry":{"type":"LineString","coordinates":[[-73.751073999667284,42.648905000313157],[-73.751118000048209,42.648978999825374],[-73.751570999784747,42.64922900000861],[-73.751698000006343,42.649300000109996],[-73.752137000397482,42.649559000006931],[-73.752733000249165,42.649862000007296],[-73.753336999598432,42.650205000165101],[-73.7536930001489,42.650391000187845],[-73.75397799965593,42.650545999781905],[-73.755414999581646,42.651257000259228]]},"properties":{"NAME":"State Rte 5"}},{"type":"Feature","geometry":{"type":"LineString","coordinates":[[-73.752733000249165,42.649862000007296],[-73.752155999765748,42.650616999701413],[-73.752079999597768,42.650736999688206],[-73.751788000418045,42.651172999739721],[-73.751565999761866,42.651497999814417],[-73.751462999829698,42.651669999731894],[-73.751091000284035,42.652239999684525],[-73.750875000373966,42.652556999844577],[-73.750460000272284,42.653192000215597],[-73.750223000445814,42.653544000275012],[-73.750127000186339,42.653730000222673],[-73.750100000422151,42.653852000014084],[-73.750045000170573,42.654009000092096],[-73.750030999926878,42.654243999998506],[-73.749943999888231,42.654679000321458],[-73.749727000153257,42.656209000317439],[-73.749507000045242,42.657303000060985],[-73.749411999610686,42.657811999700101],[-73.749342000188776,42.658097000259978],[-73.749265000195891,42.658245999977098],[-73.748414999901016,42.65911100015834],[-73.748318999641555,42.659212000225125],[-73.74740499977257,42.660192000268708],[-73.747253000334922,42.660334999961101],[-73.747157000075447,42.660450000232807],[-73.747076999709506,42.660586999727364],[-73.747017000333372,42.660791999979182],[-73.746860999799438,42.661698000077337],[-73.746794999677206,42.661803999918874],[-73.746727999730055,42.66188099967794],[-73.74665099973717,42.661911999845721],[-73.746540000307391,42.661940000260955],[-73.746285999864185,42.661932999993184],[-73.745848000196261,42.661894000091095],[-73.745727999647343,42.661860000173462],[-73.745452000361126,42.662091000277734],[-73.744909000212914,42.662593000164563],[-73.744764000447958,42.662751000093039],[-73.74459899969321,42.662932999780544],[-73.744335000102581,42.663338000102272],[-73.744247000239028,42.663496000119146],[-73.744185000314729,42.663622000329795],[-73.74414299958363,42.663741000220874],[-73.744124000215365,42.66382199997205],[-73.744106999598614,42.663973000041921],[-73.74408099965936,42.664075999673535],[-73.744007999864436,42.66423299970085],[-73.743769000388141,42.664686999867222],[-73.743535999861322,42.665133000032277],[-73.743361999784057,42.66554900005395],[-73.743042999941821,42.666641999886266],[-73.742847000123234,42.667265999911017],[-73.742445000440327,42.668450999924097],[-73.742361999701345,42.668607000105936],[-73.742011999896974,42.669132999967466],[-73.741698999902525,42.669671000100976],[-73.741494999688015,42.670003999957196],[-73.741342000425462,42.670231000187343],[-73.741207999632849,42.670468000203556],[-73.740979000202287,42.670891000110238],[-73.740776999637632,42.671248000288159],[-73.739994000188219,42.672545000146371],[-73.738963000143372,42.674192000208684],[-73.738013000289371,42.675719999705549],[-73.737610999708167,42.676367999993758],[-73.737187000283953,42.677004000126978],[-73.736973999848601,42.677355000226029],[-73.736747999892799,42.677743999673439]]},"properties":{"NAME":"N Pearl St"}},{"type":"Feature","geometry":{"type":"LineString","coordinates":[[-74.017552999783149,42.435795000200585],[-74.017653000240585,42.436055000021504],[-74.017706999768947,42.43629599969541],[-74.017681999654585,42.436836000072852],[-74.017633999974024,42.437200000103253],[-74.017562000003991,42.437522000280069],[-74.017073000282451,42.439255000200951],[-74.017037000297435,42.439402999760105],[-74.016845999603404,42.440204000105979],[-74.016681999571901,42.440804999869755],[-74.016283000262035,42.44260799970764],[-74.016247000277019,42.44273100016548],[-74.015770000251038,42.443905000187257],[-74.015714000174555,42.444043000188103],[-74.015706999603537,42.444060000253629],[-74.015339000255821,42.445011999876186],[-74.014714999916748,42.446478999905821],[-74.014487000311121,42.446943000128805],[-74.014387999678604,42.447116999740665],[-74.014287000294573,42.447283000070385],[-74.014262000180224,42.447319999892251],[-74.013953000383736,42.44777500019665],[-74.013554000175574,42.448341000221049],[-74.012732000368075,42.44939200011148],[-74.012307000220659,42.449905000276956],[-74.012145999663872,42.45008500026961],[-74.011867000004614,42.450360999916541],[-74.011651000094545,42.450527999815989],[-74.011451999902889,42.450664000052107],[-74.011205999855619,42.45081100029202],[-74.010074000426727,42.451418999779776],[-74.00917499972806,42.451931999914379],[-74.008171000345712,42.452502000217564],[-74.0076430002661,42.452774999952311],[-74.007369999556317,42.45291200012344],[-74.006372999846661,42.453372999915885],[-74.006199999594301,42.45346799979793],[-74.006048000156639,42.453563000198677],[-74.005930000155871,42.453644000168453],[-74.005811000330183,42.453751000246065],[-74.005724000291536,42.453838999764102],[-74.005648999948477,42.453927999979356],[-74.005587000024207,42.454013000104126],[-74.00553299959752,42.454104999875213],[-74.005484000092039,42.454210999674444],[-74.005426000365716,42.454358000205893],[-74.005397000053406,42.454477000193961],[-74.005380000334952,42.454593000176381],[-74.005151999831014,42.457509999888785],[-74.005014999563656,42.459422999974294],[-74.004937999570771,42.460298999794503],[-74.004868000148875,42.461137999698252],[-74.004829999615737,42.461449999729204],[-74.004737999554223,42.461840000066736],[-74.004698000269585,42.46195600032712],[-74.00461799990363,42.462144999725417],[-74.00454199973565,42.462325999687359],[-74.004293000213622,42.462770000142186],[-74.00378199985245,42.463561999888185],[-74.003570000140343,42.463956000315726],[-74.00313699959699,42.464939999831827],[-74.003049999558357,42.465158000215212],[-74.002621999936181,42.466099000306144],[-74.002361999645188,42.46656400025811],[-74.00179500010583,42.467443000055681],[-74.001611999807736,42.467771000130504],[-74.001421999836936,42.46816599984264],[-74.001246000109845,42.468624000218185],[-74.000857999772336,42.469983999845333],[-74.000377000446704,42.47174199971834],[-74.000326000393073,42.472087000204752],[-74.000312000149378,42.472267000049321],[-74.00032999969271,42.472525999712452],[-74.000396999639861,42.472882000250536],[-74.000465000310257,42.473096000072218],[-74.000580999762889,42.473390000244123],[-74.000799000221093,42.473865000089567],[-74.001093999773872,42.474560999905002],[-74.001344000019131,42.475172999973054],[-74.001617999655508,42.47578100012079],[-74.001660000386622,42.475887000328633],[-74.001698999846369,42.47598499992354],[-74.001717000288025,42.476058000279245],[-74.001738000204426,42.476144999784196],[-74.001790999907868,42.476422000319168],[-74.001801999778536,42.476587000031188],[-74.001748000250174,42.477749000178711],[-74.001626000051445,42.479549999728178],[-74.001584000218642,42.480024999857591],[-74.001508999875568,42.480424999750099],[-74.001415999989163,42.480752000303312],[-74.001265000376421,42.481135999974626],[-74.001134999781755,42.48139400031414],[-74.001000999887466,42.481627999794519],[-74.000853999574375,42.48184499998294],[-74.000606999702157,42.482159000235946],[-74.000304999578361,42.482498999775224],[-73.99960800034269,42.483180000288932],[-73.999409000151047,42.483372999943548],[-73.999172000324577,42.483627000273835],[-73.999019000163699,42.483784000100506],[-73.998811999576162,42.484023000291337],[-73.998649000267861,42.484240000122817],[-73.998530000442159,42.48441800011868],[-73.998255000082551,42.484902000010557],[-73.998100000271862,42.485241000222103],[-73.998060000088884,42.485349999935003],[-73.99803300032471,42.485422000309775],[-73.997962000179598,42.485672999992921],[-73.997717999782111,42.486531999685972],[-73.997609000002171,42.486830000183744],[-73.997532000009286,42.487008000097354],[-73.997414999833424,42.487205999986706],[-73.99697899981534,42.487901000188188],[-73.996808000111102,42.488229999971658],[-73.996699000331162,42.488475000025296],[-73.996671999668678,42.488540999835095],[-73.996378999765696,42.489264000328198],[-73.996239000023621,42.489525999953017],[-73.996146999962107,42.489667999781595],[-73.996028999961325,42.489825999930353],[-73.995931000052039,42.489938999921954],[-73.995809999678229,42.490068000290009],[-73.995452000376247,42.490374999998402],[-73.995262000405447,42.490512000031536],[-73.994899000182286,42.490725000270302],[-73.994715999884193,42.49081799997915],[-73.994402000064838,42.490954999704336],[-73.993658999900077,42.491244000296916],[-73.993233999752619,42.491437000244666],[-73.992895999643835,42.49160900031054],[-73.992730999787383,42.49171599975476],[-73.992412999770067,42.49194199999112],[-73.992145999806382,42.492175999762246],[-73.992037999851348,42.492293000313104],[-73.991908999979913,42.492447000296906],[-73.991760999841915,42.492641000046419],[-73.99161899955169,42.492884999846751],[-73.991561999650273,42.492990000027056],[-73.991443999649519,42.493319999730048],[-73.991396999793835,42.493489000013753],[-73.991318999976031,42.49407000016663],[-73.991308000105377,42.494188000001117],[-73.991271000295455,42.494566999804697],[-73.99125700005176,42.494707999942371],[-73.991199000325437,42.495203000149452],[-73.991132000378286,42.495437000304555],[-73.991057000035212,42.495641999760572],[-73.990915999569893,42.495901000038039],[-73.990837999752088,42.496019999877532],[-73.990558000267924,42.496341000190952],[-73.9903239999162,42.496547000134832],[-73.990085000439905,42.496711000286631],[-73.990020000142579,42.496746999906968],[-73.989924999708037,42.496799999825498],[-73.989784000141043,42.49686700025805],[-73.989435999986483,42.497005000112146],[-73.98931600033589,42.497042999826512],[-73.988816999670291,42.497167000128265],[-73.988486999957402,42.497209000260192],[-73.988168999940086,42.49722800005825],[-73.98780599971694,42.497224000205811],[-73.987431999623112,42.497185999939092],[-73.986229999874055,42.496996000246121],[-73.985823999993187,42.496961000239715],[-73.985396000371011,42.496948999968104],[-73.982485999636253,42.496991000246446],[-73.981975999998326,42.496996999716188],[-73.980361999622303,42.497016000241011],[-73.979216999774621,42.497036000229457],[-73.977365999572143,42.497061999675061],[-73.975597000283727,42.497097000287276],[-73.974917999693062,42.497106000138771],[-73.974480999850073,42.497096000156517],[-73.974126999847726,42.497060000074732],[-73.973819999701078,42.497011999712662],[-73.973510000079671,42.496941000227288],[-73.973252000336814,42.496872000267686],[-73.972980000350248,42.496789999794316],[-73.972166000040389,42.496496000282654],[-73.971762999634251,42.496359000110189],[-73.971252999996324,42.496203999678912],[-73.971109000056273,42.496173999957037],[-73.970919999910393,42.496140999782654],[-73.970599000418332,42.496094999671129],[-73.970143000308752,42.49605599989566],[-73.969754000146324,42.496071000117901],[-73.969319999778051,42.496105999960072],[-73.969135999655037,42.496126999723529],[-73.96895300025524,42.496153000209368],[-73.968694999614073,42.496209999886517],[-73.968450000290005,42.496281000201847],[-73.96805600010471,42.496422999928377],[-73.967815000080293,42.496529000269668],[-73.967578000253823,42.496645999962915],[-73.967389999932834,42.496755999808826],[-73.964471999700493,42.498643999962844],[-73.96384999990957,42.499088999855218],[-73.963424999762111,42.499431999720002],[-73.963117999615449,42.499708999813123],[-73.96288599981186,42.499928999794655],[-73.962544000403426,42.500290999879773],[-73.962391000242548,42.500471000053096],[-73.962022999996506,42.500946000285353],[-73.961860999614814,42.501162000287735],[-73.961703000329379,42.501416999973998],[-73.961130999868843,42.502301999933302],[-73.96020799977903,42.503749000271014],[-73.960028999678897,42.504008000083466],[-73.959765999913159,42.504330999819018],[-73.959611999927375,42.504492000048131],[-73.959437000025176,42.50464399977291],[-73.959217999742066,42.504807999880533],[-73.959021000098573,42.504938000047865],[-73.958815000234239,42.505059999918274],[-73.958517000308419,42.505219000255089],[-73.957614000310102,42.505621999959658],[-73.957172000444231,42.505805999983039],[-73.956820999916616,42.505939000029855],[-73.956219000217189,42.506134000293976],[-73.955712999878884,42.506267000305222],[-73.955405999732221,42.506334999848121],[-73.955076999844252,42.506384000320168],[-73.954623000282808,42.506426000221182],[-73.953649000139379,42.506495000233777],[-73.953222000342109,42.50653700006022],[-73.953015999579463,42.506567000108191],[-73.952742999767977,42.506632000052342],[-73.952274000137933,42.506768000256805],[-73.951972999839057,42.506892999789365],[-73.951761999951856,42.507004000123672],[-73.951331999781544,42.507225000232189],[-73.951068000190915,42.50739799988586],[-73.950785000333696,42.507639999796233],[-73.950506999601032,42.507931999973287],[-73.950421000285615,42.508035000141206],[-73.950126999659432,42.508545000021478],[-73.950012000031705,42.508785000239314],[-73.949930000015939,42.509039000017985],[-73.949883999985175,42.509441000327115],[-73.949878000137403,42.509578000311258],[-73.949920999795125,42.509888999967949],[-73.950006000183933,42.510192999953091],[-73.95008900002459,42.510419000295187],[-73.950588999616798,42.511620999694024],[-73.951150000206681,42.512979999856306],[-73.951355000246096,42.513540999677716],[-73.951465999675847,42.51388299985301],[-73.951534000346243,42.514175999858395],[-73.951577999828856,42.514395000063637],[-73.951762999776776,42.515404000266514],[-73.951911999739693,42.516270000232232],[-73.951978999686844,42.516677999950481],[-73.952007999999168,42.516953999963185],[-73.952069999923438,42.517406999738313],[-73.952110999931335,42.517913000100421],[-73.952120000152149,42.51837600009754],[-73.952083000342228,42.519508000163711],[-73.952033000113516,42.519910999774943],[-73.951971000189232,42.520267999894621],[-73.951838999944755,42.520737000158469],[-73.951407999949538,42.522186999985514],[-73.950896999588366,42.523953999994482],[-73.950828999816324,42.52425000019894],[-73.950777999762678,42.524696000233739],[-73.950770000265095,42.524931999934829],[-73.950756999846291,42.525280000066815],[-73.950704000142835,42.525736000067752],[-73.950606000233549,42.526089999681176],[-73.950524000217783,42.526275999684039],[-73.950431000331349,42.526443000275478],[-73.950274999797443,42.526677000020143],[-73.949666000425296,42.527384999816647],[-73.949343000385113,42.527740999958937],[-73.948787999643017,42.528453000114979],[-73.948606999893045,42.528753000008109],[-73.948192999616268,42.52949799967859],[-73.94766399971175,42.530499000196798],[-73.946947000384569,42.531774999735411],[-73.946759000063608,42.532081000297154],[-73.946509999643254,42.532423000280097],[-73.946211999717434,42.532819999988433],[-73.945794000141007,42.533452999766126],[-73.944947000219159,42.534734999673397],[-73.944523999721554,42.535246000279955],[-73.942963999772189,42.536788000274747],[-73.942537999799839,42.537229000057962],[-73.942376000316457,42.537445999921708],[-73.94225499994262,42.537626999807777],[-73.942088000436357,42.537913000017411],[-73.942081999690274,42.537926999984819],[-73.941946000146146,42.538218000156192],[-73.941798999833054,42.53869999969492],[-73.941782000114614,42.538829000060893],[-73.941762999848038,42.538970999770804],[-73.941751999977384,42.539161999742895],[-73.941746999954503,42.539271000109729],[-73.941741000106717,42.539413000138232],[-73.941745000304678,42.539622000119515],[-73.941770000419055,42.539813000085978],[-73.94183399999315,42.540240999680961],[-73.94198899980384,42.540868999893917],[-73.942003000047535,42.54132900027048],[-73.941962000039666,42.541648000065372],[-73.941567999854371,42.543032999910864],[-73.941414999693492,42.543683000219453],[-73.941259000057883,42.544349000303804],[-73.941083000330792,42.545084999687326],[-73.940985000421506,42.545435000085291],[-73.94087099972036,42.545733999795722],[-73.940642000289827,42.546169999894573],[-73.940409999587928,42.546446999995162],[-73.94025599960213,42.546620000261093],[-73.940041000415292,42.546852999861564],[-73.938415000343696,42.548455000040924],[-73.93702199990058,42.549886000027421],[-73.936641999959008,42.550339999839366],[-73.936478999752381,42.550525999756239],[-73.936343000208254,42.550739999928382],[-73.93615800026032,42.551079999775311],[-73.935205999858198,42.553276999689089],[-73.934816999695769,42.554132999935533],[-73.934671999930828,42.554497000115909],[-73.934603000333837,42.554710000036692],[-73.93453399983855,42.555011000049028],[-73.934490000355922,42.555268000082364],[-73.934382000400902,42.556063999984282],[-73.934321000301551,42.556408999822011],[-73.934242999585422,42.556712999757359],[-73.934133999805482,42.557006999875071],[-73.934030999873315,42.557257000159396],[-73.933922999918281,42.557488999929554],[-73.933297999754288,42.558631999700502],[-73.932855000063512,42.559397000095238],[-73.932559999612408,42.55979899994265],[-73.932436999588759,42.559954999916698],[-73.931935000346741,42.560531000005035],[-73.931685999926401,42.560790000009582],[-73.931331999924069,42.561127000058832],[-73.931312999657507,42.561146000274377],[-73.931130000257724,42.561336999891481],[-73.930972999898884,42.561517999986712],[-73.930776000255392,42.56176399970937],[-73.930540000253842,42.562140000036372],[-73.930490999850022,42.5622220001164],[-73.930223000061417,42.56279499990309],[-73.930043999961271,42.563295999800324],[-73.929741999837489,42.564036000273241],[-73.929532999600113,42.564384999887608],[-73.929310999842272,42.564684000123862],[-73.929070999642761,42.564974000249734],[-73.92865899991412,42.565432000248883],[-73.928289999843159,42.565867000009362],[-73.927919000122401,42.566266000134036],[-73.927731999626332,42.56644200008764],[-73.927227999836191,42.566797000182156],[-73.926406999853626,42.567325000013163],[-73.925463999672317,42.567897000244955],[-73.9232369997262,42.569285999720869],[-73.922799000058291,42.569542999839506],[-73.922528999721536,42.56968099996314],[-73.920248000247028,42.57080100030479],[-73.918561999900987,42.571667999856359],[-73.91754400027493,42.572162999751306],[-73.917268999915322,42.572276999976424],[-73.917047000157467,42.572331000254053],[-73.916832000072318,42.572365999723004],[-73.916596999895688,42.572381000150912],[-73.91648999976556,42.572381000150912],[-73.916227999824727,42.572350999952981],[-73.915980000127632,42.57230700020996],[-73.915771999715162,42.572260999934194],[-73.915551999607132,42.572194999881965],[-73.915298000062236,42.572104000046231],[-73.915030000273632,42.571993000270417],[-73.914713999906127,42.571815999843771],[-73.914584000209786,42.571703999957123],[-73.914473999706615,42.5715980001155],[-73.914378000345465,42.571472000119307],[-73.914164999910142,42.571157999945257],[-73.914034000388881,42.570955000011139],[-73.913909999642001,42.570813999899457],[-73.913752000356581,42.570656999676878],[-73.913497999913375,42.570464999866175],[-73.913306000292735,42.57035800028374],[-73.913078999613703,42.57025700023123],[-73.912886999993091,42.570191000043096],[-73.912652999641352,42.570140999713693],[-73.912461000020741,42.570126000070154],[-73.911267999594173,42.570112999670521],[-73.911018000247239,42.570083999990572],[-73.910799999789049,42.570031000038824],[-73.910215999632953,42.569850999791527],[-73.909488000435118,42.569571000138566],[-73.908992000142561,42.56936599973745],[-73.907849999769638,42.568865000291382],[-73.907544000346192,42.5687500001386],[-73.907123000396723,42.568604999758783],[-73.90679699998347,42.568504999825151],[-73.906218999675175,42.568360000199],[-73.905443999723346,42.568219000175404],[-73.905098000116936,42.56818899996032],[-73.904818999559367,42.568173999847353],[-73.904595000151716,42.56817900010595],[-73.904268999738463,42.568204000069656],[-73.901783000224555,42.568624999990881],[-73.898983999817887,42.569120000219144],[-73.897978999712322,42.569285000083852],[-73.897839999795167,42.569319999938898],[-73.89751900030312,42.56932199987331],[-73.897145000209292,42.569294000124067],[-73.896423999785839,42.569199999787045],[-73.89452200042804,42.568912999711422],[-73.894206999885455,42.568884999778582],[-73.894120999671728,42.568882999830151],[-73.893745999753008,42.568878000289594],[-73.893619000429695,42.568888000031905],[-73.893298999864257,42.568936999738376],[-73.892532000308364,42.569104000028624],[-73.892104999612783,42.569237000288503],[-73.891672999792661,42.56939099988697],[-73.891440000164152,42.569481999711535],[-73.891297999873942,42.569553000136793],[-73.890497999807778,42.57001500008198],[-73.889522999839429,42.570633999927111],[-73.889291999860731,42.570822000106716],[-73.889208000195154,42.570944999938682],[-73.889148999745615,42.571054999986323],[-73.888983000064258,42.571500000213931],[-73.888906000071373,42.571695000264654],[-73.888820999682551,42.571934999999037],[-73.888582000206256,42.572453999756348],[-73.888237000424766,42.573111000298731],[-73.887859000132991,42.573978999715948],[-73.887758999675555,42.574155999957782],[-73.887638000200056,42.574332000141148],[-73.887464999947696,42.574538000311257],[-73.887013999860997,42.575009000253459],[-73.886819999692221,42.575254000156868],[-73.886351999887083,42.575787999686384],[-73.886207000122113,42.575917999670089],[-73.886023999824019,42.576056000241707],[-73.885330999887984,42.57647300001257],[-73.885155000160879,42.576561999724746],[-73.884832000120696,42.57669399977744],[-73.884622000058414,42.576763000235033],[-73.884564000332091,42.576775999910048],[-73.884099000001683,42.576834999825842],[-73.883469999639743,42.576859000111966],[-73.88252700035676,42.576875999812913],[-73.882067000049204,42.576891999994139],[-73.881718000069768,42.576916999773033],[-73.881493999763762,42.576950000286018],[-73.881010999890009,42.577082999690944],[-73.879640999911473,42.577578999769798],[-73.878944999602368,42.577852000048992],[-73.878199999787782,42.578136000195293],[-73.876644999861298,42.578769999693449],[-73.876258000247006,42.578928000142525],[-73.875985000435534,42.579039000143212],[-73.875365000294437,42.579276000305676],[-73.875316999715551,42.579290999733026],[-73.87512099989695,42.579349999915102],[-73.874910000009763,42.579404000021597],[-73.874715999841001,42.579459000216708],[-73.874106999570543,42.579629999984327],[-73.873760999964134,42.579748000312556],[-73.873338000364839,42.579926000183413],[-73.873017999799373,42.580061000107058],[-73.872853999767855,42.58012400005957],[-73.872782999622729,42.580158999785205],[-73.872729999919287,42.580181999991098],[-73.872123000196979,42.580418999777862],[-73.872063999747425,42.580444000127088],[-73.87179699978374,42.58054500021877],[-73.871487000162332,42.580669000173089],[-73.870791999678147,42.580975999969709],[-73.87068899974598,42.581035999990398],[-73.870159000016585,42.581371000257349],[-73.869457999684613,42.58191700015],[-73.869168999979607,42.582203999914768],[-73.868636999702048,42.582830999813041],[-73.868144999607452,42.583394000056821],[-73.867865999948208,42.58366800007849],[-73.867710000312584,42.583796000037992],[-73.867484000356782,42.583957999909728],[-73.86725800040098,42.584099000067809],[-73.866997000285053,42.584244000141766],[-73.866712999704617,42.584359000165882],[-73.86634199998386,42.584500000078464],[-73.865900000117975,42.584628000314027],[-73.865543999567521,42.584697999980328],[-73.864725000133092,42.584890000286713],[-73.864293000312969,42.584977999843687],[-73.863054999680557,42.585289999797475],[-73.862408999600191,42.58549600014485],[-73.861458999746205,42.585842999993645],[-73.860414000355959,42.586318999993061],[-73.859685000434908,42.586665999890521],[-73.858882999820594,42.587073000003947],[-73.858575999673945,42.587203000269994],[-73.857794000049452,42.587576000016881],[-73.857096999915441,42.58786600018751],[-73.856420999697846,42.58811099983906],[-73.855774999617466,42.588334000007514],[-73.855270999827312,42.588490000048552],[-73.85447300030927,42.588682999906659],[-73.853039999683205,42.589018000088515],[-73.852503000281089,42.589138999784687],[-73.852089000004312,42.58921400023273],[-73.851699000016978,42.589278000173323],[-73.851319000075378,42.589331000301705],[-73.851274999694454,42.589336000186726],[-73.851138000325406,42.589349999862577],[-73.849912000286892,42.589462999776757],[-73.848779000134797,42.589549000206254],[-73.848061999909305,42.589621000243838],[-73.84782500008285,42.589649000125782],[-73.847635999936955,42.589676999995135],[-73.846936000328228,42.589809000060157],[-73.846413000271497,42.589928000269985],[-73.846248000415059,42.589970000212013],[-73.845766000366197,42.590108000105658],[-73.844943999660416,42.590378999836723],[-73.844521000061121,42.590549000118436],[-73.844170000431831,42.590707999771666],[-73.843474999947645,42.591051999858628],[-73.843308000441397,42.591146000324969],[-73.843075999739469,42.591280999761693],[-73.84276500029317,42.591479999892393],[-73.84251699969775,42.591647999936797],[-73.842217999946996,42.591860000055135],[-73.841644999661554,42.592314999908389],[-73.841458999888715,42.592478999980003],[-73.841242999978661,42.592687000224366],[-73.840986999885615,42.592965000077548],[-73.840673999891166,42.593337999733194],[-73.840436000239791,42.593656000275949],[-73.839969000259543,42.594353000127825],[-73.839792999634142,42.594326000272041],[-73.839673999808468,42.594315000082517],[-73.839436000157079,42.594309000038464],[-73.83920400035349,42.594315000082517],[-73.839041000146892,42.594336999798323],[-73.838868999719423,42.594369999688084],[-73.838643999588527,42.594434000286235],[-73.838116000407254,42.594615000227115],[-73.837519999657275,42.594830999728032],[-73.837056000050083,42.594993999905881],[-73.835716000208734,42.595432000097361],[-73.835246999680379,42.595585999813729],[-73.834733999669396,42.595766999715266],[-73.834335000359545,42.59590800027533],[-73.833961000265731,42.596032000091512],[-73.832879999992159,42.59642499981998],[-73.832043000116073,42.596737000010108],[-73.831752999687851,42.596828000267308],[-73.831366000073572,42.596941999704391],[-73.831063000124857,42.59702400031901],[-73.828559999994198,42.597602000316492],[-73.828068999724522,42.597718000006395],[-73.827725999592857,42.597818999885455],[-73.827227999650475,42.598011999952021],[-73.826718999837453,42.598198999751254],[-73.825697999838354,42.598590000042869],[-73.825224000185415,42.598763999713583],[-73.824874000381058,42.598906999751918],[-73.824347999951272,42.599145000248662],[-73.823260000005021,42.599676000050252],[-73.823044000094953,42.599774999781793],[-73.822906999827595,42.599845000291836],[-73.821660999697599,42.600436999741412],[-73.821028999860928,42.600702000095289],[-73.820895999791546,42.600746000299416],[-73.820427999986393,42.600901999690876],[-73.819885999663086,42.601058999803108],[-73.819704000088223,42.601104999992721],[-73.81933199964422,42.601198000056655],[-73.818856000341469,42.601247999948335],[-73.818158000382567,42.601269999861515],[-73.817209000353472,42.601293999998369],[-73.816630000220243,42.601303000047338],[-73.81600300040644,42.601312999879781],[-73.815804000214825,42.601316999680073],[-73.815352000303193,42.601342000244379],[-73.814890000345855,42.60139100023698],[-73.814189000013883,42.60147600029466],[-73.812510000238831,42.601751999736777],[-73.811917999686813,42.601860000105653],[-73.811696999753863,42.601915000325597],[-73.811363999667932,42.602024000185338],[-73.810534000362878,42.602325999783254],[-73.810016000329014,42.602523000159593],[-73.809478000203669,42.602689999765936],[-73.809270999616118,42.602741999967684],[-73.809138000445031,42.602766999960238],[-73.808842999993956,42.602788000237148],[-73.808605000342567,42.602796000309333],[-73.808483000143823,42.602780999925258],[-73.806622999720517,42.602546000048854],[-73.806375000023394,42.602498999834935],[-73.806273999741038,42.602480000315239],[-73.806000999929566,42.602418000241279],[-73.805728999943014,42.602356000105672],[-73.805677999889383,42.602345000011141],[-73.805429000367354,42.60227399989553],[-73.804493999683672,42.602025999732078],[-73.804291000192379,42.601980000222426],[-73.804118999764938,42.601951000154791],[-73.803913999725523,42.601931000031861],[-73.803090000268227,42.601874000274435],[-73.802718999649159,42.60184800014737],[-73.802132000018318,42.601795000083627],[-73.800859000124134,42.601703000028081],[-73.800265999747225,42.60167099983321],[-73.799267000387729,42.601604999833931],[-73.798571000078653,42.601588000263611],[-73.797447000147372,42.60163799984231],[-73.796267000139608,42.601696000255515],[-73.796026999940096,42.601709999799908],[-73.795193000437067,42.601759000164343],[-73.794109999615372,42.601812000258711],[-73.793568000190376,42.601828999767925],[-73.792838000444419,42.601869999848702],[-73.792120000394007,42.601928999820828],[-73.792033000355389,42.601940999763514],[-73.791885000217377,42.601940999763514],[-73.791793999980783,42.601927000270976],[-73.791568999849872,42.601845000157454],[-73.791378999879086,42.601726999998185],[-73.790396000413125,42.601042000083815],[-73.789750000332759,42.600618000100134],[-73.789448000208964,42.60041900005325],[-73.789316999789378,42.600345000325632],[-73.788991000274478,42.600200999817403],[-73.788500000004802,42.60006500006044],[-73.78784499970358,42.599949999917598],[-73.787714000182319,42.599922999841809],[-73.7866770002897,42.599711999850605],[-73.786136999616218,42.599627000031447],[-73.78587399985048,42.599606999823763],[-73.785320999656534,42.599582999698313],[-73.785091000401081,42.599577000161482],[-73.78494300026307,42.599571999775513],[-73.784814000391648,42.599563999950675],[-73.784693000017811,42.599564999763494],[-73.784580999864829,42.599556000124743],[-73.783938000157491,42.599514999843777],[-73.783631000010828,42.599496000075348],[-73.783349999803434,42.599439000074042],[-73.782770999670205,42.599295999934171],[-73.782569000003846,42.599240000229273],[-73.781820999816219,42.598910999706625],[-73.781419000133312,42.598782999705215],[-73.780158999759607,42.59843400015302],[-73.779912999712295,42.598379999998443],[-73.779757999901605,42.598360000051784],[-73.779603000090916,42.598352999903611],[-73.779119000392242,42.598367000199183],[-73.778342999717211,42.598481000127052],[-73.777704000207834,42.598608000259389],[-73.777311999672364,42.598716000126565],[-73.776839999669264,42.598863000232861],[-73.776420000443011,42.599005000222157],[-73.776364000366513,42.59902400014029],[-73.773877999954294,42.599802999730734],[-73.773421000019809,42.599955000273241],[-73.773190999866031,42.600059999713636],[-73.773097000154692,42.600128000295918],[-73.772934999772986,42.600270000047352],[-73.772758000221003,42.600523000236763],[-73.772537000288054,42.600919999900754],[-73.772354999814866,42.60114400031371],[-73.772291000240756,42.601205999671713],[-73.772158000171373,42.601300000031173],[-73.771799000146174,42.601465999827127],[-73.771616999672986,42.601559999794326],[-73.771523999786552,42.601636000283115],[-73.771446999793667,42.601691999818307],[-73.771358000105209,42.60180400006022],[-73.771278999564188,42.601951999929319],[-73.771250000150175,42.602018000222252],[-73.771225000035813,42.602235000281823],[-73.771225000035813,42.602658999841182],[-73.771209999967212,42.60295900015047],[-73.77117099960914,42.60329599980443],[-73.771118999730604,42.603663999720411],[-73.771112000057911,42.603710999716697],[-73.771047999585491,42.603957000300241],[-73.770994000057144,42.604124000030019],[-73.770850999942013,42.604366000039697],[-73.770748000009846,42.604463999858197],[-73.7705899998261,42.604587000107152],[-73.770408000251209,42.60468899982299],[-73.770182000295407,42.604796999729018],[-73.770062999571394,42.604844999921013],[-73.769969999685003,42.604854999846168],[-73.769855000057248,42.60485400011823],[-73.769834000140861,42.605054000270826],[-73.769789999759922,42.605298999797682],[-73.76972199998788,42.605545999778336],[-73.769686999827755,42.605673000056406],[-73.769672999584074,42.605715999680569],[-73.769082999580178,42.607570000146701],[-73.768961000279759,42.607982000323489],[-73.768560000421772,42.60924400006737],[-73.768512999667792,42.609390000141637],[-73.768422000329508,42.60966899983891],[-73.767943999580297,42.611137000005101],[-73.767833999975466,42.611427000286803],[-73.767037000282329,42.613191000247078],[-73.766028999803709,42.615380999854032],[-73.765940000115236,42.615598000302271],[-73.765868000145232,42.615844000218907],[-73.765736999725661,42.616516000020283],[-73.765704999938606,42.616728000148875],[-73.765689000045086,42.616981999801595],[-73.765704000113701,42.617514999988671],[-73.765831000335297,42.61826300030291],[-73.765935000092384,42.618635999897471],[-73.766087000428328,42.61903799996098],[-73.766250999561549,42.619339000210353],[-73.766417999966151,42.619695000052374],[-73.766669000036302,42.620229000295836],[-73.766819999649044,42.620555999676888],[-73.767146999887188,42.621269000060444],[-73.767819999731742,42.622714000093112],[-73.768286999711975,42.623641000130092],[-73.768423000154428,42.624003999742307],[-73.768492999576296,42.624278999762062],[-73.768525000261661,42.624497999754922],[-73.768536000132329,42.624682999888094],[-73.768551000200929,42.624918000193553],[-73.768558999698541,42.625092999760327],[-73.768528999561312,42.625391000304091],[-73.768510000193046,42.625517999776264],[-73.768414999758505,42.625770999873055],[-73.768191000350825,42.626264999744656],[-73.767162999780695,42.627935000080605],[-73.767060999673475,42.628085000023539],[-73.766889000144332,42.628412999793866],[-73.766812000151432,42.628560999890077],[-73.766329000277679,42.62941199989325],[-73.764636000258918,42.63206799992394],[-73.764220000332315,42.632702000000691],[-73.763914999835492,42.633242999903523],[-73.763840000390715,42.633329999976723],[-73.763794000359965,42.633393000272854],[-73.76373400008552,42.633478000277591],[-73.763597999643082,42.633665000011518],[-73.763149999929411,42.634239999970866],[-73.762764999964958,42.63463000014363],[-73.762201999725249,42.635140000189494],[-73.762041000066773,42.635296999914317],[-73.761976999594353,42.635348000089031],[-73.761564999865712,42.635717000185977],[-73.760308999689954,42.636839000020373],[-73.758952000130193,42.63800399991068],[-73.758763999809219,42.638169999687605],[-73.758650000006398,42.638311999941564],[-73.758522999784788,42.638515999757821],[-73.758268000414972,42.639114999933781],[-73.757993999880284,42.639684999950809],[-73.757938999628692,42.639799000252772],[-73.757827000374007,42.640020999963191],[-73.757545000341707,42.640606000139307],[-73.757331999906384,42.640940999994385],[-73.757265999784153,42.64103799994119],[-73.757187999966348,42.641133999930368],[-73.75678499956021,42.64186200009393],[-73.756750000298425,42.641900000209816],[-73.756468000266111,42.642364999852894],[-73.756137999654911,42.643054000326472],[-73.75561700014633,42.644104000260732],[-73.755166000059617,42.644990000157442],[-73.75507999984589,42.645154000314477],[-73.754776000072269,42.645753000019099],[-73.754627000109352,42.646085999798274],[-73.754557999614065,42.646241999932968],[-73.754370000191415,42.646888000180795],[-73.754331999658262,42.647019000228148],[-73.754319000137784,42.647056999837197],[-73.754288000175649,42.64711899974067],[-73.754266000434342,42.647184999740496],[-73.754231000274231,42.647267000283513],[-73.754195000289215,42.647346999983903],[-73.754166999801825,42.647394000048983],[-73.754124999969022,42.647499999826373],[-73.753925999777408,42.647918999964681],[-73.753762999570782,42.648344000049171],[-73.753570000125237,42.648768999872829],[-73.753319999879977,42.649130000262346],[-73.753196999856343,42.649273999961309],[-73.753028999626849,42.649470999826214],[-73.752821000112704,42.649748999972587],[-73.752733000249165,42.649862000007296],[-73.752155999765748,42.650616999701413],[-73.752079999597768,42.650736999688206],[-73.751788000418045,42.651172999739721],[-73.751565999761866,42.651497999814417],[-73.751462999829698,42.651669999731894],[-73.751091000284035,42.652239999684525],[-73.750875000373966,42.652556999844577],[-73.750460000272284,42.653192000215597],[-73.750223000445814,42.653544000275012],[-73.750127000186339,42.653730000222673],[-73.750100000422151,42.653852000014084],[-73.750045000170573,42.654009000092096],[-73.750030999926878,42.654243999998506],[-73.749943999888231,42.654679000321458],[-73.749727000153257,42.656209000317439],[-73.749507000045242,42.657303000060985],[-73.749411999610686,42.657811999700101],[-73.749342000188776,42.658097000259978],[-73.749265000195891,42.658245999977098],[-73.748414999901016,42.65911100015834],[-73.748318999641555,42.659212000225125],[-73.74740499977257,42.660192000268708],[-73.747253000334922,42.660334999961101],[-73.747157000075447,42.660450000232807],[-73.747076999709506,42.660586999727364],[-73.747017000333372,42.660791999979182],[-73.746860999799438,42.661698000077337],[-73.746794999677206,42.661803999918874],[-73.746727999730055,42.66188099967794],[-73.74665099973717,42.661911999845721],[-73.746540000307391,42.661940000260955],[-73.746285999864185,42.661932999993184],[-73.745848000196261,42.661894000091095],[-73.745727999647343,42.661860000173462],[-73.745452000361126,42.662091000277734],[-73.744909000212914,42.662593000164563],[-73.744764000447958,42.662751000093039],[-73.74459899969321,42.662932999780544],[-73.744335000102581,42.663338000102272],[-73.744247000239028,42.663496000119146],[-73.744185000314729,42.663622000329795],[-73.74414299958363,42.663741000220874],[-73.744124000215365,42.66382199997205],[-73.744106999598614,42.663973000041921],[-73.74408099965936,42.664075999673535],[-73.744007999864436,42.66423299970085],[-73.743769000388141,42.664686999867222],[-73.743535999861322,42.665133000032277],[-73.743361999784057,42.66554900005395],[-73.743042999941821,42.666641999886266],[-73.742847000123234,42.667265999911017],[-73.742445000440327,42.668450999924097],[-73.742361999701345,42.668607000105936],[-73.742011999896974,42.669132999967466],[-73.741698999902525,42.669671000100976],[-73.741494999688015,42.670003999957196],[-73.741342000425462,42.670231000187343],[-73.741207999632849,42.670468000203556],[-73.740979000202287,42.670891000110238],[-73.740776999637632,42.671248000288159],[-73.739994000188219,42.672545000146371],[-73.738963000143372,42.674192000208684],[-73.738013000289371,42.675719999705549],[-73.737610999708167,42.676367999993758],[-73.737187000283953,42.677004000126978],[-73.736973999848601,42.677355000226029],[-73.736747999892799,42.677743999673439],[-73.736117999705954,42.677528999709423],[-73.735633000182361,42.677485000273229],[-73.735227000301506,42.677455999712215],[-73.73478200006258,42.677459999904279],[-73.734644999795222,42.67768100004367],[-73.733494000099782,42.679541000020137],[-73.732571999834875,42.681009999813085],[-73.731435000383129,42.682885999887027],[-73.731052999893407,42.683499000313731],[-73.730826999937605,42.683814999807467],[-73.730534000034652,42.684281999934313],[-73.730267999895858,42.684708000205227],[-73.729909999695565,42.685290999860996],[-73.729853999619067,42.685379000193464],[-73.729528999929059,42.68575899986763],[-73.729400999882557,42.685925000295626],[-73.728213000377181,42.687328999841455],[-73.727948000063307,42.687669000177351],[-73.727847999605885,42.687819000044641],[-73.727348000013677,42.688423000000107],[-73.726169999655752,42.68988499999687],[-73.725478000442934,42.690745000000298],[-73.725292999596704,42.690963999774205],[-73.725255999786768,42.691018999843351],[-73.724946000165374,42.69141099987386],[-73.724601000383885,42.691848000244065],[-73.72374799971594,42.692889000285831],[-73.723660999677321,42.692997999974288],[-73.723580000384771,42.693098999781434],[-73.723083000267309,42.693709000262977],[-73.722942999626909,42.693883000163602],[-73.722426000316275,42.694520999810081],[-73.722221000276875,42.694758999885138],[-73.721530999815556,42.695629000271353],[-73.721377999654692,42.695822999747385],[-73.720884999735176,42.696438999987777],[-73.720731999574312,42.696619999825074],[-73.720717000404008,42.696639999895076],[-73.720616999946571,42.696766999826309],[-73.720231000157185,42.697217999994066],[-73.719647000001103,42.697929999717793],[-73.71950899990884,42.698109000069302],[-73.719411999824473,42.698224999981043],[-73.719266000234583,42.698395999814224],[-73.719034000431009,42.698664999884457],[-73.718778000337963,42.698965000281689],[-73.718460000320647,42.699371999889941],[-73.718348999992557,42.699499999703562],[-73.718219000296216,42.699654000130167],[-73.718111000341196,42.699772999688101],[-73.717578000238717,42.700404999837154],[-73.717447999644065,42.700560999682104],[-73.717322999970577,42.700724999824352],[-73.71659300022462,42.701586999890694],[-73.716233000374515,42.702057000197236],[-73.715243000337566,42.703289999739667],[-73.715058000389618,42.703510999752702],[-73.714556000249289,42.704114000141708],[-73.714206000444918,42.704506000031749],[-73.714004999705153,42.704778999789717],[-73.713714000350336,42.705159999693905],[-73.713070999744687,42.705990000203464],[-73.712469999870152,42.706751999971964],[-73.712006000262974,42.707317000185768],[-73.711788999629675,42.707598999985521],[-73.711693000268525,42.707721999721649],[-73.71151800036634,42.707965999679047],[-73.711075999602144,42.708583999673515],[-73.710504999864838,42.709275999803545],[-73.709782999616479,42.710169999832438],[-73.708474999562213,42.711745999820252],[-73.70819300042821,42.712094999681284],[-73.707467999806809,42.712982000232103],[-73.706291000172101,42.714394000198752],[-73.705363999884312,42.71548999997048],[-73.705209999898543,42.71560000017471],[-73.705125000408032,42.715648000046713],[-73.704917999820495,42.715723999823098],[-73.704567000191204,42.715828000061073],[-73.704264000242503,42.715923000151456],[-73.703863000384516,42.716019999940919],[-73.703757999904212,42.716044000049123],[-73.703670999865565,42.716081999706461],[-73.703574999606104,42.716158000271378],[-73.703531999948396,42.716212999805805],[-73.703516000054876,42.716233000164429],[-73.703269000182672,42.716754999786907],[-73.703225999626639,42.716876000042284],[-73.703033000181122,42.717413000013977],[-73.70296000038617,42.717589999838083],[-73.702073000281388,42.719898000124125],[-73.701299000154492,42.721901000281818],[-73.700940000129293,42.722885000200222],[-73.702080999778985,42.723128000133265],[-73.70346900019922,42.723404999691795],[-73.702884000218191,42.724868000067758],[-73.702658000262389,42.725486999806847],[-73.702483000360218,42.726029999709986],[-73.701876999564476,42.727758999715498],[-73.701812000165461,42.728035999712915],[-73.701721999753786,42.728615000200577],[-73.70165399998173,42.729127999878081],[-73.701609999600805,42.729449999674401],[-73.701509000216774,42.730090999785155],[-73.701439999721487,42.730544999745305],[-73.701417000155274,42.730693999946872],[-73.701356000055895,42.731152000145492],[-73.701170000283042,42.732388000027591],[-73.701123000427401,42.732780000156168],[-73.70094299960401,42.734089000084715],[-73.70075500018136,42.735401999855533],[-73.700649999701056,42.736162000206981],[-73.700612999891135,42.73642999998826],[-73.700555000164812,42.736857999935388],[-73.700489999867486,42.737292999922424],[-73.70047200032414,42.737702000054163],[-73.700473999973966,42.738398000311818],[-73.700504999936101,42.739257999945046],[-73.700508000309156,42.73935999990816],[-73.700508000309156,42.739562000245535],[-73.700508000309156,42.739693999790333],[-73.700504999936101,42.739762999725471],[-73.700499999913234,42.739851000047686],[-73.700500999738139,42.740111000150016],[-73.700541999746036,42.740820000149192],[-73.700557999639557,42.740966000195762],[-73.700574000431388,42.741107999847983],[-73.700685999686073,42.741600000169591],[-73.701024999619776,42.743022000156891],[-73.701110999833503,42.743352999680063],[-73.701162999712054,42.743690999707454],[-73.701156000039347,42.743837999724065],[-73.701139000320907,42.743968999929848],[-73.701127999551943,42.744073999789173],[-73.701130999924999,42.744178000002343],[-73.701123000427401,42.744279999788169],[-73.701094999939983,42.745312999740293],[-73.701046000434488,42.745716999889595],[-73.700976999939201,42.746583000133732],[-73.700951999824852,42.746883999888496],[-73.700685999686073,42.749933000233845],[-73.700754000356454,42.750847999990455],[-73.700816000280724,42.751187000065521],[-73.700834999648976,42.751352999694532],[-73.700824999603242,42.751613999722146],[-73.700813999732588,42.751859999909634],[-73.70074199976257,42.752523999761692],[-73.700633999807536,42.753491999691562],[-73.70053500007333,42.754409000261262],[-73.700417000072562,42.755490000319504],[-73.70017400039832,42.757552000206694],[-73.70001700003948,42.758505000317832],[-73.699914999932219,42.759077999941894],[-73.699869999726388,42.759553000168111],[-73.699875999574161,42.759689000188537],[-73.699745000052914,42.761961000143103],[-73.699738000380222,42.762078999752859],[-73.699730999809205,42.762376000101085],[-73.699753000448837,42.76273500030463],[-73.699776999839955,42.762927000085121],[-73.699800000304492,42.763683999927657],[-73.699765999969316,42.763921999892332],[-73.699647999968533,42.764299999935453],[-73.69941699998985,42.765160000317678],[-73.698995000215461,42.766936000041191],[-73.698809000442623,42.767995999951474],[-73.698705999612159,42.76859299972633],[-73.698666000327492,42.768737999911082],[-73.69859799965711,42.769205999888086],[-73.698529999885068,42.76959800001071],[-73.698447999869288,42.770027999869228],[-73.698409000409541,42.770224999985111],[-73.698332000416642,42.770609000003262],[-73.69829600043164,42.770793000212386],[-73.697862999888287,42.773031999744845],[-73.697622999688761,42.774174999700982],[-73.697436000091017,42.775124999754141],[-73.697361999572848,42.775508000101283],[-73.697347000402573,42.775607000234416],[-73.697327000311063,42.775666000258447],[-73.697212999609931,42.776237999801523],[-73.696998000423093,42.777464999909121],[-73.696795000033518,42.778347000073985]]},"properties":{"NAME":"State Rte 32"}},{"type":"Feature","geometry":{"type":"LineString","coordinates":[[-73.751270000384167,42.644094000030265],[-73.751129999743782,42.644244000014332]]},"properties":{"NAME":"US Hwy 20"}},{"type":"Feature","geometry":{"type":"LineString","coordinates":[[-73.751270000384167,42.644094000030265],[-73.751129999743782,42.644244000014332],[-73.751078999690151,42.644290000025059],[-73.75103000018467,42.644338000172404]]},"properties":{"NAME":"Broadway"}},{"type":"Feature","geometry":{"type":"LineString","coordinates":[[-73.750548000135836,42.648164999688149],[-73.750629000326683,42.648361999761697]]},"properties":{"NAME":"Beaver St"}},{"type":"Feature","geometry":{"type":"LineString","coordinates":[[-73.749948000086206,42.646765000228235],[-73.750092000026243,42.647067999963099],[-73.75012899983615,42.6471549998694],[-73.750437999632652,42.647883000278092],[-73.750516000348782,42.648086999768353],[-73.750548000135836,42.648164999688149],[-73.750629000326683,42.648361999761697],[-73.750784999962292,42.648709000322526],[-73.750822999597119,42.648845999915743]]},"properties":{"NAME":"Broadway"}},{"type":"Feature","geometry":{"type":"LineString","coordinates":[[-73.751129999743782,42.644244000014332],[-73.750940999597887,42.644143999844907],[-73.750762000396065,42.644061000051344],[-73.750616999732799,42.644005000287308],[-73.75049299988423,42.643956999883038],[-73.75044699985348,42.643942999923361],[-73.750316000332219,42.64389200018514],[-73.750186999562487,42.643845000117288],[-73.749908999728135,42.643758999971531],[-73.749779999856713,42.643719000139882],[-73.749667999703718,42.643683999770445],[-73.749462999664303,42.643623999940928],[-73.749332999967962,42.643581999827596],[-73.749084000445919,42.643510000039349],[-73.748482999673087,42.643332999847743],[-73.748035999784335,42.643189000272393],[-73.747706000071446,42.643084000192921]]},"properties":{"NAME":"US Hwy 20"}},{"type":"Feature","geometry":{"type":"LineString","coordinates":[[-73.755877000437323,42.665926999987512],[-73.755622999994102,42.665790999779837],[-73.755529000282792,42.665735999834808],[-73.755351000007536,42.665621000092671],[-73.755183999602963,42.665529999956412],[-73.755015000446875,42.665427000091569],[-73.754646000375914,42.665170999803635],[-73.754357999597531,42.664929999730333],[-73.754206000159868,42.664796000157082],[-73.75401000034131,42.66456199992372],[-73.754488000192197,42.664220999872676],[-73.754949000324643,42.663871999782032],[-73.75533299956588,42.663516000284964],[-73.755693000314295,42.663163999861638],[-73.756448999999535,42.662435999959214],[-73.75723999984487,42.661709999731933],[-73.757971000314072,42.661047999802207],[-73.758694000387337,42.660359999952092],[-73.759436999653772,42.659675999771288],[-73.75993200012141,42.659968000204898],[-73.760493999637887,42.659411000007488],[-73.761102000083426,42.658815999776081],[-73.761600000025808,42.658334999824028],[-73.761744999790764,42.658176999904185],[-73.762308999855378,42.657646000141931],[-73.762728000155022,42.657256000216471],[-73.763225000272485,42.656791999788673],[-73.763264999557137,42.656749999977734],[-73.763749000154135,42.656273999697461],[-73.764181999799163,42.655849999854908],[-73.76475799955935,42.655284999831991],[-73.765292000385045,42.654758999738284],[-73.765785000304547,42.654291999732393],[-73.765868000145232,42.654221000044032],[-73.766289999919621,42.653813000328832],[-73.766905999862757,42.653214000277657],[-73.767007000145114,42.653115999881166],[-73.767712999601628,42.652438999975857],[-73.767721999822456,42.652230000101255],[-73.767765000378475,42.652059999672673],[-73.767853000242027,42.651893999956144],[-73.767979999565313,42.651638000105926],[-73.76807800037291,42.651449000265615],[-73.768136999924153,42.651337999756109],[-73.768311000001418,42.650968000150726],[-73.768642000437538,42.650248000091928],[-73.769035999724522,42.64944899976156],[-73.76943900013066,42.648651000085515],[-73.769521000146426,42.648461999758176],[-73.769843000361689,42.647864000068004],[-73.770183999945232,42.647261000054044],[-73.770300000296174,42.64707600029373],[-73.770563000061912,42.64663700012143],[-73.770729999568175,42.64638599971007],[-73.771353000082328,42.645654000026745],[-73.771418000379654,42.645581999993411],[-73.77145199981652,42.645557000008232],[-73.77170700008466,42.6453580001644],[-73.772143000102758,42.645096999809333],[-73.772815000122407,42.644801999687239],[-73.772912000206773,42.644746999677736],[-73.774028999567037,42.644271000039112],[-73.774281000360432,42.644160999693391],[-73.775141999627635,42.643789000158833],[-73.775278000070088,42.643722999859854],[-73.776057000219851,42.643404000070952],[-73.776453999879877,42.643213999887585],[-73.77708099969368,42.642939000263887],[-73.777202999892424,42.642883000150661],[-73.778165000340309,42.642469000039249],[-73.778814999720325,42.642174999800474],[-73.779069000163545,42.642082000130181],[-73.779227000347277,42.642013999757474],[-73.779822000374025,42.641788999840905],[-73.779962000116114,42.641729000166244],[-73.780890000228808,42.641389000256211],[-73.78182500001418,42.64104300030224],[-73.782738999883165,42.6407029999475],[-73.783395000009278,42.640469000241055],[-73.7845509997276,42.640068000276528],[-73.785702000321336,42.639631999704505],[-73.786545999870128,42.639321000092643],[-73.7872470002021,42.639062999702453],[-73.789206000359627,42.638357999712326],[-73.789310999941605,42.638311000089836],[-73.789594999623745,42.638144000173796],[-73.789890000074834,42.637948999839189],[-73.790107999634714,42.637804999697977],[-73.790309000374492,42.637668000241028],[-73.790481999728527,42.637552000272073],[-73.790720000278228,42.637402999880713],[-73.7909160000968,42.637267000068093],[-73.791176000387807,42.637093000233932],[-73.792425999817439,42.636298000316835],[-73.792580999628157,42.636193999728576],[-73.792898999645473,42.636016999871892],[-73.794378000302274,42.635115999876746],[-73.795127000314821,42.634648999769325],[-73.795452999829749,42.634488000078974],[-73.795688000006393,42.63440300013194],[-73.796001000000842,42.634318000068767],[-73.796247000048126,42.634255999965056],[-73.796698999959744,42.634176999871308],[-73.79714500002359,42.634088999740776],[-73.797770000187555,42.63396800010171],[-73.7992370002505,42.633706000284512],[-73.799607000146352,42.633639999864066],[-73.799966999996457,42.633576999817969],[-73.800425999580767,42.633497000254984],[-73.800830999636716,42.633416999928265],[-73.801637000448991,42.633217000313827],[-73.801950000443441,42.63312100000627],[-73.802331000209961,42.63294699981487],[-73.802732999892854,42.632691999920304],[-73.802908999619945,42.632552999892916],[-73.80392100029654,42.631862000208024],[-73.804146000427423,42.63171400002976],[-73.804589000118213,42.631457999747944],[-73.805082999862634,42.631200999769021],[-73.805380999788454,42.631061999716245],[-73.806283999786771,42.630625000176714],[-73.807212999724399,42.630164999955696],[-73.807976999805533,42.629814999765948],[-73.808087000308717,42.629754999781269],[-73.808986000109073,42.62938100004915],[-73.809361000027806,42.629255999860334],[-73.809706999634216,42.629156000057243],[-73.81000399973513,42.629079000099402],[-73.810267000399179,42.629031000077475],[-73.810674999929873,42.628968999994399],[-73.811028999932191,42.628931999915388],[-73.811747999807508,42.628889999799014],[-73.811788999815391,42.628899999829315],[-73.81189599994552,42.628880999770409],[-73.8128390001268,42.628834000260753],[-73.812952000104701,42.628828000236446],[-73.813207000372827,42.628822000211514],[-73.81343699962828,42.628815000181753],[-73.813763000041533,42.628801000119779],[-73.814095000302558,42.628774999996402],[-73.814339999626611,42.628747999856749],[-73.81461800035926,42.628696000215761],[-73.815133000020097,42.62857800003043],[-73.81561000004605,42.628429999974642],[-73.816029000345722,42.628280000202103],[-73.81678000000808,42.628003999993517],[-73.817966999688537,42.627578999764978],[-73.818478000049694,42.627398999781008],[-73.820195000357884,42.626794000298048],[-73.820617999957193,42.626651000161985],[-73.8214420003128,42.626352000318185],[-73.823501999854358,42.625593000061052],[-73.824235999798276,42.625333000141467],[-73.825712999906955,42.624818000031375],[-73.827539999820004,42.624139000035981],[-73.828231999931134,42.623890999672916],[-73.829344999991747,42.623502999809659],[-73.830288999997961,42.623158999748505],[-73.831898000351117,42.622562000218828],[-73.832044999765898,42.622504000064573],[-73.832905999931441,42.622188999685228],[-73.833623999981839,42.62193299989017],[-73.834772000202534,42.621517000291782],[-73.837013000392375,42.620697999797173],[-73.837667999795258,42.620450999747455],[-73.839260000429988,42.619878999767067],[-73.840186999819451,42.619553000288853],[-73.841422999903713,42.619105000159941],[-73.842243999886264,42.618808000100891],[-73.842884999943763,42.618575999714693],[-73.84339799995476,42.618389999772397],[-73.844070999799314,42.618160999677379],[-73.844706999833946,42.617922999771515],[-73.845405999617768,42.617699000195771],[-73.846481999868459,42.617270000252198],[-73.847554999746109,42.616906999720463],[-73.848901000333527,42.616409000142866],[-73.849477000093714,42.616217999966366],[-73.850599000375155,42.61581799997267],[-73.850637999834888,42.615803000079922],[-73.851853000002762,42.615338000290826],[-73.854284999988309,42.614450000182948],[-73.855065999787897,42.614191000245476],[-73.855599999715267,42.613994999987781],[-73.856835999799529,42.613534999847531],[-73.857666999827842,42.613255000024459],[-73.858860000254381,42.612819000032104],[-73.861539999937037,42.611868999783056],[-73.862483000118345,42.611532999847604],[-73.863986999991212,42.610987000218657],[-73.865252000387784,42.610526999678839],[-73.867867999598033,42.609541999773846],[-73.869021999666529,42.60911200017663],[-73.870246000055218,42.608664000304884],[-73.871339999849241,42.608245000312841],[-73.873858000048514,42.607336000171301],[-73.874562999680123,42.607086999969638],[-73.875171000125661,42.606851000110417],[-73.875609999618504,42.606656000255356],[-73.876033999941015,42.60643899972613],[-73.876327999668902,42.606274000323054],[-73.878322999811431,42.60512900007992],[-73.879855999996607,42.604225999842704],[-73.879932000164601,42.60418200011253],[-73.880907000132936,42.603623000158983],[-73.881395000029585,42.603308999897799],[-73.881902000192781,42.60296100032842],[-73.882052999805509,42.602841999877704],[-73.88270399990877,42.602376999859885],[-73.883168000414258,42.602097000130357],[-73.883370000080618,42.60198799973714],[-73.883626000173649,42.601878000038717],[-73.884110999697242,42.601687000263325],[-73.884489999813937,42.601585000261117],[-73.884770000196411,42.601517999728024],[-73.885063999924284,42.601462000036399],[-73.885110999779954,42.601453000010451],[-73.885216000260257,42.601432999727649],[-73.885552999645839,42.601379999972124],[-73.886427000230142,42.601257999789603],[-73.888289000303303,42.600997000298818],[-73.890585999671316,42.600666000205671],[-73.890948000069571,42.60060299985291],[-73.892015999924311,42.600403999758186],[-73.892282999888025,42.600346000125974],[-73.892349999835176,42.600330999813281],[-73.892602999555166,42.60027099984891],[-73.892814000340664,42.600220999834413],[-73.89423799984759,42.599909999703186],[-73.895878000162895,42.599559000224879],[-73.89760799999155,42.599211000208797],[-73.898276999638156,42.599091000048979],[-73.900028000281551,42.59882600011732],[-73.900594999820882,42.598727000200526],[-73.901418000351583,42.598430999998719],[-73.901618000368117,42.598348000080698],[-73.902109999564402,42.598085999805306],[-73.902531000412196,42.597809000153525],[-73.903291000295383,42.597249000040037],[-73.904974000268382,42.595997999889171],[-73.905756999717809,42.595394000048721],[-73.905895999634978,42.595292000325607],[-73.906203999606547,42.595093999686291],[-73.906422000064751,42.594967000327806],[-73.907231000351757,42.594561999962721],[-73.907930999960485,42.594232999871025],[-73.90827900011503,42.594052000143321],[-73.908643999988016,42.593839000301941],[-73.908669999927298,42.593821999935464],[-73.908920000172543,42.593651000076171],[-73.909355000365707,42.593274999907251],[-73.910817000405785,42.591913999907639],[-73.911633000365484,42.591185000265732],[-73.911947000184838,42.590995000069654],[-73.912165999569623,42.590888999952163],[-73.91263000007514,42.590681000320807],[-73.91305699987241,42.590463999704859],[-73.913414000247784,42.590255999977899],[-73.913708999800562,42.590053000045657],[-73.914210000115972,42.589651000069622],[-73.91508799999994,42.588816000077891],[-73.915344999917892,42.588579999792863],[-73.915534000063786,42.588409000101436],[-73.916072000189132,42.58793900018442],[-73.916636000253746,42.587524999731073],[-73.916801999935103,42.587413000279696],[-73.917049999632226,42.587275999720546],[-73.917412000030453,42.58709999969485],[-73.917638999811189,42.587004999726226],[-73.917970000247294,42.586846999903443],[-73.919397000127248,42.586216999968471],[-73.920165000406371,42.585900999896225],[-73.920854000144459,42.585628999840573],[-73.921451999645953,42.585407999996242],[-73.922424999964463,42.585010000012588],[-73.923649000353151,42.584399999835597],[-73.925768000344235,42.58331600032291],[-73.926462999930123,42.582934000165992],[-73.927023999621682,42.582606000293282],[-73.927658000006502,42.582227000027743],[-73.927834999558499,42.582116999842178],[-73.929207999910105,42.581297999845127],[-73.929848000142712,42.580908999768155],[-73.930539000428922,42.580429999774019],[-73.931853000330989,42.579489000302715],[-73.932469000274139,42.579086000191197],[-73.933707999833118,42.578346000319421],[-73.934464000416682,42.577952000210736],[-73.935131000413449,42.577634000251713],[-73.935863999634137,42.577302999770005],[-73.936657000027608,42.57696699996216],[-73.938169000296398,42.576370999755142],[-73.938483999940672,42.576256000211671],[-73.939160000158282,42.576049999763029],[-73.940003999707059,42.575740000265043],[-73.940967999804755,42.575403999973666],[-73.941264000080764,42.575301999952273],[-73.942541000172895,42.574869000254537],[-73.943449000194079,42.574544000273939],[-73.943835999808385,42.574420000046622],[-73.944137000107261,42.57432099973083],[-73.944214999925066,42.574293999797845],[-73.944316000207408,42.574260000306602],[-73.944639000247591,42.574151000178354],[-73.944765999570876,42.574110999943912],[-73.94501599981615,42.574032000282074],[-73.945610999842899,42.573884999824287],[-73.945939999730868,42.573825000199406],[-73.946440000221372,42.573758999817628],[-73.947056999989442,42.573708999702475],[-73.947616999856095,42.573717999765861],[-73.948185999943561,42.57376100027124],[-73.948698000129639,42.573837000261271],[-73.950073999956004,42.574151000178354],[-73.951268000207463,42.574385999962551],[-73.953808999972935,42.574821999674143],[-73.95461300023706,42.574951999687059],[-73.956151000445118,42.575190999914547],[-73.95680400019819,42.575280000133318],[-73.957533999944147,42.575353999854308],[-73.959163000388813,42.575535999831544],[-73.959633999668668,42.575602000317183],[-73.960503000230133,42.5756990001926],[-73.961459999756812,42.575815999827896],[-73.961949000376677,42.575859999741382],[-73.96222600038611,42.575884999933955],[-73.962561999946772,42.575894999875906],[-73.962829999735376,42.575890000235894],[-73.963321000005052,42.575880000293182],[-73.963919000404857,42.575856000291779],[-73.964312999691842,42.575842999763466],[-73.96471400044814,42.575853999905362],[-73.965131000199662,42.575882000017245],[-73.965598000179909,42.575887999850565],[-73.966142000153027,42.575865000045326],[-73.967415000047197,42.575777000194364],[-73.96761300041392,42.575767999766597],[-73.967969000066063,42.575760000193817],[-73.968210000090508,42.575767999766597],[-73.968740999644822,42.575804000146817],[-73.968837999729203,42.575811000181545],[-73.969262000051742,42.575860999934527],[-73.969591999764617,42.575880000293182],[-73.969894999713318,42.575876000183342],[-73.970087000232255,42.575866999769872],[-73.97030899999011,42.575845000150231],[-73.970492000288218,42.575818000215527],[-73.970707000373352,42.575777999727322],[-73.971467000256553,42.575578000208793],[-73.972080999651567,42.57539999983328],[-73.972293000261999,42.575383999930715],[-73.972432000179168,42.575368000024092],[-73.972718000409444,42.575368000024092],[-73.973074000061587,42.575388000072117],[-73.973500000033937,42.575426999948974],[-73.973895000044138,42.575518000228193],[-73.974101999733364,42.575588000199978],[-73.974151000137184,42.575605000247414],[-73.974362999849291,42.575700999922468],[-73.974525000231012,42.575788999880679],[-73.974900000149717,42.575987000324808],[-73.975316000076333,42.576284000143048],[-73.975661999682742,42.576551999889745],[-73.976002000339676,42.57687899968181],[-73.976503999581695,42.577388000269202],[-73.976948999820621,42.577860000014908],[-73.977825000054779,42.57883200014345],[-73.978332000217961,42.579314999735367],[-73.979791999709903,42.580585000295002],[-73.980106000427583,42.580872999689369],[-73.980361999622303,42.581148999762334],[-73.98066499957099,42.581512000313261],[-73.980892000250037,42.581800000055836],[-73.981068999802048,42.582082999986042],[-73.981305999628518,42.582447999904161],[-73.981538000330417,42.582837000300636],[-73.982222999870544,42.583956999846464],[-73.98313900028765,42.585448000259603],[-73.983328000433545,42.585760999879625],[-73.983443999886177,42.585938999780325],[-73.983498000312863,42.586049999866141],[-73.983559000412214,42.586266999975443],[-73.983576999955559,42.586478999876981],[-73.983559000412214,42.586728999782885],[-73.983491999566752,42.586953000280836],[-73.983334000281317,42.587320000145368],[-73.983191999991092,42.587690999846835],[-73.983113000348382,42.588002000113022],[-73.983073000165405,42.588421999993891],[-73.983085999685883,42.588605000176443],[-73.983145999960342,42.588871999891033],[-73.983226000326297,42.589159000045235],[-73.983339000304198,42.589432999860485],[-73.983469000000539,42.589648000153851],[-73.983680999712647,42.589912000127185],[-73.983843000094339,42.590090000079307],[-73.98517500043809,42.591467999919097],[-73.985403999868609,42.591712999962354],[-73.985796000404108,42.592115999798381],[-73.986300000194248,42.592678000253599],[-73.986408999974188,42.592800000040704],[-73.98651100008145,42.592919999750109],[-73.986690000181596,42.593124000180673],[-73.986900000243864,42.593426999840673],[-73.987024999917338,42.593640999675429],[-73.98731600017048,42.594218999969307],[-73.987727000074202,42.59517100000965],[-73.987957000227979,42.595691999878269],[-73.988059000335227,42.595880999770692],[-73.988148000023699,42.595992000007115],[-73.988397000444039,42.596228999868096],[-73.988647999615893,42.596409999885907],[-73.988932000196328,42.596559999725159],[-73.989429000313791,42.596747999772134],[-73.989739999760104,42.596849999757239],[-73.990116000402068,42.596995999782543],[-73.990518000084961,42.597181000283477],[-73.991101000416151,42.597480000010613],[-73.991473999786734,42.597655999822763],[-73.992004000414482,42.597860999800091],[-73.992759000274802,42.598088000139647],[-73.99313099982048,42.598212000246853],[-73.994278000216269,42.598647999987094],[-73.995039999749295,42.598927000184283],[-73.995570000377029,42.59909499999192],[-73.995817000249218,42.599158999705011],[-73.996059000098569,42.599205999793462],[-73.99650299961425,42.599277000098965],[-73.996675999866625,42.599294000299821],[-73.996973999792459,42.5993069999057],[-73.997403000137851,42.599313999946709],[-73.997863000445392,42.599307999722704],[-73.998588000168496,42.599270999871351],[-73.998970999584813,42.599215000143985],[-73.99919800026386,42.599172000000372],[-73.999406999602911,42.599105000178731],[-74.00000199962966,42.598856000141183],[-74.000177000430156,42.598758999923646],[-74.000360999654873,42.598632999926899],[-74.000547000326023,42.598485000109157],[-74.000719999680058,42.598327000291043],[-74.001542000385854,42.59747699981034],[-74.001964999985148,42.596962000106174],[-74.002592999623872,42.59625700008791],[-74.002801000036328,42.596111000315048],[-74.002969000265836,42.596019999672116],[-74.003108000182991,42.595959000314934],[-74.003201999894301,42.595918000312302],[-74.003469999682935,42.595851000298403],[-74.003695999638737,42.595822000023247],[-74.004103000242822,42.595818999743194],[-74.004641000368181,42.595792999734648],[-74.004993999647269,42.595754999906141],[-74.005156999853895,42.595721000213921],[-74.00559799989486,42.595600999946086],[-74.006095999837228,42.595429999677748],[-74.00647800032695,42.595322999947896],[-74.006664999924709,42.595292000325607],[-74.006803999841878,42.595278999882083],[-74.007132999729862,42.595278000000484],[-74.007464000165953,42.595318999762824],[-74.007671999680113,42.595370000284461],[-74.007736999977439,42.595394000048721],[-74.007881999742395,42.595447000266844],[-74.008200999584616,42.595583000183566],[-74.008624000082236,42.595779000183384],[-74.0088269995735,42.595859999810962],[-74.009054000252533,42.595960000185656],[-74.009257999568732,42.59601399979222],[-74.009523999707511,42.59606800001329],[-74.010578000216896,42.59620300003062],[-74.011908999837402,42.596334000296878],[-74.012144000014032,42.596341000010554],[-74.012553000267943,42.596332999770851],[-74.013464999588791,42.596276000182662],[-74.014085999554808,42.596253999828797],[-74.01468899997748,42.596267999934653],[-74.015413999700584,42.596306999976754],[-74.016375000323535,42.596375000025759],[-74.017437000330531,42.596420999705643],[-74.01796799988486,42.596437000161387],[-74.018025999611183,42.596431000321594],[-74.018229000000758,42.596408000158938],[-74.018639999904494,42.59629700000221],[-74.019198999946255,42.596113000051545],[-74.019425999726963,42.596097000173913],[-74.019617000420993,42.596097000173913],[-74.019800999645682,42.596113000051545],[-74.020183000135432,42.59618300004648],[-74.020292999740263,42.596226000268935],[-74.020484000434323,42.596315000219803],[-74.020924999576948,42.596524000087662],[-74.022210999889921,42.597209999926193],[-74.023937000418954,42.598301000006352],[-74.024016999886584,42.598340000098659],[-74.024180000093196,42.598407000081579],[-74.024358000368423,42.598459999720944],[-74.024543000316356,42.598501000034879],[-74.024709999822619,42.598523000256712],[-74.025068999847804,42.598523000256712],[-74.025280999559925,42.598505000015692],[-74.025493000170343,42.598465000196143],[-74.025738000392721,42.59839800027558],[-74.025930000013361,42.598331000283032],[-74.026105999740452,42.598253000062691],[-74.026228999764086,42.598185999914172],[-74.026766999889446,42.597876000046128],[-74.026847000255387,42.597837000324638],[-74.027012000111824,42.597773999756576],[-74.027209999580222,42.597706999754315],[-74.027486999589669,42.597637000148772],[-74.027647000321537,42.597600999810879],[-74.027896999668471,42.597574000039742],[-74.028173999677918,42.597557999875939],[-74.028428999946058,42.59754999979252],[-74.028669000145555,42.597561999917289],[-74.028941000132136,42.597590000199432],[-74.029069000178637,42.597612999925822],[-74.02931400040103,42.597684000062614],[-74.029574999618617,42.597777999784057],[-74.029793999901727,42.597880000067008],[-74.02999100044353,42.597978000168652],[-74.030306000087805,42.598173999909577],[-74.030458000423778,42.598298999678789],[-74.03076399984721,42.598635000243739],[-74.030927000053822,42.59884900004873],[-74.032414000208249,42.600900999899501],[-74.032713999783908,42.601300000031173],[-74.033087000052817,42.601766999707365],[-74.033214000274413,42.601889999991222],[-74.033470000367444,42.602117000199954],[-74.033607999561397,42.602215000250055],[-74.033882999921005,42.602393000108684],[-74.034391999734041,42.602647000036796],[-74.034676000314477,42.602778999741524],[-74.035064999578609,42.602921999822357],[-74.035754000214979,42.603114999952005],[-74.035883000086429,42.603141000211551],[-74.035992999691274,42.60316300011754],[-74.036264999677854,42.603187000186423],[-74.036514999923099,42.603171999896482],[-74.036738000404156,42.603133000183711],[-74.036869999750323,42.603095999958938],[-74.037124000193543,42.603003999840858],[-74.037530000074412,42.602816000154554],[-74.039198999803702,42.601980999996535],[-74.039425999584438,42.601898999954038],[-74.03960200020984,42.601848999923547],[-74.03977899976185,42.60181099982065],[-74.040003000067841,42.601788000321349],[-74.040176000320216,42.601780999897045],[-74.0403799996364,42.601783000112825],[-74.040648000323316,42.601816999803667],[-74.041240999801929,42.601939000214038],[-74.041741000292433,42.602054999764817],[-74.042343999816779,42.602178999912212],[-74.042656999811243,42.602204000130676],[-74.04275899991849,42.602204000130676],[-74.04305799966923,42.602193999779999],[-74.043557000334829,42.602166000244296],[-74.04529499966111,42.602028999713283],[-74.045559999974984,42.602016999787551],[-74.045800000174481,42.602021999977296],[-74.04600400038899,42.602039999863564],[-74.046312000360558,42.602091000174298],[-74.046881000448039,42.602236000051846],[-74.047396000108861,42.602393000108684],[-74.047600000323342,42.602470999775058],[-74.047719000149058,42.602523999924991],[-74.047842000172693,42.602605000042068],[-74.048229999611891,42.602937000172496],[-74.048714000208875,42.603372999910988],[-74.04947200044225,42.604081999708562],[-74.049602000138592,42.604185999728635],[-74.049716999766318,42.604255999911381],[-74.049849000010781,42.604336000023984],[-74.050018000065194,42.604411999771294],[-74.05019499961719,42.604470999981032],[-74.050584999604553,42.604577000138974],[-74.051322999746432,42.604720999790175],[-74.052284000369383,42.604903999720683],[-74.052846999710766,42.604997000064664],[-74.053501000187083,42.605083000216517],[-74.055400999895042,42.605303999724022],[-74.055637999721512,42.605343000061367],[-74.056072999914704,42.605454999690615],[-74.056765000025834,42.605749000156258],[-74.057989000414523,42.60633000031774],[-74.058776000061897,42.606711999906587],[-74.063120000349301,42.608475000177705],[-74.063532999902861,42.608658000320169],[-74.06387500020962,42.608834999957274],[-74.064136000325533,42.608989999928703],[-74.064459000365716,42.609205999847035],[-74.064774999834896,42.609453000203828],[-74.064878999591969,42.609545999706988],[-74.065169000020205,42.609834999814652],[-74.065389999953126,42.610090999762321],[-74.065584000121902,42.61033799991538],[-74.065779999940474,42.610640999836072],[-74.06597099973618,42.610975000035026],[-74.066673999717977,42.612243000263256],[-74.066775999825225,42.612412999739071],[-74.066969999993987,42.612741000099803],[-74.067308000102784,42.613253999770208],[-74.067539000081467,42.613560000136481],[-74.067828999611393,42.61388100001961],[-74.068185000161847,42.614211999976789],[-74.068725999761909,42.614614999744788],[-74.068899999839189,42.614731000152673],[-74.069365000169611,42.614992999845633],[-74.069807999860387,42.615210000323728],[-74.070458999963634,42.61547600019815],[-74.070879999913117,42.61561099981158],[-74.071489000183576,42.615772000069782],[-74.073107999684169,42.616133999737919],[-74.073890000206973,42.616296000171516],[-74.074661999785747,42.616451000085775],[-74.074823000342533,42.616474000121215],[-74.075148999857461,42.61650700018599],[-74.075399999927626,42.616514999818399],[-74.075656999845577,42.61650700018599],[-74.075916000311651,42.61647899981164],[-74.076081999993008,42.616456999980869],[-74.076255000245382,42.616420999940523],[-74.076650000255569,42.616316000310064],[-74.077421000009423,42.6160500000572],[-74.078142000432877,42.61580000010094],[-74.079688000138532,42.615263000212884],[-74.080049999638462,42.615145999911029],[-74.080598999634461,42.615000999672588],[-74.080908000329259,42.614942999747115],[-74.081406000271642,42.61489500006428],[-74.081771000144627,42.61487999994921],[-74.082076999568059,42.614881000177391],[-74.082334000384307,42.61489500006428],[-74.082688000386653,42.614936000140013],[-74.082808999862166,42.614951000241533],[-74.08603599989101,42.615367000076354],[-74.086939999714232,42.61548299974455],[-74.088118000072157,42.615579999705908],[-74.088276000255917,42.615600000074423],[-74.088394000256685,42.615622999763062],[-74.088699999680131,42.615708000234598],[-74.088856000214065,42.615767000322585],[-74.089026000093384,42.615843000006237],[-74.089253999698997,42.61594700022323],[-74.090227000017521,42.616409000142866],[-74.090704999868407,42.616597999993466],[-74.092530000131646,42.617242000220934],[-74.092796000270425,42.617344999896133],[-74.093413999863387,42.617567999899315],[-74.093741000101545,42.617670000174073],[-74.09413600011176,42.617757999719558],[-74.095089000338803,42.617889999796098],[-74.095629999938865,42.617959999783281],[-74.095961000374984,42.617973000121665],[-74.096209000072093,42.617948000282141],[-74.09645099992143,42.617899000091626],[-74.097199999933977,42.617699999717601],[-74.097482999791197,42.617650999992961],[-74.09898800038728,42.617548000162827],[-74.099626000071723,42.617538000292193],[-74.099913000126918,42.617565000005357],[-74.100164000197069,42.617613999797626],[-74.100442999856327,42.617706000153383],[-74.100882000247481,42.617904000328664],[-74.10099100002742,42.617959999783281],[-74.101268999861759,42.618149000214963],[-74.101403999580981,42.61825900026853],[-74.10157199981046,42.618431999701272],[-74.101721999598297,42.61864699975942],[-74.102161999814356,42.619654999956275],[-74.102223999738627,42.619829999774055],[-74.102489000052501,42.620845999726789],[-74.102673000175514,42.621623999985211],[-74.102716999658128,42.62173100015584],[-74.102771999909706,42.621837000026183],[-74.102857000298528,42.621940000032836],[-74.102951000009867,42.622024999813732],[-74.103065999637593,42.622113999926604],[-74.103200000430206,42.622201999801682],[-74.10332299955553,42.622266999682097],[-74.103465999670675,42.622333000264163],[-74.103631000425437,42.62238999980913],[-74.103858000206131,42.622450999728287],[-74.104064999895385,42.622492000117113],[-74.104342999729724,42.622524000192257],[-74.104562999837754,42.622537999682883],[-74.104837000372456,42.622542000103351],[-74.106080999954315,42.622493000222981],[-74.106323999628557,42.622475999742896],[-74.106469000291838,42.622458999919132],[-74.106614000056794,42.622432999790846],[-74.106776000438501,42.62238999980913],[-74.106907999784667,42.622341999917481],[-74.107055000097759,42.622277000115318],[-74.107778999995944,42.621891999794208],[-74.108005999776651,42.621813999988568],[-74.108107999883913,42.621786000017543],[-74.108430000099176,42.621733999849091],[-74.108598000328669,42.621715000247065],[-74.109798000427915,42.62164899967091],[-74.111016000070521,42.621611999868151],[-74.11161100009727,42.621610999748121],[-74.111841000251047,42.621614000108188],[-74.112227000040434,42.621637000219636],[-74.112528000339296,42.621671000311409],[-74.113726999715325,42.621822999716905],[-74.114095999786258,42.621883000075876],[-74.114431000420325,42.621954999769301],[-74.114740000216827,42.622057000128898],[-74.114941000058266,42.622129000282165],[-74.115172999861855,42.622224000246767],[-74.115615999552631,42.622427999917491],[-74.116120000241125,42.622677999704159],[-74.116737000009181,42.622993000253445],[-74.117251999669975,42.623314999858053],[-74.117523999656555,42.62347299975702],[-74.117648000403435,42.623545999683671],[-74.118358999882815,42.62387899999279],[-74.118487999754237,42.623944000105404],[-74.118595999709271,42.624019999723885],[-74.118964999780218,42.624294999672919],[-74.119368000186341,42.624577000236371],[-74.119984999954411,42.624999999677868],[-74.120235000199671,42.625231999923066],[-74.120636000057658,42.625508999921053],[-74.121152000441697,42.625756999787434],[-74.122165999869779,42.626206999735388],[-74.122451000275149,42.626323999744208],[-74.122697000322432,42.626413000321136],[-74.122866000376845,42.626459000294659],[-74.123421000220617,42.626590999771359],[-74.124577999763858,42.626800999894158],[-74.125001000261463,42.626872999848736],[-74.125362999761393,42.62690500031588],[-74.125617000204613,42.626907999759851],[-74.12588800036626,42.626897000035399],[-74.126459999928485,42.626821999999699],[-74.12693000028176,42.626737000158421],[-74.127327999766706,42.626693999844591],[-74.127776000378688,42.626656999735211],[-74.128395999621475,42.626621000304418],[-74.129038000402204,42.626562999965863],[-74.129076999861951,42.626558999803777],[-74.130415999878366,42.626348000142535],[-74.130834000353119,42.626268999925635],[-74.131171999563605,42.626182999943637],[-74.131543000182674,42.626063000185283],[-74.132450000378967,42.625681000306528],[-74.133030000337101,42.625396999998706],[-74.133120999675384,42.625367000197748],[-74.133194000368633,42.625357000260863],[-74.133286000430132,42.625356000201016],[-74.133351999654067,42.625375000013882],[-74.133676000417481,42.625544999994958],[-74.133822999832248,42.625375000013882],[-74.134141999674483,42.624999999677868],[-74.134272000269135,42.624826999986425],[-74.134343000414262,42.624765999751354],[-74.13442999955457,42.624714000088908],[-74.134499999874791,42.624685000029473],[-74.134598999608968,42.624670999699632],[-74.136309000244466,42.624803000323681],[-74.138367000136213,42.625003999940141],[-74.138728999636143,42.625032999850973],[-74.139157999981549,42.625052999827162],[-74.139749999635242,42.625062999812876],[-74.139994000032715,42.625078000118904],[-74.140290000308724,42.625125999884133],[-74.140969000001064,42.625257000142923],[-74.141462999745485,42.625338999841716],[-74.1418579997557,42.625372999894715],[-74.142042999703619,42.625368000257431],[-74.142200999887365,42.625348999781487],[-74.14239199968307,42.625307999952177],[-74.14363199996528,42.625091000293047],[-74.144211999923428,42.624999999677868],[-74.144965999958828,42.624855999979708],[-74.145261000409945,42.624803999731434],[-74.145714999971375,42.624725000199085],[-74.146309000173218,42.624646999976754],[-74.147275999745645,42.624545999967339],[-74.147602000158884,42.62451899997636],[-74.148351000171431,42.624477000187397],[-74.149184999674446,42.624458000100446],[-74.149593999928356,42.62447299989126],[-74.149884000356593,42.624499999902241],[-74.149911999945687,42.624503000123077],[-74.150251999704324,42.624551999743431],[-74.150551000353374,42.624605000274144],[-74.150629000171179,42.624621000101264],[-74.150830000012618,42.624663999864026],[-74.151107999846985,42.624755000309413],[-74.151440999932902,42.624886000026912],[-74.152011999670208,42.62512399975693],[-74.153384000196922,42.625765000214436],[-74.156995000365313,42.627395999699793],[-74.157949000417247,42.627827999997379],[-74.15940700025935,42.628498999999756],[-74.160316000105468,42.628890999802152],[-74.160347000067603,42.628903999840972],[-74.160626999551781,42.629022000069256],[-74.16088900039091,42.629122000087619],[-74.160913999606962,42.629129000082848],[-74.161024999935037,42.629163000048699],[-74.161183000118783,42.629196999995926],[-74.161578999953903,42.629271999813916],[-74.163136000428537,42.62952399986218],[-74.164617999661772,42.629795999986349],[-74.167490999688269,42.630289000321248],[-74.167832999995042,42.630362000186416],[-74.169689000220416,42.630839999767936],[-74.170002000214865,42.630911999677203],[-74.170171000269264,42.630946999960976],[-74.170449999928522,42.630979000316493],[-74.170716999892207,42.630993999857893],[-74.171004999772293,42.630977999686031],[-74.171259000215514,42.630950999841097],[-74.171485999996221,42.63090699982385],[-74.171841999648393,42.630811999890931],[-74.172336000291111,42.630674000265728],[-74.172456999766609,42.630637999853434],[-74.173374000008636,42.630362000186416],[-74.175656000206374,42.629699999689464],[-74.176515999648686,42.629482000145309],[-74.177335999806317,42.629299999722747],[-74.177939000228989,42.629184000018299],[-74.17906499981008,42.629009000055078],[-74.179301999636536,42.628965999988793],[-74.180063000242953,42.628732999774137],[-74.18062599958435,42.628587000102847],[-74.180982000134804,42.628522000211468],[-74.181258000319346,42.628485999876361],[-74.181535000328779,42.62847799979906],[-74.181832000429694,42.62847799979906],[-74.182117999761644,42.628500000009133],[-74.182306000082619,42.628522000211468],[-74.182552999954822,42.628572999989636],[-74.18276999968981,42.628623999725967],[-74.183580999626614,42.628877999760569],[-74.183814000153433,42.628962999983052],[-74.18390100019208,42.629005000050164],[-74.184004999949153,42.629069000097907],[-74.184076999919171,42.629121000088197],[-74.184158000110017,42.629211999966763],[-74.184230999904969,42.629328000279976],[-74.184260000217279,42.629410999898525],[-74.18428100013368,42.629590000020968],[-74.18428100013368,42.629994000048448],[-74.18434399988287,42.63123699985568],[-74.18434399988287,42.631619999965977],[-74.184255000194398,42.632839999755682],[-74.184256000019317,42.632956999854223],[-74.18428100013368,42.633150000101011],[-74.184317999943588,42.633302999830292],[-74.18443500011945,42.633561000310117],[-74.184991999613061,42.634637000180298],[-74.185152000344956,42.634929999782628],[-74.185215999919052,42.635084000326522],[-74.185595000035732,42.635841999955495],[-74.185771999587743,42.636232999886943],[-74.185959999908718,42.636716999903051]]},"properties":{"NAME":"State Rte 443"}},{"type":"Feature","geometry":{"type":"LineString","coordinates":[[-73.767712999601628,42.652438999975857],[-73.767721999822456,42.652230000101255],[-73.767765000378475,42.652059999672673],[-73.767853000242027,42.651893999956144],[-73.767979999565313,42.651638000105926],[-73.76807800037291,42.651449000265615],[-73.768136999924153,42.651337999756109],[-73.768311000001418,42.650968000150726],[-73.768642000437538,42.650248000091928],[-73.769035999724522,42.64944899976156],[-73.76943900013066,42.648651000085515],[-73.769521000146426,42.648461999758176],[-73.769843000361689,42.647864000068004],[-73.770183999945232,42.647261000054044],[-73.770300000296174,42.64707600029373],[-73.770563000061912,42.64663700012143],[-73.770729999568175,42.64638599971007],[-73.771353000082328,42.645654000026745],[-73.771418000379654,42.645581999993411],[-73.77145199981652,42.645557000008232],[-73.77170700008466,42.6453580001644],[-73.772143000102758,42.645096999809333],[-73.772815000122407,42.644801999687239],[-73.772912000206773,42.644746999677736],[-73.774028999567037,42.644271000039112],[-73.774281000360432,42.644160999693391],[-73.775141999627635,42.643789000158833],[-73.775278000070088,42.643722999859854],[-73.776057000219851,42.643404000070952],[-73.776453999879877,42.643213999887585],[-73.77708099969368,42.642939000263887],[-73.777202999892424,42.642883000150661],[-73.778165000340309,42.642469000039249],[-73.778814999720325,42.642174999800474],[-73.779069000163545,42.642082000130181],[-73.779227000347277,42.642013999757474],[-73.779822000374025,42.641788999840905],[-73.779962000116114,42.641729000166244],[-73.780890000228808,42.641389000256211],[-73.78182500001418,42.64104300030224],[-73.782738999883165,42.6407029999475],[-73.783395000009278,42.640469000241055],[-73.7845509997276,42.640068000276528],[-73.785702000321336,42.639631999704505],[-73.786545999870128,42.639321000092643],[-73.7872470002021,42.639062999702453],[-73.789206000359627,42.638357999712326],[-73.789310999941605,42.638311000089836],[-73.789594999623745,42.638144000173796],[-73.789890000074834,42.637948999839189],[-73.790107999634714,42.637804999697977],[-73.790309000374492,42.637668000241028],[-73.790481999728527,42.637552000272073],[-73.790720000278228,42.637402999880713],[-73.7909160000968,42.637267000068093],[-73.791176000387807,42.637093000233932],[-73.792425999817439,42.636298000316835],[-73.792580999628157,42.636193999728576],[-73.792898999645473,42.636016999871892],[-73.794378000302274,42.635115999876746],[-73.795127000314821,42.634648999769325],[-73.795452999829749,42.634488000078974],[-73.795688000006393,42.63440300013194],[-73.796001000000842,42.634318000068767],[-73.796247000048126,42.634255999965056],[-73.796698999959744,42.634176999871308],[-73.79714500002359,42.634088999740776],[-73.797770000187555,42.63396800010171],[-73.7992370002505,42.633706000284512],[-73.799607000146352,42.633639999864066],[-73.799966999996457,42.633576999817969],[-73.800425999580767,42.633497000254984],[-73.800830999636716,42.633416999928265],[-73.801637000448991,42.633217000313827],[-73.801950000443441,42.63312100000627],[-73.802331000209961,42.63294699981487],[-73.802732999892854,42.632691999920304],[-73.802908999619945,42.632552999892916],[-73.80392100029654,42.631862000208024],[-73.804146000427423,42.63171400002976],[-73.804589000118213,42.631457999747944],[-73.805082999862634,42.631200999769021],[-73.805380999788454,42.631061999716245],[-73.806283999786771,42.630625000176714],[-73.807212999724399,42.630164999955696],[-73.807976999805533,42.629814999765948],[-73.808087000308717,42.629754999781269],[-73.808986000109073,42.62938100004915],[-73.809361000027806,42.629255999860334],[-73.809706999634216,42.629156000057243],[-73.81000399973513,42.629079000099402],[-73.810267000399179,42.629031000077475],[-73.810674999929873,42.628968999994399],[-73.811028999932191,42.628931999915388],[-73.811747999807508,42.628889999799014],[-73.811788999815391,42.628899999829315],[-73.81189599994552,42.628880999770409],[-73.8128390001268,42.628834000260753],[-73.812952000104701,42.628828000236446],[-73.813207000372827,42.628822000211514],[-73.81343699962828,42.628815000181753],[-73.813763000041533,42.628801000119779],[-73.814095000302558,42.628774999996402],[-73.814339999626611,42.628747999856749],[-73.81461800035926,42.628696000215761],[-73.815133000020097,42.62857800003043],[-73.81561000004605,42.628429999974642],[-73.816029000345722,42.628280000202103],[-73.81678000000808,42.628003999993517],[-73.817966999688537,42.627578999764978],[-73.818478000049694,42.627398999781008],[-73.820195000357884,42.626794000298048],[-73.820617999957193,42.626651000161985],[-73.8214420003128,42.626352000318185],[-73.823501999854358,42.625593000061052],[-73.824235999798276,42.625333000141467],[-73.825712999906955,42.624818000031375],[-73.827539999820004,42.624139000035981],[-73.828231999931134,42.623890999672916],[-73.829344999991747,42.623502999809659],[-73.830288999997961,42.623158999748505],[-73.831898000351117,42.622562000218828],[-73.832044999765898,42.622504000064573],[-73.832905999931441,42.622188999685228],[-73.833623999981839,42.62193299989017],[-73.834772000202534,42.621517000291782],[-73.837013000392375,42.620697999797173],[-73.837667999795258,42.620450999747455],[-73.839260000429988,42.619878999767067],[-73.840186999819451,42.619553000288853],[-73.841422999903713,42.619105000159941],[-73.842243999886264,42.618808000100891],[-73.842884999943763,42.618575999714693],[-73.84339799995476,42.618389999772397],[-73.844070999799314,42.618160999677379],[-73.844706999833946,42.617922999771515],[-73.845405999617768,42.617699000195771],[-73.846481999868459,42.617270000252198],[-73.847554999746109,42.616906999720463],[-73.848901000333527,42.616409000142866],[-73.849477000093714,42.616217999966366],[-73.850599000375155,42.61581799997267],[-73.850637999834888,42.615803000079922],[-73.851853000002762,42.615338000290826],[-73.854284999988309,42.614450000182948],[-73.855065999787897,42.614191000245476],[-73.855599999715267,42.613994999987781],[-73.856835999799529,42.613534999847531],[-73.857666999827842,42.613255000024459],[-73.858860000254381,42.612819000032104],[-73.861539999937037,42.611868999783056],[-73.862483000118345,42.611532999847604],[-73.863986999991212,42.610987000218657],[-73.865252000387784,42.610526999678839],[-73.867867999598033,42.609541999773846],[-73.869021999666529,42.60911200017663],[-73.870246000055218,42.608664000304884],[-73.871339999849241,42.608245000312841],[-73.873858000048514,42.607336000171301],[-73.874562999680123,42.607086999969638],[-73.875171000125661,42.606851000110417],[-73.875609999618504,42.606656000255356],[-73.876033999941015,42.60643899972613],[-73.876327999668902,42.606274000323054],[-73.878322999811431,42.60512900007992],[-73.879855999996607,42.604225999842704],[-73.879932000164601,42.60418200011253],[-73.880907000132936,42.603623000158983],[-73.881395000029585,42.603308999897799],[-73.881902000192781,42.60296100032842],[-73.882052999805509,42.602841999877704],[-73.88270399990877,42.602376999859885],[-73.883168000414258,42.602097000130357],[-73.883370000080618,42.60198799973714],[-73.883626000173649,42.601878000038717],[-73.884110999697242,42.601687000263325],[-73.884489999813937,42.601585000261117],[-73.884770000196411,42.601517999728024],[-73.885063999924284,42.601462000036399]]},"properties":{"NAME":"Delaware Ave"}},{"type":"Feature","geometry":{"type":"LineString","coordinates":[[-73.751129999743782,42.644244000014332],[-73.751323999912543,42.644352000043177],[-73.751637999731898,42.644624000117297],[-73.751725999595436,42.644693000029584],[-73.751835000273701,42.644790999821375],[-73.751966999619867,42.644910000068961],[-73.752139000047322,42.64509199977411],[-73.752365999828044,42.645322000317215],[-73.752451000216865,42.645409000022333],[-73.75250999976808,42.645477999724683],[-73.752580999913206,42.645552000009971],[-73.752693000066188,42.645664999739957],[-73.75331200038238,42.646320000183991],[-73.753790000233266,42.646737000248038],[-73.75416400032708,42.647033000156362],[-73.754288000175649,42.64711899974067]]},"properties":{"NAME":"US Hwy 20"}},{"type":"Feature","geometry":{"type":"LineString","coordinates":[[-73.751129999743782,42.644244000014332],[-73.751078999690151,42.644290000025059],[-73.75103000018467,42.644338000172404]]},"properties":{"NAME":"US Hwy 20"}},{"type":"Feature","geometry":{"type":"LineString","coordinates":[[-73.754288000175649,42.64711899974067],[-73.754319000137784,42.647056999837197],[-73.754331999658262,42.647019000228148],[-73.754370000191415,42.646888000180795],[-73.754557999614065,42.646241999932968],[-73.754627000109352,42.646085999798274],[-73.754776000072269,42.645753000019099],[-73.755469999833224,42.645905000087822],[-73.755785000375823,42.646003999680779],[-73.756495999855218,42.646239000099236],[-73.757094000255009,42.646425000087866],[-73.75720600040799,42.6464679999848],[-73.757920000260441,42.646793999911303],[-73.758043000284076,42.646851000183048],[-73.758131000147614,42.646948000166098],[-73.758545000424419,42.647213999888528],[-73.759135000428302,42.647577999821479],[-73.759367000231876,42.64772399987136],[-73.759738999777568,42.647925999827898],[-73.761018000417835,42.648655000149141],[-73.7616069996985,42.648999000035609],[-73.761955999677951,42.649190999744235],[-73.763361999641518,42.650007999982101],[-73.765547999579766,42.651244000264931],[-73.767152999734961,42.652185999933863],[-73.7675770000575,42.652403000262503],[-73.767712999601628,42.652438999975857],[-73.768885999936685,42.653095000059281],[-73.769948999768587,42.653707000078107],[-73.772077999805433,42.654938999866616],[-73.774202999644302,42.656153000258442],[-73.775622000026672,42.656974999955082],[-73.777409999581664,42.657986999920524],[-73.777587000031971,42.658090000220177],[-73.779858000359042,42.659411000007488],[-73.781342000140413,42.660258999768246],[-73.781568000096243,42.66038799974509],[-73.782005999764152,42.660638999803624],[-73.782056999817769,42.660668000284637],[-73.782152000252324,42.660721999936953],[-73.784157000440615,42.661866999788899],[-73.784878999790664,42.662271999788331],[-73.786278000081523,42.663057000242461],[-73.787347999586117,42.663658000154335],[-73.788099000146786,42.664102000239794],[-73.788295999790293,42.664218000245555],[-73.788921999779177,42.66458700019674],[-73.789248000192416,42.6647769998294],[-73.790545000376042,42.665534000255555],[-73.7921329999145,42.666446000309087],[-73.792394000030413,42.666603000295986],[-73.792578000153412,42.666753000161314],[-73.792809999957001,42.666824000072644],[-73.793107999882835,42.666915000296278],[-73.793511000288959,42.667035999930036],[-73.793630000114675,42.667075999959117],[-73.794132000254976,42.667233999723386],[-73.794357000385887,42.66730399969957],[-73.795164999949662,42.667558999748401],[-73.795352000445732,42.667616000144704],[-73.795545999716168,42.667685000311124],[-73.795775999869946,42.667754999779497],[-73.796909999846932,42.668115000235062],[-73.797587999714366,42.668327000313212],[-73.79822799994696,42.668528000037377],[-73.798673000185886,42.66868500005009],[-73.799424999673164,42.668924000056919],[-73.79977500037586,42.669037000257013],[-73.80062399994749,42.669296999872969],[-73.800865999796841,42.669385999753352],[-73.801314000408794,42.669534000147962],[-73.801552999885089,42.669615000277211],[-73.801629999877989,42.669627999733606],[-73.801706999870873,42.66964699989957],[-73.801911999910288,42.669709999747937],[-73.803108999636493,42.670079000124922],[-73.803621999647476,42.670249000170145],[-73.804309999560644,42.670479000151701],[-73.804701000271208,42.670592000166842],[-73.805419000321621,42.670806999692623],[-73.805824000377569,42.670939000203489],[-73.806445000343587,42.671136000129287],[-73.806974000248104,42.671304999943573],[-73.80749800012974,42.671474999937978],[-73.807929000124943,42.671611000259183],[-73.808006000117857,42.67163800029239],[-73.808114000072891,42.67167200014633],[-73.808601000144606,42.671823000302375],[-73.809660999603452,42.672152999952665],[-73.810305999858912,42.672381000224611],[-73.810680999777645,42.672486999683855],[-73.811757000028337,42.672837000240754],[-73.812201000442343,42.672978999953713],[-73.812454000162347,42.673051999926372],[-73.812759999585779,42.673145000183538],[-73.812871999738761,42.673164999886865],[-73.813264000274245,42.67329100031364],[-73.813875000194514,42.673502999910085],[-73.813978000126681,42.673524000104905],[-73.815071999920718,42.673884000170979],[-73.815235000127331,42.673930999994518],[-73.815850000245561,42.67414000024079],[-73.816280000415887,42.674256999942259],[-73.816829000411872,42.674431000174692],[-73.817450000377889,42.674639000132146],[-73.818283000056027,42.674894999733773],[-73.818600000248423,42.675011999995164],[-73.818940000007061,42.675101000277941],[-73.820263000129955,42.675551999922114],[-73.82224999987659,42.676172000044566],[-73.823096999798395,42.676440000048977],[-73.824619000112932,42.676908000025513],[-73.825594999906187,42.67723300032042],[-73.825825000059965,42.67730500003384],[-73.826152000298109,42.677417000302754],[-73.826333000048081,42.677470999935743],[-73.826452999698674,42.677511999735849],[-73.826528999866653,42.677539999728722],[-73.826928999899735,42.677686000100486],[-73.82707000036504,42.677729000176249],[-73.828230000281309,42.6780740002445],[-73.828950999806452,42.678304000326605],[-73.829601000084793,42.678506000012327],[-73.829899999835519,42.678615999708938],[-73.830827999948212,42.678910999915011],[-73.832314000277734,42.679391999828781],[-73.832735000227203,42.679531000204619],[-73.834051999604,42.679948999969717],[-73.835265999946955,42.680307000124031],[-73.835537000108602,42.680381999745585],[-73.836113999693708,42.680571000133902],[-73.836538000016233,42.680732000084603],[-73.837845000245593,42.681151000178652],[-73.838014000299992,42.681210000302201],[-73.839045000344839,42.68155100026577],[-73.840222999804467,42.681922999772461],[-73.840554000240573,42.682032000214328],[-73.841139000221588,42.682226999703765],[-73.841718000354803,42.682414999959612],[-73.842751000049461,42.68273099968399],[-73.84304700032547,42.682820999934165],[-73.843389999558852,42.682915999689911],[-73.84364800020002,42.683001999837103],[-73.844213000089539,42.683185000114975],[-73.844417000304034,42.683248999897302],[-73.844591000381314,42.683299999717896],[-73.844762000085538,42.683355999757552],[-73.844895000154921,42.683392999826808],[-73.84501700035365,42.68343999972241],[-73.845230999715596,42.683503999902385],[-73.845342999868592,42.683540000098475],[-73.845609000007371,42.683619000235566],[-73.845809000023905,42.683684000013855],[-73.846243000392178,42.683804000238673],[-73.846624000158684,42.683919999795464],[-73.84735300007975,42.684182000092243],[-73.848815999944719,42.684641999749928],[-73.851505999673108,42.685551000153211],[-73.851786000055611,42.685639999868627],[-73.851966999805583,42.685698999691304],[-73.852161999799236,42.685764999683983],[-73.853330000111427,42.68614699978481],[-73.854361999981194,42.686474000095004],[-73.856143999688399,42.687039999677552],[-73.857741000345996,42.687544999951903],[-73.859374000090284,42.688038000230542],[-73.859615999939621,42.688112000052485],[-73.860143000194313,42.688287000155135],[-73.860882000161112,42.688532999967634],[-73.861731999557676,42.688788000073529],[-73.862129000116013,42.688922000085086],[-73.863027000091463,42.689198000094777],[-73.863089999840653,42.689217999913886],[-73.863114999955016,42.689226000103822],[-73.865013999838084,42.689824000160115],[-73.867245999807096,42.69051699975892],[-73.868450999929223,42.690880999745744],[-73.868631999679181,42.690941999864961],[-73.868763999923658,42.69099000031715],[-73.868855000160266,42.691016999853687],[-73.870641000065419,42.691555000031812],[-73.871737000407606,42.6918909997623],[-73.872755000033649,42.69218600032228],[-73.873016000149548,42.692268999927371],[-73.873916999599743,42.692543000310138],[-73.874179000438886,42.692628999675037],[-73.87490099978892,42.692853000225554],[-73.875879999955231,42.693146000256668],[-73.876109000284089,42.693214000178962],[-73.876801000395218,42.693443999674948],[-73.877201000428315,42.693589000024659],[-73.877302999637251,42.693629999752531],[-73.877763999769684,42.693822999911426],[-73.878325000359567,42.694076999812026],[-73.879320000419412,42.69453200012213],[-73.879697999812862,42.694705999697675],[-73.880102000043905,42.694883000234171],[-73.880162000318364,42.694911999923349],[-73.880964000034353,42.695275999901583],[-73.881135999563483,42.69535400004375],[-73.881266000158135,42.69542200018936],[-73.883001000009671,42.696192999797205],[-73.883119000010453,42.696249000098028],[-73.883454999571128,42.696362999705471],[-73.883658999785624,42.696426999775618],[-73.884411000171212,42.696649000023534],[-73.884708000272141,42.696723999722742],[-73.885812999936832,42.697030999871131],[-73.886912999578641,42.697310000169153],[-73.888084000263902,42.697597999864719],[-73.889056999684101,42.697839000016181],[-73.889084000346585,42.697846000201103],[-73.890306000187152,42.698161999993253],[-73.891144999713063,42.698394000062123],[-73.891585999754014,42.698507999693014],[-73.892385999820192,42.698699999675377],[-73.892744999845391,42.698772000258444],[-73.893042999771225,42.69882700001493],[-73.893241999962839,42.698854000105598],[-73.893565000003036,42.698898999790529],[-73.893893999890992,42.698934000109759],[-73.894371999741892,42.6989799999334],[-73.895511999566679,42.699092000079183],[-73.895766999834819,42.699113999742195],[-73.896718000412022,42.699202999829858],[-73.898413000080595,42.699230999949734],[-73.898675999846333,42.699253999755825],[-73.898861999619157,42.699264999889685],[-73.899273000421232,42.699305999831346],[-73.899829999914814,42.699388999823618],[-73.900177000244469,42.699461000267959],[-73.900577000277536,42.69955699985023],[-73.900840000043274,42.699630000286028],[-73.901152000212804,42.699723999897742],[-73.901563000116539,42.699866000221313],[-73.902185999732382,42.700112999903418],[-73.902379000076238,42.700199000008453],[-73.904211000012154,42.701009000189352],[-73.904818999559367,42.701288999937681],[-73.906723000363641,42.702120999680027],[-73.907390000360408,42.702425999929432],[-73.908602000155227,42.702953000155951],[-73.908830999585774,42.703059000271196],[-73.91003200040825,42.703614999991395],[-73.911558999847315,42.704269999909485],[-73.911659000304752,42.704314000179323],[-73.911932000116224,42.704431999938919],[-73.91246900041665,42.704663999684982],[-73.913887999900709,42.70526100018435],[-73.914070000373897,42.705338000232118],[-73.9151979996048,42.705828999705183],[-73.915676000354011,42.70600400005489],[-73.916123000242763,42.706145999878004],[-73.917362999626647,42.706455999878649],[-73.917884999858487,42.706573000113231],[-73.918438000052433,42.706672000139463],[-73.919386000256608,42.706750999900464],[-73.919850999688705,42.706825999939809],[-73.920218999934733,42.706887000239469],[-73.920824000007215,42.707029000023027],[-73.921192000253242,42.707114999789837],[-73.921622000423568,42.707260999965371],[-73.921952999961363,42.707405999736565],[-73.922132000061495,42.707504999754562],[-73.922423000314637,42.707689999905],[-73.922783000164742,42.707945999956713],[-73.923132000144207,42.708227000151687],[-73.923456999834215,42.708489000230514],[-73.923790999745066,42.708764999752411],[-73.923886000179621,42.708843000112381],[-73.924420999931911,42.709260999998897],[-73.924584000138537,42.709387999858521],[-73.925292000143173,42.709964000060801],[-73.92645100023455,42.710963999900315],[-73.926724999870927,42.711210000314431],[-73.927090999568833,42.711537000015468],[-73.92772400012872,42.712047999687634],[-73.927923000320362,42.712201000027832],[-73.928251000383426,42.712422999980205],[-73.928586999944088,42.712611999902613],[-73.929432000216096,42.713056000033312],[-73.929590000399841,42.713138000155944],[-73.930679999995917,42.71369799986784],[-73.930806000392607,42.713748999767368],[-73.932337999854568,42.714547000035743],[-73.932784999743319,42.714774999830709],[-73.933148999791371,42.714952999858362],[-73.935728000090023,42.716339999960567],[-73.93622100000951,42.716618000036583],[-73.936825000257102,42.716936999705183],[-73.93745200007092,42.717230000269055],[-73.937924999898911,42.717440999840775],[-73.938133000311396,42.71753500020413],[-73.939744000314363,42.718160999722016],[-73.941067000437258,42.718674999930975],[-73.94148300036386,42.718838999738537],[-73.943189999728006,42.719502000297013],[-73.944122000038647,42.719876999766797],[-73.945748999935162,42.720490999895709],[-73.94637499992406,42.720716999937494],[-73.947133999982341,42.721000999914921],[-73.948569000258217,42.721514999696566],[-73.949326999593282,42.721763000184261],[-73.949911999574283,42.721956000005598],[-73.9517150000962,42.722606000007765],[-73.952870999814508,42.723012999707819],[-73.954335000402736,42.723514999723719],[-73.955536000326873,42.723950000249133],[-73.956251999829135,42.724189999938829],[-73.956655000235273,42.724336999991465],[-73.958399000307651,42.724939000218171],[-73.958979000265785,42.725132999833704],[-73.960540999864961,42.725697999676363],[-73.961364000395662,42.725982999711782],[-73.962329000318277,42.726316999712409],[-73.966028000350221,42.727603999989604],[-73.967810999882332,42.728259000150913],[-73.970608999565755,42.729266999798469],[-73.971530999830662,42.729614000034793],[-73.971817999885843,42.72973399992722],[-73.97204300001674,42.729824999723867],[-73.972289999888943,42.729937000305469],[-73.972366000056923,42.729972000280775],[-73.973014999612033,42.730290000226155],[-73.974433000169498,42.73103799975808],[-73.974878000408395,42.731246000191533],[-73.975079000249877,42.73132800003107],[-73.975099000341345,42.731336000074023],[-73.975858000399626,42.731624999942788],[-73.97652000037354,42.731865000292146],[-73.976751000352223,42.731942000325667],[-73.979952000441784,42.733076999713127],[-73.980211999834466,42.733169000189328],[-73.980864999587553,42.733401999709145],[-73.982044999595288,42.733813999996826],[-73.983551999841197,42.734320000192646],[-73.985396000371011,42.734907000326075],[-73.987831999656194,42.735665999880446],[-73.988633000445589,42.735893999927292],[-73.988998000318588,42.735971000237015],[-73.98941199969704,42.736032999859951],[-73.990658999651956,42.736200000079037],[-73.991499999726003,42.736329000078669],[-73.992852999986113,42.736512999823496],[-73.993396000134325,42.736588999773943],[-73.994067000329082,42.736683000156766],[-73.997449000168615,42.737154999756449],[-73.997522999788444,42.737165999771371],[-73.997610999651997,42.73717900026638],[-73.999982000436489,42.737522999736413],[-74.000339999738472,42.737581999743412],[-74.00132300010273,42.737720999851128],[-74.00145399962399,42.737740000302061],[-74.003304999826469,42.738001000247024],[-74.003411000131692,42.738015999702384],[-74.003908000249154,42.738085999751817],[-74.005129000264787,42.738255999731379],[-74.006305000074605,42.738430999689236],[-74.008260999859075,42.738706999972571],[-74.009828000379429,42.738920000161698],[-74.014095999600542,42.739542999693128],[-74.014771999818166,42.739677999880463],[-74.015196000140691,42.739782999749707],[-74.015663000120909,42.739915000143561],[-74.017044999795047,42.740359000185833],[-74.019219000037722,42.741083000021057],[-74.020219000120449,42.741397999874344],[-74.022286000232995,42.742082999748966],[-74.02389499968784,42.742592999719996],[-74.025811000187659,42.743221000008312],[-74.026858999950946,42.743555000202981],[-74.02841300005251,42.744068000329762],[-74.030682999656349,42.744818000163171],[-74.031634000233581,42.745122000250511],[-74.032574999866739,42.745434999817952],[-74.033889999593711,42.745856000231917],[-74.03697299968249,42.746878000041335],[-74.037473000173009,42.747023999675321],[-74.038516999738334,42.747357999831152]]},"properties":{"NAME":"US Hwy 20"}},{"type":"Feature","geometry":{"type":"LineString","coordinates":[[-73.75103000018467,42.644338000172404],[-73.751135999591554,42.644422000010735],[-73.751566999586785,42.644685000053265],[-73.75164399957967,42.644753999897901],[-73.751876000281584,42.644962999783878],[-73.752103999887225,42.645188000115681],[-73.752302000253948,42.645413000294432],[-73.752416000056741,42.645522000012072],[-73.752468999760197,42.645574000131369],[-73.752923000219965,42.646078000001097],[-73.753247000085054,42.646432999840471],[-73.753422999812145,42.646599999974399],[-73.753442000078721,42.646618999909805],[-73.754067000242699,42.647152999789391],[-73.754231000274231,42.647267000283513],[-73.754266000434342,42.647184999740496],[-73.754288000175649,42.64711899974067]]},"properties":{"NAME":"US Hwy 20"}},{"type":"Feature","geometry":{"type":"LineString","coordinates":[[-73.747644000147176,42.643233000196382],[-73.747661999690521,42.64323799972022],[-73.747894000392435,42.643305000305212],[-73.748553999818199,42.64347999971752],[-73.74903099984418,42.643615999827148],[-73.749286999937212,42.643685999961988],[-73.749420000006594,42.643725000050189],[-73.749631999718702,42.64379299987435],[-73.74973899984883,42.643818999670856],[-73.750075000307802,42.643929999721983],[-73.750155999600338,42.643956000122024],[-73.750251000034908,42.643987999735366],[-73.750317999982045,42.64401799981222],[-73.750379000081409,42.644039999815355],[-73.750418000439495,42.644055000173424],[-73.750545999587672,42.644105000019366],[-73.750671000159471,42.644154000067296],[-73.75103000018467,42.644338000172404]]},"properties":{"NAME":"US Hwy 20"}}]}