id,name,address,borough,type,group,domain,operator,operatorType,agency,officeCandidate,publicFacing,hours,latitude,longitude,sourceDataset,sourceUrl
01151a271e7d5d1b71d6d07143240afe,HOME LIFE INSURANCE BLDG,253 BROADWAY,MANHATTAN,AGENCY OFFICE,"OFFICES, TRAINING, AND TESTING",ADMINISTRATION OF GOVERNMENT,NYC Department of Citywide Administrative Services,Public,NYC Department of Citywide Administrative Services,True,Not verified,Not supplied by FacDB,40.713432,-74.007409,dcp_colp,https://data.cityofnewyork.us/d/ji82-xba5
01dcbc85c1ff91532be2ec447d98ba7b,OFFICES,330 JAY STREET,BROOKLYN,OFFICE,"OFFICES, TRAINING, AND TESTING",ADMINISTRATION OF GOVERNMENT,NYC Administration for Childrens Services,Public,NYC Administration for Children's Services,True,Not verified,Not supplied by FacDB,40.694603,-73.987696,dcp_colp,https://data.cityofnewyork.us/d/ji82-xba5
022471eae14c8388f578bf9b287c3daf,LOUIS J. LEFKOWITZ BUILDING,80 CENTRE STREET,MANHATTAN,AGENCY OFFICE,"OFFICES, TRAINING, AND TESTING",ADMINISTRATION OF GOVERNMENT,NYC Police Department,Public,NYC Police Department,True,Not verified,Not supplied by FacDB,40.715096,-74.001187,dcp_colp,https://data.cityofnewyork.us/d/ji82-xba5
023b0c619ecd2dc8cff54f2cf4e9a8b4,DISTRICT #7 OFFICE,501 COURTLANDT AVENUE,BRONX,AGENCY OFFICE,"OFFICES, TRAINING, AND TESTING",ADMINISTRATION OF GOVERNMENT,NYC Department of Education,Public,NYC Department of Education,True,Not verified,Not supplied by FacDB,40.815462,-73.920361,dcp_colp,https://data.cityofnewyork.us/d/ji82-xba5
0280ab65e187f570916716ef39ee2678,OFFICE CONDO UNIT,345 ADAMS STREET,BROOKLYN,OFFICE,"OFFICES, TRAINING, AND TESTING",ADMINISTRATION OF GOVERNMENT,NYC Department of Probation,Public,NYC Department of Probation,True,Not verified,Not supplied by FacDB,40.69272,-73.988446,dcp_colp,https://data.cityofnewyork.us/d/ji82-xba5
02fc930bf8292070e59b53d26145f243,FAMILY COURT,151-04 JAMAICA AVENUE,QUEENS,AGENCY EXECUTIVE OFFICE,"OFFICES, TRAINING, AND TESTING",ADMINISTRATION OF GOVERNMENT,NYC Law Department,Public,NYC Law Department,True,Not verified,Not supplied by FacDB,40.702185,-73.802782,dcp_colp,https://data.cityofnewyork.us/d/ji82-xba5
0342db1854ae9cbc1df9a56d1ea663f1,FIELD OFFICE,2554-66 LINDEN BOULEVARD,BROOKLYN,FIELD OFFICE-PUBLIC,"OFFICES, TRAINING, AND TESTING",ADMINISTRATION OF GOVERNMENT,NYC Administration for Childrens Services,Public,NYC Administration for Children's Services,True,Not verified,Not supplied by FacDB,40.667578,-73.869477,dcp_colp,https://data.cityofnewyork.us/d/ji82-xba5
0367c5293c5c5e1cda427b167c6152cd,OFFICE BLDG,42 BROADWAY,MANHATTAN,AGENCY EXECUTIVE OFFICE,"OFFICES, TRAINING, AND TESTING",ADMINISTRATION OF GOVERNMENT,NYC Department of Consumer Affairs,Public,NYC Department of Consumer Affairs,True,Not verified,Not supplied by FacDB,40.705988,-74.012595,dcp_colp,https://data.cityofnewyork.us/d/ji82-xba5
045ad248488132237f4d27a79b2ef305,28-11 QUEENS PLAZA N-OFFICE,28-11 QUEENS PLAZA NORTH,QUEENS,AGENCY OFFICE,"OFFICES, TRAINING, AND TESTING",ADMINISTRATION OF GOVERNMENT,NYC Department of Transportation,Public,NYC Department of Transportation,True,Not verified,Not supplied by FacDB,40.750291,-73.937966,dcp_colp,https://data.cityofnewyork.us/d/ji82-xba5
055c833446fd0eefb879abf931238c40,PVB/TRAFFIC ENFORCEMENT OFFICE,8961 162 STREET,QUEENS,AGENCY OFFICE,"OFFICES, TRAINING, AND TESTING",ADMINISTRATION OF GOVERNMENT,NYC Police Department,Public,NYC Police Department,True,Not verified,Not supplied by FacDB,40.705273,-73.797907,dcp_colp,https://data.cityofnewyork.us/d/ji82-xba5
0579524cbabc91778db19d615b25016f,C. DREW ELC 3 AND T. JACKSON SENIOR CENTER,165-15 ARCHER AVENUE,QUEENS,AGENCY OFFICE,"OFFICES, TRAINING, AND TESTING",ADMINISTRATION OF GOVERNMENT,NYC Administration for Childrens Services,Public,NYC Administration for Children's Services,True,Not verified,Not supplied by FacDB,40.704458,-73.793491,dcp_colp,https://data.cityofnewyork.us/d/ji82-xba5
05bd8f8db2c32521606dbf22faaa33e2,CRIM COURTHOUSE/DETENTION CPLX,100 CENTRE STREET,MANHATTAN,AGENCY OFFICE,"OFFICES, TRAINING, AND TESTING",ADMINISTRATION OF GOVERNMENT,NYC District Attorney - Manhattan,Public,NYC District Attorney - Manhattan,True,Not verified,Not supplied by FacDB,40.716358,-74.000602,dcp_colp,https://data.cityofnewyork.us/d/ji82-xba5
0691671212551adde2dcfb52c3414932,KINGSBOROUGH COMMUNITY COLLEGE AND LEON M. GOLDSTEIN HIGH SCHOOL FOR THE SCIENCES,2001 ORIENTAL BOULEVARD,BROOKLYN,AGENCY OFFICE,"OFFICES, TRAINING, AND TESTING",ADMINISTRATION OF GOVERNMENT,NYC 3 Community Board 15,Public,NYC Brooklyn Community Board 15,True,Not verified,Not supplied by FacDB,40.577972,-73.934148,dcp_colp,https://data.cityofnewyork.us/d/ji82-xba5
07f8c07eb7c15eab03ce69a035e95d00,BRONX CRIMINAL/FAMILY COURT,900 SHERIDAN AVENUE,BRONX,FIELD OFFICE-STAFF,"OFFICES, TRAINING, AND TESTING",ADMINISTRATION OF GOVERNMENT,NYC Administration for Childrens Services,Public,NYC Administration for Children's Services,True,Not verified,Not supplied by FacDB,40.826902,-73.92029,dcp_colp,https://data.cityofnewyork.us/d/ji82-xba5
0854c133326116ae520b76c03ba26fde,KINGS COUNTY CRIMINAL COURT,120 SCHERMERHORN STREET,BROOKLYN,AGENCY EXECUTIVE OFFICE,"OFFICES, TRAINING, AND TESTING",ADMINISTRATION OF GOVERNMENT,NYC Unknown,Public,NYC-Unknown,True,Not verified,Not supplied by FacDB,40.689692,-73.988948,dcp_colp,https://data.cityofnewyork.us/d/ji82-xba5
090ff6cb910db83fa54a15e835428ac9,POLICE ACADEMY,205-35 EAST 20 STREET,MANHATTAN,AGENCY OFFICE,"OFFICES, TRAINING, AND TESTING",ADMINISTRATION OF GOVERNMENT,NYC Police Department,Public,NYC Police Department,True,Not verified,Not supplied by FacDB,40.736761,-73.983289,dcp_colp,https://data.cityofnewyork.us/d/ji82-xba5
096ba34b63f0e0151286b7c4ef497794,OFFICES,25 ELM PLACE,BROOKLYN,OFFICE,"OFFICES, TRAINING, AND TESTING",ADMINISTRATION OF GOVERNMENT,NYC Police Department,Public,NYC Police Department,True,Not verified,Not supplied by FacDB,40.689464,-73.984073,dcp_colp,https://data.cityofnewyork.us/d/ji82-xba5
09f8871c913513c3062cbb8c83dc1680,QUEENS CRIMINAL COURT/PARKING LOT,126-02 82 AVENUE,QUEENS,BOROUGH OFFICE,"OFFICES, TRAINING, AND TESTING",ADMINISTRATION OF GOVERNMENT,NYC Office of the Mayor,Public,NYC Office of the Mayor,True,Not verified,Not supplied by FacDB,40.713498,-73.82578,dcp_colp,https://data.cityofnewyork.us/d/ji82-xba5
0a65e1ea0b5bb0c31ff08daceeba0cb5,COMM BD 3,59 EAST 4 STREET,MANHATTAN,OFFICE,"OFFICES, TRAINING, AND TESTING",ADMINISTRATION OF GOVERNMENT,NYC 1 Community Board 3,Public,NYC Manhattan Community Board 3,True,Not verified,Not supplied by FacDB,40.727002,-73.990796,dcp_colp,https://data.cityofnewyork.us/d/ji82-xba5
0b697b1218c130581035a503db96e5fc,FAMILY COURT,151-04 JAMAICA AVENUE,QUEENS,AGENCY EXECUTIVE OFFICE,"OFFICES, TRAINING, AND TESTING",ADMINISTRATION OF GOVERNMENT,NYC Unknown,Public,NYC-Unknown,True,Not verified,Not supplied by FacDB,40.702185,-73.802782,dcp_colp,https://data.cityofnewyork.us/d/ji82-xba5
0bdb502b8cc2b191ce492ab3c4986575,BRONX CRIMINAL/FAMILY COURT,900 SHERIDAN AVENUE,BRONX,AGENCY OFFICE,"OFFICES, TRAINING, AND TESTING",ADMINISTRATION OF GOVERNMENT,NYC Law Department,Public,NYC Law Department,True,Not verified,Not supplied by FacDB,40.826902,-73.92029,dcp_colp,https://data.cityofnewyork.us/d/ji82-xba5
0c0849ef5019542e79ce3e56aaafc375,OFFICES,47-07 30 PLACE,QUEENS,AGENCY OFFICE,"OFFICES, TRAINING, AND TESTING",ADMINISTRATION OF GOVERNMENT,NYC Department of Health and Mental Hygiene,Public,NYC Department of Health and Mental Hygiene,True,Not verified,Not supplied by FacDB,40.742215,-73.936443,dcp_colp,https://data.cityofnewyork.us/d/ji82-xba5
0c440c418678ddecb1f23fb151d69213,COMM BD 10,8119 5 AVENUE,BROOKLYN,AGENCY OFFICE,"OFFICES, TRAINING, AND TESTING",ADMINISTRATION OF GOVERNMENT,NYC 3 Community Board 10,Public,NYC Brooklyn Community Board 10,True,Not verified,Not supplied by FacDB,40.624444,-74.02437,dcp_colp,https://data.cityofnewyork.us/d/ji82-xba5
0c77d62ed421d60da08e28af4ef71bd7,SURROGATE COURT,31 CHAMBERS STREET,MANHATTAN,OFFICE,"OFFICES, TRAINING, AND TESTING",ADMINISTRATION OF GOVERNMENT,Non-public,Non-public,Non-public,True,Not verified,Not supplied by FacDB,40.713594,-74.004242,dcp_colp,https://data.cityofnewyork.us/d/ji82-xba5
0cc2a08e0edf26c45d69f88c1366dd56,FIELD OFFICE-MANHATTAN FAMILY COURT DIVISION,60 LAFAYETTE STREET,MANHATTAN,OFFICE,"OFFICES, TRAINING, AND TESTING",ADMINISTRATION OF GOVERNMENT,NYC Human Resources Administration/Department of Social Services,Public,NYC Human Resources Administration,True,Not verified,Not supplied by FacDB,40.716655,-74.002738,dcp_colp,https://data.cityofnewyork.us/d/ji82-xba5
0cc7d19a98b404b04ef80010f8a07620,HEALTH BUILDING-125 WORTH ST,125 WORTH STREET,MANHATTAN,AGENCY EXECUTIVE OFFICE,"OFFICES, TRAINING, AND TESTING",ADMINISTRATION OF GOVERNMENT,NYC Department of Sanitation,Public,NYC Department of Sanitation,True,Not verified,Not supplied by FacDB,40.715669,-74.002352,dcp_colp,https://data.cityofnewyork.us/d/ji82-xba5
0d0d87121932b6849e6ab753e1412240,OFFICES,110-26 WILLIAM STREET,MANHATTAN,OFFICE,"OFFICES, TRAINING, AND TESTING",ADMINISTRATION OF GOVERNMENT,NYC Administration for Childrens Services,Public,NYC Administration for Children's Services,True,Not verified,Not supplied by FacDB,40.708774,-74.006745,dcp_colp,https://data.cityofnewyork.us/d/ji82-xba5
0d2b670dfbbac210379a6e0fb6efe26e,FIELD OFFICE-S.I.TORT.DIVN,60 BAY STREET,STATEN ISLAND,AGENCY EXECUTIVE OFFICE,"OFFICES, TRAINING, AND TESTING",ADMINISTRATION OF GOVERNMENT,NYC Law Department,Public,NYC Law Department,True,Not verified,Not supplied by FacDB,40.640487,-74.076237,dcp_colp,https://data.cityofnewyork.us/d/ji82-xba5
0db3420b1f5d5f7579d6137c74ebda26,OFFICE BLDG,42 BROADWAY,MANHATTAN,OFFICE,"OFFICES, TRAINING, AND TESTING",ADMINISTRATION OF GOVERNMENT,NYC Board of Elections,Public,NYC Board of Elections,True,Not verified,Not supplied by FacDB,40.705988,-74.012595,dcp_colp,https://data.cityofnewyork.us/d/ji82-xba5
0e46974c7c5d417e3622eef7649bbeba,BERGEN BLDG/NYC MUNICIPAL BLDG,1932 ARTHUR AVENUE,BRONX,AGENCY EXECUTIVE OFFICE,"OFFICES, TRAINING, AND TESTING",ADMINISTRATION OF GOVERNMENT,NYC Department of Environmental Protection,Public,NYC Department of Environmental Protection,True,Not verified,Not supplied by FacDB,40.845703,-73.892755,dcp_colp,https://data.cityofnewyork.us/d/ji82-xba5
0f155277de5e34dee5f814f44e4d3f09,DDC HEADQUARTERS,3030 THOMSON AVENUE,QUEENS,AGENCY OFFICE,"OFFICES, TRAINING, AND TESTING",ADMINISTRATION OF GOVERNMENT,NYC Department of Transportation,Public,NYC Department of Transportation,True,Not verified,Not supplied by FacDB,40.744071,-73.936077,dcp_colp,https://data.cityofnewyork.us/d/ji82-xba5
0fcc6a083c2d64396c87930f1bc7bb1a,DAVID N. DINKINS MANHATTAN MUNICIPAL BUILDING,1 CENTRE STREET,MANHATTAN,OFFICE,"OFFICES, TRAINING, AND TESTING",ADMINISTRATION OF GOVERNMENT,NYC Department of Information Technology and Telecommunications,Public,NYC Department of Information Technology and Telecommunications,True,Not verified,Not supplied by FacDB,40.712974,-74.003676,dcp_colp,https://data.cityofnewyork.us/d/ji82-xba5
10875e4ce0def882e81255c757890dc5,5 METROTECH,JOHNSON STREET,BROOKLYN,TRAINING FACILITY,"OFFICES, TRAINING, AND TESTING",ADMINISTRATION OF GOVERNMENT,NYC Economic Development Corporation,Public,NYC Economic Development Corporation,True,Not verified,Not supplied by FacDB,40.694616,-73.985651,dcp_colp,https://data.cityofnewyork.us/d/ji82-xba5
11624f4adae8fd06b82c18aed5b7d2ea,OFFICES,22 READE STREET,MANHATTAN,OFFICE,"OFFICES, TRAINING, AND TESTING",ADMINISTRATION OF GOVERNMENT,NYC Board of Standards and Appeals,Public,NYC Board of Standards and Appeals,True,Not verified,Not supplied by FacDB,40.714393,-74.004783,dcp_colp,https://data.cityofnewyork.us/d/ji82-xba5
11842d863d98edc5e41c6775807c8d49,CRIM COURTHOUSE/DETENTION CPLX,100 CENTRE STREET,MANHATTAN,AGENCY OFFICE,"OFFICES, TRAINING, AND TESTING",ADMINISTRATION OF GOVERNMENT,NYC Department of Probation,Public,NYC Department of Probation,True,Not verified,Not supplied by FacDB,40.716358,-74.000602,dcp_colp,https://data.cityofnewyork.us/d/ji82-xba5
11a061a139f953e436a4bc5e4ee22d08,CTL HARLEMPUBLIC HLTH BLDG,2238 5 AVENUE,MANHATTAN,AGENCY OFFICE,"OFFICES, TRAINING, AND TESTING",ADMINISTRATION OF GOVERNMENT,NYC Department of Health and Mental Hygiene,Public,NYC Department of Health and Mental Hygiene,True,Not verified,Not supplied by FacDB,40.813878,-73.937158,dcp_colp,https://data.cityofnewyork.us/d/ji82-xba5
11ce3f4eadbeab40b873a640121af9af,15 METROTECH CENTER,129 MYRTLE AVENUE,BROOKLYN,OFFICE,"OFFICES, TRAINING, AND TESTING",ADMINISTRATION OF GOVERNMENT,NYC Department of Information Technology and Telecommunications,Public,NYC Department of Information Technology and Telecommunications,True,Not verified,Not supplied by FacDB,40.694009,-73.984537,dcp_colp,https://data.cityofnewyork.us/d/ji82-xba5
125620caa841c7f44cec4e869fa5f597,TELEPORT LEASE TO PORT AUTHORITY,SOUTH AVENUE,STATEN ISLAND,AGENCY EXECUTIVE OFFICE,"OFFICES, TRAINING, AND TESTING",ADMINISTRATION OF GOVERNMENT,NYC Police Department,Public,NYC Police Department,True,Not verified,Not supplied by FacDB,40.604106,-74.180514,dcp_colp,https://data.cityofnewyork.us/d/ji82-xba5
12c8fc91f7ec91b38a368493f0cebd69,OFFICES,1 EDGEWATER STREET,STATEN ISLAND,OFFICE,"OFFICES, TRAINING, AND TESTING",ADMINISTRATION OF GOVERNMENT,NYC Board of Elections,Public,NYC Board of Elections,True,Not verified,Not supplied by FacDB,40.621223,-74.06828,dcp_colp,https://data.cityofnewyork.us/d/ji82-xba5
12e191c5c6c8920dd6a4d184f2e4b150,MANHATTAN LOT CLEANING OFFICES,177-83 EAST 123 STREET,MANHATTAN,AGENCY OFFICE,"OFFICES, TRAINING, AND TESTING",ADMINISTRATION OF GOVERNMENT,NYC Department of Sanitation,Public,NYC Department of Sanitation,True,Not verified,Not supplied by FacDB,40.802809,-73.937169,dcp_colp,https://data.cityofnewyork.us/d/ji82-xba5
12ee97a3290cc182555e60786e835f9d,HRA OFFICE OF FACILITIES OPR,260 11 AVENUE,MANHATTAN,OFFICE,"OFFICES, TRAINING, AND TESTING",ADMINISTRATION OF GOVERNMENT,NYC Human Resources Administration/Department of Social Services,Public,NYC Human Resources Administration,True,Not verified,Not supplied by FacDB,40.750942,-74.004945,dcp_colp,https://data.cityofnewyork.us/d/ji82-xba5
13c6bd5b02274ae10310b9d8d80eef23,BOARD OF ED CENTRAL OFFICES,65 COURT STREET,BROOKLYN,AGENCY OFFICE,"OFFICES, TRAINING, AND TESTING",ADMINISTRATION OF GOVERNMENT,NYC Department of Education,Public,NYC Department of Education,True,Not verified,Not supplied by FacDB,40.691767,-73.990981,dcp_colp,https://data.cityofnewyork.us/d/ji82-xba5
150489478375841f221eb52f55723933,NYCTA TRAINING FACILITY,2668 AVENUE U,BROOKLYN,TRAINING FACILITY,"OFFICES, TRAINING, AND TESTING",ADMINISTRATION OF GOVERNMENT,Metropolitan Transportation Authority,Public,Metropolitan Transportation Authority,True,Not verified,Not supplied by FacDB,40.594986,-73.983472,dcp_colp,https://data.cityofnewyork.us/d/ji82-xba5
152f5aa4ada7a70698dd228ac99fb0b0,OFFICES,29 AVENUE OF THE FINEST,MANHATTAN,OFFICE,"OFFICES, TRAINING, AND TESTING",ADMINISTRATION OF GOVERNMENT,NYC Department of Sanitation,Public,NYC Department of Sanitation,True,Not verified,Not supplied by FacDB,40.710907,-74.001176,dcp_colp,https://data.cityofnewyork.us/d/ji82-xba5
1584c5993233c3cf2436500b27b8b92c,OFFICES,99 BAY STREET,STATEN ISLAND,FIELD OFFICE-STAFF,"OFFICES, TRAINING, AND TESTING",ADMINISTRATION OF GOVERNMENT,NYC Human Resources Administration/Department of Social Services,Public,NYC Human Resources Administration,True,Not verified,Not supplied by FacDB,40.637059,-74.07592,dcp_colp,https://data.cityofnewyork.us/d/ji82-xba5
15f70361d93ccf5ac93a8769922ab56e,STATEN ISLAND BOROUGH HALL,10 RICHMOND TERRACE,STATEN ISLAND,OFFICE,"OFFICES, TRAINING, AND TESTING",ADMINISTRATION OF GOVERNMENT,NYC Borough President - Staten Island,Public,NYC Borough President - Staten Island,True,Not verified,Not supplied by FacDB,40.6424,-74.075958,dcp_colp,https://data.cityofnewyork.us/d/ji82-xba5
163f498b375fda733144bfca9f10278c,BROOKLYN FIELD OFFICE/SVU CHILD ABUSE SQUAD,45-53 NEVINS STREET,BROOKLYN,AGENCY OFFICE,"OFFICES, TRAINING, AND TESTING",ADMINISTRATION OF GOVERNMENT,NYC Police Department,Public,NYC Police Department,True,Not verified,Not supplied by FacDB,40.687012,-73.981701,dcp_colp,https://data.cityofnewyork.us/d/ji82-xba5
16be75368f7df1ca0293e81baa64b0f3,CLINTON JOB CENTER,488 CLERMONT AVENUE,BROOKLYN,OFFICE,"OFFICES, TRAINING, AND TESTING",ADMINISTRATION OF GOVERNMENT,NYC Human Resources Administration/Department of Social Services,Public,NYC Human Resources Administration,True,Not verified,Not supplied by FacDB,40.682596,-73.968232,dcp_colp,https://data.cityofnewyork.us/d/ji82-xba5
16da619d326e064da50db4a3c88c4c93,BRONX SUPREME COUNTY COURTHOUSE,851 GRAND CONCOURSE,BRONX,OFFICE,"OFFICES, TRAINING, AND TESTING",ADMINISTRATION OF GOVERNMENT,NYC Law Department,Public,NYC Law Department,True,Not verified,Not supplied by FacDB,40.82629,-73.923799,dcp_colp,https://data.cityofnewyork.us/d/ji82-xba5
16dbc51517415ad95de4d78bad1d6d12,FIELD OFFICE-MANHATTAN FAMILY COURT DIVISION,60 LAFAYETTE STREET,MANHATTAN,OFFICE,"OFFICES, TRAINING, AND TESTING",ADMINISTRATION OF GOVERNMENT,NYC Department of Information Technology and Telecommunications,Public,NYC Department of Information Technology and Telecommunications,True,Not verified,Not supplied by FacDB,40.716655,-74.002738,dcp_colp,https://data.cityofnewyork.us/d/ji82-xba5
16e66883786a3d593a39f6d6a2e5930c,GERTZ PLAZA ACS MULTI PROGRAM,162-10 JAMAICA AVENUE,QUEENS,OFFICE,"OFFICES, TRAINING, AND TESTING",ADMINISTRATION OF GOVERNMENT,NYC Law Department,Public,NYC Law Department,True,Not verified,Not supplied by FacDB,40.703768,-73.7971,dcp_colp,https://data.cityofnewyork.us/d/ji82-xba5
16ff673207c4150777ce56995c3529a3,OFFICES,115-01 LEFFERTS BOULEVARD,QUEENS,AGENCY OFFICE,"OFFICES, TRAINING, AND TESTING",ADMINISTRATION OF GOVERNMENT,NYC 4 Community Board 10,Public,NYC Queens Community Board 10,True,Not verified,Not supplied by FacDB,40.676908,-73.819253,dcp_colp,https://data.cityofnewyork.us/d/ji82-xba5
172678ede4539f4cb5bcbde31cd0c9fd,OBERTA DEMPSEY MULTI-SERV CENT,127 WEST 127 STREET,MANHATTAN,FIELD OFFICE-PUBLIC,"OFFICES, TRAINING, AND TESTING",ADMINISTRATION OF GOVERNMENT,NYC Administration for Childrens Services,Public,NYC Administration for Children's Services,True,Not verified,Not supplied by FacDB,40.80993,-73.945767,dcp_colp,https://data.cityofnewyork.us/d/ji82-xba5
1747c18ce7e41054bf6eb526a3aec872,SURROGATE COURT,31 CHAMBERS STREET,MANHATTAN,AGENCY OFFICE,"OFFICES, TRAINING, AND TESTING",ADMINISTRATION OF GOVERNMENT,NYC Department of Cultural Affairs,Public,NYC Department of Cultural Affairs,True,Not verified,Not supplied by FacDB,40.713594,-74.004242,dcp_colp,https://data.cityofnewyork.us/d/ji82-xba5
17ee33e614aa575c34e55fc7699b3280,OFFICE BLDG,100 GOLD STREET,MANHATTAN,OFFICE,"OFFICES, TRAINING, AND TESTING",ADMINISTRATION OF GOVERNMENT,NYC Office of Collective Bargaining,Public,NYC Office of Collective Bargaining,True,Not verified,Not supplied by FacDB,40.710103,-74.003243,dcp_colp,https://data.cityofnewyork.us/d/ji82-xba5
17f0e1d64f9b27ccba14e23a8e8306d4,CRIM COURTHOUSE/DETENTION CPLX,100 CENTRE STREET,MANHATTAN,AGENCY OFFICE,"OFFICES, TRAINING, AND TESTING",ADMINISTRATION OF GOVERNMENT,NYC Police Department,Public,NYC Police Department,True,Not verified,Not supplied by FacDB,40.716358,-74.000602,dcp_colp,https://data.cityofnewyork.us/d/ji82-xba5
18cc51d278895d713b0ad7da32e0da76,OFFICES,69 WEST STREET,MANHATTAN,OFFICE,"OFFICES, TRAINING, AND TESTING",ADMINISTRATION OF GOVERNMENT,NYC Police Department,Public,NYC Police Department,True,Not verified,Not supplied by FacDB,40.708631,-74.014659,dcp_colp,https://data.cityofnewyork.us/d/ji82-xba5
18f5af61eab9ea75e27dff414c642c92,CONEY ISLAND SNAP,2847 WEST 8 STREET,BROOKLYN,OFFICE,"OFFICES, TRAINING, AND TESTING",ADMINISTRATION OF GOVERNMENT,NYC Human Resources Administration/Department of Social Services,Public,NYC Human Resources Administration,True,Not verified,Not supplied by FacDB,40.578384,-73.975812,dcp_colp,https://data.cityofnewyork.us/d/ji82-xba5
19022bc3ee138a278177c5e9ed51bfd9,ACS HEADQUARTERS,150 WILLIAM STREET,MANHATTAN,AGENCY EXECUTIVE OFFICE,"OFFICES, TRAINING, AND TESTING",ADMINISTRATION OF GOVERNMENT,NYC Administration for Childrens Services,Public,NYC Administration for Children's Services,True,Not verified,Not supplied by FacDB,40.709521,-74.005796,dcp_colp,https://data.cityofnewyork.us/d/ji82-xba5
191a29c1b86645a2dfb153293489ca4c,OFFICES,82-11 37 AVENUE,QUEENS,AGENCY OFFICE,"OFFICES, TRAINING, AND TESTING",ADMINISTRATION OF GOVERNMENT,NYC 4 Community Board 3,Public,NYC Queens Community Board 3,True,Not verified,Not supplied by FacDB,40.750046,-73.883706,dcp_colp,https://data.cityofnewyork.us/d/ji82-xba5
19b45c94f1eeea3b3f47c5d63efc4886,QUEENS CRIMINAL COURT/PARKING LOT,126-02 82 AVENUE,QUEENS,BOROUGH OFFICE,"OFFICES, TRAINING, AND TESTING",ADMINISTRATION OF GOVERNMENT,NYC District Attorney - Queens,Public,NYC District Attorney - Queens,True,Not verified,Not supplied by FacDB,40.713498,-73.82578,dcp_colp,https://data.cityofnewyork.us/d/ji82-xba5
19c87f980a2fea9026a5b9699cf52b0e,NYPD,51-55 BROADWAY,MANHATTAN,AGENCY OFFICE,"OFFICES, TRAINING, AND TESTING",ADMINISTRATION OF GOVERNMENT,NYC Police Department,Public,NYC Police Department,True,Not verified,Not supplied by FacDB,40.706855,-74.013024,dcp_colp,https://data.cityofnewyork.us/d/ji82-xba5
1b17fd6a82aff0ddff1be48e5039b9f7,WESTCHESTER CREEK CORP,2500 HALSEY STREET,BRONX,OFFICE,"OFFICES, TRAINING, AND TESTING",ADMINISTRATION OF GOVERNMENT,NYC Human Resources Administration/Department of Social Services,Public,NYC Human Resources Administration,True,Not verified,Not supplied by FacDB,40.836546,-73.841536,dcp_colp,https://data.cityofnewyork.us/d/ji82-xba5
1b7d6581bdb91b13d6eaffbc48893438,MIDTOWN COMMUNITY COURT,314-16 WEST 54 STREET,MANHATTAN,AGENCY OFFICE,"OFFICES, TRAINING, AND TESTING",ADMINISTRATION OF GOVERNMENT,NYC Police Department,Public,NYC Police Department,True,Not verified,Not supplied by FacDB,40.764879,-73.985455,dcp_colp,https://data.cityofnewyork.us/d/ji82-xba5
1bd2f01a98167a32ea8027ba8e93e59a,COURT SQUARE BLDG,2 LAFAYETTE STREET,MANHATTAN,OFFICE,"OFFICES, TRAINING, AND TESTING",ADMINISTRATION OF GOVERNMENT,NYC Police Department,Public,NYC Police Department,True,Not verified,Not supplied by FacDB,40.714022,-74.003903,dcp_colp,https://data.cityofnewyork.us/d/ji82-xba5
1c251385f792e108d332ecd095edc1a4,OFFICES,19-31 MOTT AVENUE,QUEENS,AGENCY OFFICE,"OFFICES, TRAINING, AND TESTING",ADMINISTRATION OF GOVERNMENT,NYC 4 Community Board 14,Public,NYC Queens Community Board 14,True,Not verified,Not supplied by FacDB,40.603869,-73.752705,dcp_colp,https://data.cityofnewyork.us/d/ji82-xba5
1cb762619cf5b7f2eecdb7058d8c057f,MELROSE/KINGSBRIDGE JOB CNTR,260 EAST 161 STREET,BRONX,OFFICE,"OFFICES, TRAINING, AND TESTING",ADMINISTRATION OF GOVERNMENT,NYC District Attorney - Bronx,Public,NYC District Attorney - Bronx,True,Not verified,Not supplied by FacDB,40.825452,-73.919078,dcp_colp,https://data.cityofnewyork.us/d/ji82-xba5
1dfc51b70fb37d0be94b81378a1d2509,OFFICES,4525 PEARSON STREET,QUEENS,OFFICE LEASED BY EDUC,"OFFICES, TRAINING, AND TESTING",ADMINISTRATION OF GOVERNMENT,NYC Department of Education,Public,NYC Department of Education,True,Not verified,Not supplied by FacDB,40.745639,-73.944109,dcp_colp,https://data.cityofnewyork.us/d/ji82-xba5
1e265b293bb6efdeb5b1850fdeaac535,BROOKLYN WHOLESALE MEAT MRKT/BFI,5600 1 AVENUE,BROOKLYN,AGENCY OFFICE,"OFFICES, TRAINING, AND TESTING",ADMINISTRATION OF GOVERNMENT,NYC Fire Department,Public,NYC Fire Department,True,Not verified,Not supplied by FacDB,40.649021,-74.024956,dcp_colp,https://data.cityofnewyork.us/d/ji82-xba5
1e36f9071ccd79e27917f28601180bcd,BRONX CRIMINAL/FAMILY COURT,900 SHERIDAN AVENUE,BRONX,OFFICE,"OFFICES, TRAINING, AND TESTING",ADMINISTRATION OF GOVERNMENT,NYC Public Administrators Office - Bronx,Public,NYC Public Administrators Office - Bronx,True,Not verified,Not supplied by FacDB,40.826902,-73.92029,dcp_colp,https://data.cityofnewyork.us/d/ji82-xba5
1e4e5a9a5d7b7f28d5c3da4574db4b37,QUEENS BOROUGH HALL,120-55 QUEENS BOULEVARD,QUEENS,BOROUGH OFFICE,"OFFICES, TRAINING, AND TESTING",ADMINISTRATION OF GOVERNMENT,NYC Department of Buildings,Public,NYC Department of Buildings,True,Not verified,Not supplied by FacDB,40.714006,-73.827997,dcp_colp,https://data.cityofnewyork.us/d/ji82-xba5
1eb8b5d707f17c04b3b5782750b76094,HEALTH BUILDING-125 WORTH ST,125 WORTH STREET,MANHATTAN,AGENCY EXECUTIVE OFFICE,"OFFICES, TRAINING, AND TESTING",ADMINISTRATION OF GOVERNMENT,NYC Department of Health and Mental Hygiene,Public,NYC Department of Health and Mental Hygiene,True,Not verified,Not supplied by FacDB,40.715669,-74.002352,dcp_colp,https://data.cityofnewyork.us/d/ji82-xba5
1f18730b8d0f6c93be1d4ba5f0a56c02,OFFICES,19 BARCLAY STREET,MANHATTAN,OFFICE,"OFFICES, TRAINING, AND TESTING",ADMINISTRATION OF GOVERNMENT,NYC Law Department,Public,NYC Law Department,True,Not verified,Not supplied by FacDB,40.712458,-74.008329,dcp_colp,https://data.cityofnewyork.us/d/ji82-xba5
1f8355f4db9ca2413329a4c15e13edf7,MARK A. COSTANTINO JUDICIAL CT,130 STUYVESANT PLACE,STATEN ISLAND,OFFICE,"OFFICES, TRAINING, AND TESTING",ADMINISTRATION OF GOVERNMENT,NYC Department of Citywide Administrative Services,Public,NYC Department of Citywide Administrative Services,True,Not verified,Not supplied by FacDB,40.64277,-74.077256,dcp_colp,https://data.cityofnewyork.us/d/ji82-xba5
1ff27ea14c6e3fa291f64d95ef646f9a,OFFICES,5101 BULLARD AVENUE,BRONX,AGENCY OFFICE,"OFFICES, TRAINING, AND TESTING",ADMINISTRATION OF GOVERNMENT,NYC Police Department,Public,NYC Police Department,True,Not verified,Not supplied by FacDB,40.906939,-73.854453,dcp_colp,https://data.cityofnewyork.us/d/ji82-xba5
1ff834669b00a868121df2c6fb7086bf,OFFICES,110-26 WILLIAM STREET,MANHATTAN,AGENCY EXECUTIVE OFFICE,"OFFICES, TRAINING, AND TESTING",ADMINISTRATION OF GOVERNMENT,NYC Economic Development Corporation,Public,NYC Economic Development Corporation,True,Not verified,Not supplied by FacDB,40.708774,-74.006745,dcp_colp,https://data.cityofnewyork.us/d/ji82-xba5
2070ed4084374feadb59439c65eb5bda,OFFICE CONDO UNIT,345 ADAMS STREET,BROOKLYN,OFFICE,"OFFICES, TRAINING, AND TESTING",ADMINISTRATION OF GOVERNMENT,NYC Department of Citywide Administrative Services,Public,NYC Department of Citywide Administrative Services,True,Not verified,Not supplied by FacDB,40.69272,-73.988446,dcp_colp,https://data.cityofnewyork.us/d/ji82-xba5
208bbc0f30e82ad8b18d394519f3ddf0,MELROSE/KINGSBRIDGE JOB CNTR,260 EAST 161 STREET,BRONX,OFFICE,"OFFICES, TRAINING, AND TESTING",ADMINISTRATION OF GOVERNMENT,NYC Law Department,Public,NYC Law Department,True,Not verified,Not supplied by FacDB,40.825452,-73.919078,dcp_colp,https://data.cityofnewyork.us/d/ji82-xba5
20bdc801c8c1df9f9fb4291dc986a744,FDNY EMS CMND - SEAVIEW CAMPUS,150 BRIELLE AVENUE,STATEN ISLAND,FIELD OFFICE-STAFF,"OFFICES, TRAINING, AND TESTING",ADMINISTRATION OF GOVERNMENT,NYC Fire Department,Public,NYC Fire Department,True,Not verified,Not supplied by FacDB,40.59255,-74.134517,dcp_colp,https://data.cityofnewyork.us/d/ji82-xba5
21822867fb5f9f1c4c15dcc46dd95a20,OFFICES,,STATEN ISLAND,OFFICE,"OFFICES, TRAINING, AND TESTING",ADMINISTRATION OF GOVERNMENT,NYC Department of Design and Construction,Public,NYC Department of Design and Construction,True,Not verified,Not supplied by FacDB,40.5266,-74.229776,dcp_colp,https://data.cityofnewyork.us/d/ji82-xba5
222d50e5fd7d2a5d65ca03aa36089590,QUEENS BOROUGH HALL,120-55 QUEENS BOULEVARD,QUEENS,AGENCY OFFICE,"OFFICES, TRAINING, AND TESTING",ADMINISTRATION OF GOVERNMENT,Non-public,Non-public,Non-public,True,Not verified,Not supplied by FacDB,40.714006,-73.827997,dcp_colp,https://data.cityofnewyork.us/d/ji82-xba5
229d0e0bae746503a77f1260bb8b1269,OFFICES,1780 OCEAN AVENUE,BROOKLYN,OFFICE LEASED BY EDUC,"OFFICES, TRAINING, AND TESTING",ADMINISTRATION OF GOVERNMENT,NYC Department of Education,Public,NYC Department of Education,True,Not verified,Not supplied by FacDB,40.618712,-73.955396,dcp_colp,https://data.cityofnewyork.us/d/ji82-xba5
24d780a7f955eadf03ce102e049972af,BOARD OF ED CENTRAL OFFICES,131 LIVINGSTON STREET,BROOKLYN,AGENCY OFFICE,"OFFICES, TRAINING, AND TESTING",ADMINISTRATION OF GOVERNMENT,NYC Department of Education,Public,NYC Department of Education,True,Not verified,Not supplied by FacDB,40.691114,-73.988457,dcp_colp,https://data.cityofnewyork.us/d/ji82-xba5
255e25875dead1a3cbe8aa1dde375d3d,BRONX HALL OF JUSTICE,265 EAST 161 STREET,BRONX,OFFICE,"OFFICES, TRAINING, AND TESTING",ADMINISTRATION OF GOVERNMENT,NYC District Attorney - Bronx,Public,NYC District Attorney - Bronx,True,Not verified,Not supplied by FacDB,40.826509,-73.919127,dcp_colp,https://data.cityofnewyork.us/d/ji82-xba5
25f2c5f7d1c8a829b183b6b53b2566db,OFFICES,1 EDGEWATER STREET,STATEN ISLAND,AGENCY OFFICE,"OFFICES, TRAINING, AND TESTING",ADMINISTRATION OF GOVERNMENT,NYC Police Department,Public,NYC Police Department,True,Not verified,Not supplied by FacDB,40.621223,-74.06828,dcp_colp,https://data.cityofnewyork.us/d/ji82-xba5
26b788b602fa13ad488d794ae9708832,DCAS TESTING,34-09 QUEENS BOULEVARD,QUEENS,TESTING FACILITY,"OFFICES, TRAINING, AND TESTING",ADMINISTRATION OF GOVERNMENT,NYC Department of Citywide Administrative Services,Public,NYC Department of Citywide Administrative Services,True,Not verified,Not supplied by FacDB,40.745459,-73.930103,dcp_colp,https://data.cityofnewyork.us/d/ji82-xba5
26cbb912a537c0d292372faee1ea6843,FAMILY COURT,151-04 JAMAICA AVENUE,QUEENS,AGENCY EXECUTIVE OFFICE,"OFFICES, TRAINING, AND TESTING",ADMINISTRATION OF GOVERNMENT,NYC Human Resources Administration/Department of Social Services,Public,NYC Human Resources Administration,True,Not verified,Not supplied by FacDB,40.702185,-73.802782,dcp_colp,https://data.cityofnewyork.us/d/ji82-xba5
2822480acf2ce2bb58ec1491f20efa8a,OFFICES,110-26 WILLIAM STREET,MANHATTAN,AGENCY EXECUTIVE OFFICE,"OFFICES, TRAINING, AND TESTING",ADMINISTRATION OF GOVERNMENT,NYC Department of Small Business Services,Public,NYC Department of Small Business Services,True,Not verified,Not supplied by FacDB,40.708774,-74.006745,dcp_colp,https://data.cityofnewyork.us/d/ji82-xba5
28f3238496712eb2b1c1f091bccff3cf,FAMILY COURT,151-04 JAMAICA AVENUE,QUEENS,AGENCY EXECUTIVE OFFICE,"OFFICES, TRAINING, AND TESTING",ADMINISTRATION OF GOVERNMENT,NYC Department of Probation,Public,NYC Department of Probation,True,Not verified,Not supplied by FacDB,40.702185,-73.802782,dcp_colp,https://data.cityofnewyork.us/d/ji82-xba5
29b7d69a737ebd12d2c4d6f4c7d66568,ACS HEADQUARTERS,150 WILLIAM STREET,MANHATTAN,OFFICE,"OFFICES, TRAINING, AND TESTING",ADMINISTRATION OF GOVERNMENT,NYC Administration for Childrens Services,Public,NYC Administration for Children's Services,True,Not verified,Not supplied by FacDB,40.709521,-74.005796,dcp_colp,https://data.cityofnewyork.us/d/ji82-xba5
2aa1fea4438a84d4949453b5fc00cf46,HARLEM COURTHOUSE,170-174 EAST 121 STREET,MANHATTAN,OFFICE,"OFFICES, TRAINING, AND TESTING",ADMINISTRATION OF GOVERNMENT,NYC Office of Court Administration,Public,NYC Office of Court Administration,True,Not verified,Not supplied by FacDB,40.801212,-73.93846,dcp_colp,https://data.cityofnewyork.us/d/ji82-xba5
2ae954fd3dc1704f123b8c20479fe5c1,HOWARD,1620 EAST NEW YORK AVENUE,BROOKLYN,NYCHA COMMUNITY CENTER - BK PM OFFICE,"OFFICES, TRAINING, AND TESTING",ADMINISTRATION OF GOVERNMENT,NYC Housing Authority,Public,NYC Housing Authority,True,Not verified,Not supplied by FacDB,40.6729393246,-73.9082748783,nycha_communitycenters,https://data.cityofnewyork.us/d/ji82-xba5
2c2323a14d380d0259ba70f5a9526afc,DOT HEADQUARTERS,55 WATER STREET,MANHATTAN,AGENCY EXECUTIVE OFFICE,"OFFICES, TRAINING, AND TESTING",ADMINISTRATION OF GOVERNMENT,NYC Department of Transportation,Public,NYC Department of Transportation,True,Not verified,Not supplied by FacDB,40.703183,-74.009154,dcp_colp,https://data.cityofnewyork.us/d/ji82-xba5
2c281132ae0f7839d4f3f99da7bb37d0,CONDO UNIT DESIGNATION OFF2,335 ADAMS STREET,BROOKLYN,OFFICE,"OFFICES, TRAINING, AND TESTING",ADMINISTRATION OF GOVERNMENT,NYC Office of the Mayor,Public,NYC Office of the Mayor,True,Not verified,Not supplied by FacDB,40.693812,-73.987992,dcp_colp,https://data.cityofnewyork.us/d/ji82-xba5
2c91449d1c6a00caa34b14bc5a9ec44e,DAVID N. DINKINS MANHATTAN MUNICIPAL BUILDING,1 CENTRE STREET,MANHATTAN,OFFICE,"OFFICES, TRAINING, AND TESTING",ADMINISTRATION OF GOVERNMENT,NYC Office of Court Administration,Public,NYC Office of Court Administration,True,Not verified,Not supplied by FacDB,40.712974,-74.003676,dcp_colp,https://data.cityofnewyork.us/d/ji82-xba5
2dc0d2f0b32d37c3470dd6baba349743,STATEN ISLAND BOROUGH HALL,10 RICHMOND TERRACE,STATEN ISLAND,BOROUGH OFFICE,"OFFICES, TRAINING, AND TESTING",ADMINISTRATION OF GOVERNMENT,NYC Office of the City Clerk,Public,NYC Office of the City Clerk,True,Not verified,Not supplied by FacDB,40.6424,-74.075958,dcp_colp,https://data.cityofnewyork.us/d/ji82-xba5
2e517e6f80c7300469e11d897d228c48,GREENWOOD JOB CNTR,88 3 AVENUE,BROOKLYN,FIELD OFFICE-PUBLIC,"OFFICES, TRAINING, AND TESTING",ADMINISTRATION OF GOVERNMENT,NYC Human Resources Administration/Department of Social Services,Public,NYC Human Resources Administration,True,Not verified,Not supplied by FacDB,40.683927,-73.9823,dcp_colp,https://data.cityofnewyork.us/d/ji82-xba5
2f599aed0d000ae8e9ae64d7df168db5,MELROSE/KINGSBRIDGE JOB CNTR,260 EAST 161 STREET,BRONX,OFFICE,"OFFICES, TRAINING, AND TESTING",ADMINISTRATION OF GOVERNMENT,NYC Office of Administrative Trials and Hearings,Public,NYC Office of Administrative Trials and Hearings,True,Not verified,Not supplied by FacDB,40.825452,-73.919078,dcp_colp,https://data.cityofnewyork.us/d/ji82-xba5
2fcda6138656180b0ccc699946c026c5,QUEENS BOROUGH HALL,120-55 QUEENS BOULEVARD,QUEENS,AGENCY OFFICE,"OFFICES, TRAINING, AND TESTING",ADMINISTRATION OF GOVERNMENT,NYC 4 Community Board 9,Public,NYC Queens Community Board 9,True,Not verified,Not supplied by FacDB,40.714006,-73.827997,dcp_colp,https://data.cityofnewyork.us/d/ji82-xba5
2ff1f4a45b0d9af7ed30daea426381ca,KINGS COUNTY CRIMINAL COURT,120 SCHERMERHORN STREET,BROOKLYN,AGENCY EXECUTIVE OFFICE,"OFFICES, TRAINING, AND TESTING",ADMINISTRATION OF GOVERNMENT,NYC District Attorney - Brooklyn,Public,NYC District Attorney - Brooklyn,True,Not verified,Not supplied by FacDB,40.689692,-73.988948,dcp_colp,https://data.cityofnewyork.us/d/ji82-xba5
3089520cabbf6b457b6ac2de0e1ac21a,ARSENAL WEST/MAN BORO OFFICE,16 WEST 61 STREET,MANHATTAN,AGENCY OFFICE,"OFFICES, TRAINING, AND TESTING",ADMINISTRATION OF GOVERNMENT,NYC Department of Parks and Recreation,Public,NYC Department of Parks and Recreation,True,Not verified,Not supplied by FacDB,40.769781,-73.98292,dcp_colp,https://data.cityofnewyork.us/d/ji82-xba5
30d85e55bfcf5c8046f4af2a750010ff,28-11 QUEENS PLAZA N-OFFICE,28-11 QUEENS PLAZA NORTH,QUEENS,AGENCY OFFICE,"OFFICES, TRAINING, AND TESTING",ADMINISTRATION OF GOVERNMENT,NYC Department of Education,Public,NYC Department of Education,True,Not verified,Not supplied by FacDB,40.750291,-73.937966,dcp_colp,https://data.cityofnewyork.us/d/ji82-xba5
31c4e78f1dcd4362e3ddd22a29f8b73e,BRONX SUPREME COUNTY COURTHOUSE,851 GRAND CONCOURSE,BRONX,AGENCY EXECUTIVE OFFICE,"OFFICES, TRAINING, AND TESTING",ADMINISTRATION OF GOVERNMENT,NYC Borough President - Bronx,Public,NYC Borough President - Bronx,True,Not verified,Not supplied by FacDB,40.82629,-73.923799,dcp_colp,https://data.cityofnewyork.us/d/ji82-xba5
31d0730dd7a4bd2347be4bca96af2399,BRONX CRIMINAL/FAMILY COURT,900 SHERIDAN AVENUE,BRONX,AGENCY OFFICE,"OFFICES, TRAINING, AND TESTING",ADMINISTRATION OF GOVERNMENT,NYC Police Department,Public,NYC Police Department,True,Not verified,Not supplied by FacDB,40.826902,-73.92029,dcp_colp,https://data.cityofnewyork.us/d/ji82-xba5
333f971e07b28a248b89b7c3b2f4d8bd,WALD,34 AVENUE D,MANHATTAN,NYCHA COMMUNITY CENTER - NEIGHBORHOOD OFFICES,"OFFICES, TRAINING, AND TESTING",ADMINISTRATION OF GOVERNMENT,NYC Housing Authority,Public,NYC Housing Authority,True,Not verified,Not supplied by FacDB,40.7210614681,-73.977309208,nycha_communitycenters,https://data.cityofnewyork.us/d/ji82-xba5
33d2a597dee8ff6ff3cabbab6bb6efd8,COMM BD 2,1029 EAST 163 STREET,BRONX,AGENCY OFFICE,"OFFICES, TRAINING, AND TESTING",ADMINISTRATION OF GOVERNMENT,NYC 2 Community Board 2,Public,NYC Bronx Community Board 2,True,Not verified,Not supplied by FacDB,40.821245,-73.892072,dcp_colp,https://data.cityofnewyork.us/d/ji82-xba5
34637d594e89f174aa500e36aee16b8a,OFFICES,130 EAST 51 STREET,MANHATTAN,OFFICE,"OFFICES, TRAINING, AND TESTING",ADMINISTRATION OF GOVERNMENT,NYC Office of Court Administration,Public,NYC Office of Court Administration,True,Not verified,Not supplied by FacDB,40.757076,-73.972405,dcp_colp,https://data.cityofnewyork.us/d/ji82-xba5
349aa13be47bd9a08a9ad6726ee64c1b,STATEN ISLAND BOROUGH HALL,10 RICHMOND TERRACE,STATEN ISLAND,OFFICE,"OFFICES, TRAINING, AND TESTING",ADMINISTRATION OF GOVERNMENT,NYC Department of Information Technology and Telecommunications,Public,NYC Department of Information Technology and Telecommunications,True,Not verified,Not supplied by FacDB,40.6424,-74.075958,dcp_colp,https://data.cityofnewyork.us/d/ji82-xba5
36dc900de97a44003bf03029f5245303,BRONX BUSINESS CENTER,3030 3 AVENUE,BRONX,BOROUGH OFFICE,"OFFICES, TRAINING, AND TESTING",ADMINISTRATION OF GOVERNMENT,NYC Department of Finance,Public,NYC Department of Finance,True,Not verified,Not supplied by FacDB,40.819377,-73.913019,dcp_colp,https://data.cityofnewyork.us/d/ji82-xba5
37353db4240e8d0f2c3d1ff0a73f0430,OEM HEADQUARTERS,165 CADMAN PLAZA EAST,BROOKLYN,AGENCY EXECUTIVE OFFICE,"OFFICES, TRAINING, AND TESTING",ADMINISTRATION OF GOVERNMENT,NYC Office of Emergency Management,Public,NYC Office of Emergency Management,True,Not verified,Not supplied by FacDB,40.69914,-73.989325,dcp_colp,https://data.cityofnewyork.us/d/ji82-xba5
373bfe9d8ff2fc67ffdb6f1d7ddaccb8,JAMAICA JOB CENTER,8812 MERRICK BOULEVARD,QUEENS,FIELD OFFICE-PUBLIC,"OFFICES, TRAINING, AND TESTING",ADMINISTRATION OF GOVERNMENT,NYC Human Resources Administration/Department of Social Services,Public,NYC Human Resources Administration,True,Not verified,Not supplied by FacDB,40.708391,-73.796282,dcp_colp,https://data.cityofnewyork.us/d/ji82-xba5
37d0b274de9b1a7798933b0121f6bd8e,OFFICES,5906 13 AVENUE,BROOKLYN,OFFICE,"OFFICES, TRAINING, AND TESTING",ADMINISTRATION OF GOVERNMENT,NYC 3 Community Board 12,Public,NYC Brooklyn Community Board 12,True,Not verified,Not supplied by FacDB,40.629406,-73.998372,dcp_colp,https://data.cityofnewyork.us/d/ji82-xba5
38620f231a25ee185155e57643119c28,FORT TOTTEN (US ARMY),318 CROSS ISLAND PARKWAY,QUEENS,TRAINING FACILITY,"OFFICES, TRAINING, AND TESTING",ADMINISTRATION OF GOVERNMENT,NYC Fire Department,Public,NYC Fire Department,True,Not verified,Not supplied by FacDB,40.791397,-73.775082,dcp_colp,https://data.cityofnewyork.us/d/ji82-xba5
38a56c40fba833e527854f6be865400a,FOREST CITY PIERREPONT,300 CADMAN PLAZA WEST,BROOKLYN,AGENCY EXECUTIVE OFFICE,"OFFICES, TRAINING, AND TESTING",ADMINISTRATION OF GOVERNMENT,NYC Law Department,Public,NYC Law Department,True,Not verified,Not supplied by FacDB,40.695127,-73.991439,dcp_colp,https://data.cityofnewyork.us/d/ji82-xba5
38f98123fba598cf5ef414c0b5b0ee6f,BRONX HALL OF JUSTICE,265 EAST 161 STREET,BRONX,OFFICE,"OFFICES, TRAINING, AND TESTING",ADMINISTRATION OF GOVERNMENT,Non-public,Non-public,Non-public,True,Not verified,Not supplied by FacDB,40.826509,-73.919127,dcp_colp,https://data.cityofnewyork.us/d/ji82-xba5
393517f36fbabebf67e7c1369438da22,VETERANS JOB CENTER,25 CHAPEL STREET,BROOKLYN,FIELD OFFICE-PUBLIC,"OFFICES, TRAINING, AND TESTING",ADMINISTRATION OF GOVERNMENT,NYC Commission on Human Rights,Public,NYC Commission on Human Rights,True,Not verified,Not supplied by FacDB,40.697443,-73.98608,dcp_colp,https://data.cityofnewyork.us/d/ji82-xba5
39aafcc8c05b36f2686264d22001318c,QUEENS DA OFFICE,80-02 QUEENS BOULEVARD,QUEENS,OFFICE,"OFFICES, TRAINING, AND TESTING",ADMINISTRATION OF GOVERNMENT,NYC District Attorney - Queens,Public,NYC District Attorney - Queens,True,Not verified,Not supplied by FacDB,40.7136,-73.831263,dcp_colp,https://data.cityofnewyork.us/d/ji82-xba5
3a97892e06e3c0a70d666b83408070b2,BERGEN BLDG/NYC MUNICIPAL BLDG,1932 ARTHUR AVENUE,BRONX,AGENCY EXECUTIVE OFFICE,"OFFICES, TRAINING, AND TESTING",ADMINISTRATION OF GOVERNMENT,NYC Department of Citywide Administrative Services,Public,NYC Department of Citywide Administrative Services,True,Not verified,Not supplied by FacDB,40.845703,-73.892755,dcp_colp,https://data.cityofnewyork.us/d/ji82-xba5
3b218c613275d61378eeb029e671948d,LEFRAK CITY - OFFICE,59-17 JUNCTION BOULEVARD,QUEENS,AGENCY OFFICE,"OFFICES, TRAINING, AND TESTING",ADMINISTRATION OF GOVERNMENT,NYC Police Department,Public,NYC Police Department,True,Not verified,Not supplied by FacDB,40.734781,-73.864388,dcp_colp,https://data.cityofnewyork.us/d/ji82-xba5
3bb0d38c87f3f55445ac8e716d1be591,TRAFFIC ENFORCEMENT COMMAND,508-14 EAST TREMONT AVENUE,BRONX,OFFICE,"OFFICES, TRAINING, AND TESTING",ADMINISTRATION OF GOVERNMENT,NYC Police Department,Public,NYC Police Department,True,Not verified,Not supplied by FacDB,40.846495,-73.896596,dcp_colp,https://data.cityofnewyork.us/d/ji82-xba5
3c31964741df4e42200e6e4c4f17305c,FIELD OFFICE-MANHATTAN FAMILY COURT DIVISION,60 LAFAYETTE STREET,MANHATTAN,OFFICE,"OFFICES, TRAINING, AND TESTING",ADMINISTRATION OF GOVERNMENT,Non-public,Non-public,Non-public,True,Not verified,Not supplied by FacDB,40.716655,-74.002738,dcp_colp,https://data.cityofnewyork.us/d/ji82-xba5
3c76a829c365c40c7d382d163db42937,BRONX CRIMINAL/FAMILY COURT,900 SHERIDAN AVENUE,BRONX,AGENCY OFFICE,"OFFICES, TRAINING, AND TESTING",ADMINISTRATION OF GOVERNMENT,NYC Department of Probation,Public,NYC Department of Probation,True,Not verified,Not supplied by FacDB,40.826902,-73.92029,dcp_colp,https://data.cityofnewyork.us/d/ji82-xba5
3c9eb788fa9518be9ac561e272fc37ce,FIELD OFFICE-S.I.TORT.DIVN,60 BAY STREET,STATEN ISLAND,FIELD OFFICE-PUBLIC,"OFFICES, TRAINING, AND TESTING",ADMINISTRATION OF GOVERNMENT,NYC Commission on Human Rights,Public,NYC Commission on Human Rights,True,Not verified,Not supplied by FacDB,40.640487,-74.076237,dcp_colp,https://data.cityofnewyork.us/d/ji82-xba5
3cb78a605fc9d7142befef3cf11c7fbe,1 LIBERTY PLAZA,165 BROADWAY,MANHATTAN,AGENCY EXECUTIVE OFFICE,"OFFICES, TRAINING, AND TESTING",ADMINISTRATION OF GOVERNMENT,NYC Economic Development Corporation,Public,NYC Economic Development Corporation,True,Not verified,Not supplied by FacDB,40.709754,-74.010843,dcp_colp,https://data.cityofnewyork.us/d/ji82-xba5
3d78828d7bb061e5467e910a0c755969,OFFICES,61 WEST 125 STREET,MANHATTAN,OFFICE,"OFFICES, TRAINING, AND TESTING",ADMINISTRATION OF GOVERNMENT,NYC Department of Environmental Protection,Public,NYC Department of Environmental Protection,True,Not verified,Not supplied by FacDB,40.807525,-73.944111,dcp_colp,https://data.cityofnewyork.us/d/ji82-xba5
3df1f5c861b8c8ee11e30bf6cbf8af2f,BERGEN BLDG/NYC MUNICIPAL BLDG,1932 ARTHUR AVENUE,BRONX,OFFICE,"OFFICES, TRAINING, AND TESTING",ADMINISTRATION OF GOVERNMENT,NYC Business Integrity Commission,Public,NYC Business Integrity Commission,True,Not verified,Not supplied by FacDB,40.845703,-73.892755,dcp_colp,https://data.cityofnewyork.us/d/ji82-xba5
3e7a940892da028a89cefdec8c785ac4,STATEN ISLAND BUSINESS CENTER,350 ST MARKS PLACE,STATEN ISLAND,BOROUGH OFFICE,"OFFICES, TRAINING, AND TESTING",ADMINISTRATION OF GOVERNMENT,NYC Department of Finance,Public,NYC Department of Finance,True,Not verified,Not supplied by FacDB,40.641276,-74.078249,dcp_colp,https://data.cityofnewyork.us/d/ji82-xba5
3ec81f8963e5d5105977dbc989f1c1b6,CONCOURSE PLAZA BRONX DA OFFICE,198 EAST 161 STREET,BRONX,AGENCY EXECUTIVE OFFICE,"OFFICES, TRAINING, AND TESTING",ADMINISTRATION OF GOVERNMENT,NYC District Attorney - Bronx,Public,NYC District Attorney - Bronx,True,Not verified,Not supplied by FacDB,40.825865,-73.921097,dcp_colp,https://data.cityofnewyork.us/d/ji82-xba5
3fc80cd8f67988eb91791f482c163d88,OFFICES,110-26 WILLIAM STREET,MANHATTAN,AGENCY EXECUTIVE OFFICE,"OFFICES, TRAINING, AND TESTING",ADMINISTRATION OF GOVERNMENT,NYC Independent Budget Office,Public,NYC Independent Budget Office,True,Not verified,Not supplied by FacDB,40.708774,-74.006745,dcp_colp,https://data.cityofnewyork.us/d/ji82-xba5
40535036a82d6132dbc8491aba39324e,WALD,930 EAST FOURTH WALK,MANHATTAN,NYCHA COMMUNITY CENTER - NEIGHBORHOOD OFFICES,"OFFICES, TRAINING, AND TESTING",ADMINISTRATION OF GOVERNMENT,NYC Housing Authority,Public,NYC Housing Authority,True,Not verified,Not supplied by FacDB,40.7204436979,-73.9764904208,nycha_communitycenters,https://data.cityofnewyork.us/d/ji82-xba5
40880e31e616be52fcd8c5d756cc047e,CITY HALL/TWEED CRTHS/PARK,CITY HALL,MANHATTAN,AGENCY EXECUTIVE OFFICE,"OFFICES, TRAINING, AND TESTING",ADMINISTRATION OF GOVERNMENT,NYC Office of the Mayor,Public,NYC Office of the Mayor,True,Not verified,Not supplied by FacDB,40.712804,-74.006157,dcp_colp,https://data.cityofnewyork.us/d/ji82-xba5
4090a63cd099c237876c3dc138d5f701,OFFICES,374-76 WEST 125 STREET,MANHATTAN,OFFICE LEASED BY EDUC,"OFFICES, TRAINING, AND TESTING",ADMINISTRATION OF GOVERNMENT,NYC Department of Education,Public,NYC Department of Education,True,Not verified,Not supplied by FacDB,40.810955,-73.953764,dcp_colp,https://data.cityofnewyork.us/d/ji82-xba5
413cf97121facc3b48c31fb66edb9377,UPPER PARK AVENUE URA,100 EAST 122 STREET,MANHATTAN,FIELD OFFICE-STAFF,"OFFICES, TRAINING, AND TESTING",ADMINISTRATION OF GOVERNMENT,NYC Administration for Childrens Services,Public,NYC Administration for Children's Services,True,Not verified,Not supplied by FacDB,40.802786,-73.940163,dcp_colp,https://data.cityofnewyork.us/d/ji82-xba5
41fcf4ca29692474fe1c1470f4c8dc16,FOREST CITY PIERREPONT,300 CADMAN PLAZA WEST,BROOKLYN,AGENCY OFFICE,"OFFICES, TRAINING, AND TESTING",ADMINISTRATION OF GOVERNMENT,NYC Law Department,Public,NYC Law Department,True,Not verified,Not supplied by FacDB,40.695127,-73.991439,dcp_colp,https://data.cityofnewyork.us/d/ji82-xba5
422f6115789fc486d90da449a3896d6d,COURT SQUARE BLDG,2 LAFAYETTE STREET,MANHATTAN,OFFICE,"OFFICES, TRAINING, AND TESTING",ADMINISTRATION OF GOVERNMENT,NYC Department of Citywide Administrative Services,Public,NYC Department of Citywide Administrative Services,True,Not verified,Not supplied by FacDB,40.714022,-74.003903,dcp_colp,https://data.cityofnewyork.us/d/ji82-xba5
4271b9cc77a9d105acd3c6a2efe23be1,KINGS COUNTY CRIMINAL COURT,120 SCHERMERHORN STREET,BROOKLYN,AGENCY EXECUTIVE OFFICE,"OFFICES, TRAINING, AND TESTING",ADMINISTRATION OF GOVERNMENT,NYC Office of Court Administration,Public,NYC Office of Court Administration,True,Not verified,Not supplied by FacDB,40.689692,-73.988948,dcp_colp,https://data.cityofnewyork.us/d/ji82-xba5
427546e35fe768534184516b74135b5f,FOREST CITY PIERREPONT,300 CADMAN PLAZA WEST,BROOKLYN,OFFICE,"OFFICES, TRAINING, AND TESTING",ADMINISTRATION OF GOVERNMENT,NYC Office of Court Administration,Public,NYC Office of Court Administration,True,Not verified,Not supplied by FacDB,40.695127,-73.991439,dcp_colp,https://data.cityofnewyork.us/d/ji82-xba5
42d05d0eac3c07b3db31b34e48f8a99b,TECHNICAL SERVICES,3402 QUEENS BOULEVARD,QUEENS,AGENCY OFFICE,"OFFICES, TRAINING, AND TESTING",ADMINISTRATION OF GOVERNMENT,NYC Fire Department,Public,NYC Fire Department,True,Not verified,Not supplied by FacDB,40.743414,-73.930509,dcp_colp,https://data.cityofnewyork.us/d/ji82-xba5
444363fde69fa7be75ac177c04153453,OFFICES,19701 HILLSIDE AVENUE,QUEENS,AGENCY OFFICE,"OFFICES, TRAINING, AND TESTING",ADMINISTRATION OF GOVERNMENT,NYC 4 Community Board 8,Public,NYC Queens Community Board 8,True,Not verified,Not supplied by FacDB,40.718822,-73.765161,dcp_colp,https://data.cityofnewyork.us/d/ji82-xba5
444940f05edc5dc4227a58c48b584bca,FORDHAM PLAZA,1 FORDHAM PLAZA,BRONX,OFFICE LEASED BY EDUC,"OFFICES, TRAINING, AND TESTING",ADMINISTRATION OF GOVERNMENT,NYC Department of Education,Public,NYC Department of Education,True,Not verified,Not supplied by FacDB,40.860193,-73.890024,dcp_colp,https://data.cityofnewyork.us/d/ji82-xba5
4458147fedf130377b6799afcbbf8991,OFFICES,340 BAY STREET,STATEN ISLAND,AGENCY OFFICE,"OFFICES, TRAINING, AND TESTING",ADMINISTRATION OF GOVERNMENT,NYC Department of Probation,Public,NYC Department of Probation,True,Not verified,Not supplied by FacDB,40.633828,-74.075491,dcp_colp,https://data.cityofnewyork.us/d/ji82-xba5
44823e5ead40e29b482042a7aa611075,AMSTERDAM JOB CENTER,400 8 AVENUE,MANHATTAN,FIELD OFFICE-PUBLIC,"OFFICES, TRAINING, AND TESTING",ADMINISTRATION OF GOVERNMENT,NYC Human Resources Administration/Department of Social Services,Public,NYC Human Resources Administration,True,Not verified,Not supplied by FacDB,40.749375,-73.995117,dcp_colp,https://data.cityofnewyork.us/d/ji82-xba5
44d57c93d854cd808254d48f96bab171,DAVID N. DINKINS MANHATTAN MUNICIPAL BUILDING,1 CENTRE STREET,MANHATTAN,OFFICE,"OFFICES, TRAINING, AND TESTING",ADMINISTRATION OF GOVERNMENT,NYC Tax Commission,Public,NYC Tax Commission,True,Not verified,Not supplied by FacDB,40.712974,-74.003676,dcp_colp,https://data.cityofnewyork.us/d/ji82-xba5
450a549af94a13c55809a27fb304746d,VETERANS JOB CENTER,25 CHAPEL STREET,BROOKLYN,AGENCY EXECUTIVE OFFICE,"OFFICES, TRAINING, AND TESTING",ADMINISTRATION OF GOVERNMENT,NYC Human Resources Administration/Department of Social Services,Public,NYC Human Resources Administration,True,Not verified,Not supplied by FacDB,40.697443,-73.98608,dcp_colp,https://data.cityofnewyork.us/d/ji82-xba5
4524aedc78b69ebdcd6760c94fcda17b,COURT SQUARE BLDG,2 LAFAYETTE STREET,MANHATTAN,OFFICE,"OFFICES, TRAINING, AND TESTING",ADMINISTRATION OF GOVERNMENT,NYC Conflict of Interest Board,Public,NYC Conflict of Interest Board,True,Not verified,Not supplied by FacDB,40.714022,-74.003903,dcp_colp,https://data.cityofnewyork.us/d/ji82-xba5
4560cada7e94e550127c35c5aa93166f,OFFICES,1141 HYLAN BOULEVARD,STATEN ISLAND,BOROUGH OFFICE,"OFFICES, TRAINING, AND TESTING",ADMINISTRATION OF GOVERNMENT,NYC Taxi and Limousine Commission,Public,NYC Taxi and Limousine Commission,True,Not verified,Not supplied by FacDB,40.598878,-74.080443,dcp_colp,https://data.cityofnewyork.us/d/ji82-xba5
45e083fc64716a6c8ba47bf514de2b11,METRO TECHOLOGY CENTER URA,4 METROTECH CENTER,BROOKLYN,AGENCY OFFICE,"OFFICES, TRAINING, AND TESTING",ADMINISTRATION OF GOVERNMENT,NYC Department of Information Technology and Telecommunications,Public,NYC Department of Information Technology and Telecommunications,True,Not verified,Not supplied by FacDB,40.692862,-73.983845,dcp_colp,https://data.cityofnewyork.us/d/ji82-xba5
46233205228137571e0411cec38e6ed0,QUEENS BOROUGH HALL,120-55 QUEENS BOULEVARD,QUEENS,AGENCY OFFICE,"OFFICES, TRAINING, AND TESTING",ADMINISTRATION OF GOVERNMENT,NYC Police Department,Public,NYC Police Department,True,Not verified,Not supplied by FacDB,40.714006,-73.827997,dcp_colp,https://data.cityofnewyork.us/d/ji82-xba5
4674ea6ec14c5819fc02639d88a6a0ca,BROOKLYN FAMILY COURT,330 JAY STREET,BROOKLYN,OFFICE,"OFFICES, TRAINING, AND TESTING",ADMINISTRATION OF GOVERNMENT,Non-public,Non-public,Non-public,True,Not verified,Not supplied by FacDB,40.694603,-73.987696,dcp_colp,https://data.cityofnewyork.us/d/ji82-xba5
46dd941429af75caf0e2064c060b86c1,OFFICE BLDG,42 BROADWAY,MANHATTAN,AGENCY EXECUTIVE OFFICE,"OFFICES, TRAINING, AND TESTING",ADMINISTRATION OF GOVERNMENT,NYC Board of Elections,Public,NYC Board of Elections,True,Not verified,Not supplied by FacDB,40.705988,-74.012595,dcp_colp,https://data.cityofnewyork.us/d/ji82-xba5
47e23b6daa24e894610fa9656faf9122,COLUMBIA UNIVERSITY L/T LEASE,1108-16 ST NICHOLAS AVENUE,MANHATTAN,OFFICE,"OFFICES, TRAINING, AND TESTING",ADMINISTRATION OF GOVERNMENT,NYC 1 Community Board 12,Public,NYC Manhattan Community Board 12,True,Not verified,Not supplied by FacDB,40.839183,-73.939614,dcp_colp,https://data.cityofnewyork.us/d/ji82-xba5
47e752952b94b5eba16b3c728b12ae44,FAMILY COURT,151-04 JAMAICA AVENUE,QUEENS,AGENCY EXECUTIVE OFFICE,"OFFICES, TRAINING, AND TESTING",ADMINISTRATION OF GOVERNMENT,New York State,Unspecified,,True,Not verified,Not supplied by FacDB,40.702185,-73.802782,dcp_colp,https://data.cityofnewyork.us/d/ji82-xba5
47f25d863af7333fb336fd772f45a7ff,KINGS COUNTY CRIMINAL COURT,120 SCHERMERHORN STREET,BROOKLYN,AGENCY EXECUTIVE OFFICE,"OFFICES, TRAINING, AND TESTING",ADMINISTRATION OF GOVERNMENT,Non-public,Non-public,Non-public,True,Not verified,Not supplied by FacDB,40.689692,-73.988948,dcp_colp,https://data.cityofnewyork.us/d/ji82-xba5
49252651455fdc73bd9a0db06d9c1131,OFFICES,00503-9 PARK AVENUE,MANHATTAN,OFFICE,"OFFICES, TRAINING, AND TESTING",ADMINISTRATION OF GOVERNMENT,NYC 1 Community Board 8,Public,NYC Manhattan Community Board 8,True,Not verified,Not supplied by FacDB,40.762938,-73.969291,dcp_colp,https://data.cityofnewyork.us/d/ji82-xba5
495c583dcd93daf1bbb0caa28c7d539c,OFFICE BLDG,100 GOLD STREET,MANHATTAN,OFFICE,"OFFICES, TRAINING, AND TESTING",ADMINISTRATION OF GOVERNMENT,NYC Department of Parks and Recreation,Public,NYC Department of Parks and Recreation,True,Not verified,Not supplied by FacDB,40.710103,-74.003243,dcp_colp,https://data.cityofnewyork.us/d/ji82-xba5
4a4e22dd7b42e8ec67ab3e2a50b3decd,CRIM COURTHOUSE/DETENTION CPLX,100 CENTRE STREET,MANHATTAN,OFFICE,"OFFICES, TRAINING, AND TESTING",ADMINISTRATION OF GOVERNMENT,Non-public,Non-public,Non-public,True,Not verified,Not supplied by FacDB,40.716358,-74.000602,dcp_colp,https://data.cityofnewyork.us/d/ji82-xba5
4b640c0c5558f0646f34562dc7f34bd9,FAMILY COURT,151-04 JAMAICA AVENUE,QUEENS,AGENCY EXECUTIVE OFFICE,"OFFICES, TRAINING, AND TESTING",ADMINISTRATION OF GOVERNMENT,NYC Health and Hospitals Corporation,Public,NYC Health and Hospitals Corporation,True,Not verified,Not supplied by FacDB,40.702185,-73.802782,dcp_colp,https://data.cityofnewyork.us/d/ji82-xba5
4bd0b2f157502db52f4c8e4c6f77cd03,TLC TESTING FACILITY,24-55 BROOKLYN QUEENS EXPRESSWAY,QUEENS,TESTING FACILITY,"OFFICES, TRAINING, AND TESTING",ADMINISTRATION OF GOVERNMENT,NYC Taxi and Limousine Commission,Public,NYC Taxi and Limousine Commission,True,Not verified,Not supplied by FacDB,40.763847,-73.901944,dcp_colp,https://data.cityofnewyork.us/d/ji82-xba5
4c013df768da9ab37fcb0347dfc6827b,OFFICES,14-22 CORTLANDT STREET,MANHATTAN,AGENCY EXECUTIVE OFFICE,"OFFICES, TRAINING, AND TESTING",ADMINISTRATION OF GOVERNMENT,NYC Office of Labor Relations,Public,NYC Office of Labor Relations,True,Not verified,Not supplied by FacDB,40.710465,-74.0105,dcp_colp,https://data.cityofnewyork.us/d/ji82-xba5
4dd17367824c17de4f6c6d20b626f1b9,MARINE PARK,3230 EMMONS AVENUE,BROOKLYN,FIELD OFFICE,"OFFICES, TRAINING, AND TESTING",ADMINISTRATION OF GOVERNMENT,NYC Department of Transportation,Public,NYC Department of Transportation,True,Not verified,Not supplied by FacDB,40.596586,-73.919405,dcp_colp,https://data.cityofnewyork.us/d/ji82-xba5
4e33939f64eb4d707de77de08ca7a872,COMMERCIAL CONDOMINIUM UNIT #1,253 BROADWAY,MANHATTAN,AGENCY OFFICE,"OFFICES, TRAINING, AND TESTING",ADMINISTRATION OF GOVERNMENT,NYC Office of the Mayor,Public,NYC Office of the Mayor,True,Not verified,Not supplied by FacDB,40.713432,-74.007409,dcp_colp,https://data.cityofnewyork.us/d/ji82-xba5
4eaf4cbd16c6c745503142ab05388385,MARK A. COSTANTINO JUDICIAL CT,130 STUYVESANT PLACE,STATEN ISLAND,OFFICE,"OFFICES, TRAINING, AND TESTING",ADMINISTRATION OF GOVERNMENT,NYC District Attorney - Staten Island,Public,NYC District Attorney - Staten Island,True,Not verified,Not supplied by FacDB,40.64277,-74.077256,dcp_colp,https://data.cityofnewyork.us/d/ji82-xba5
4f6319637d1278dd998a05b343b386de,QUEENS BUSINESS CENTER,144-06 94 AVENUE,QUEENS,BOROUGH OFFICE,"OFFICES, TRAINING, AND TESTING",ADMINISTRATION OF GOVERNMENT,NYC Department of Finance,Public,NYC Department of Finance,True,Not verified,Not supplied by FacDB,40.698362,-73.807701,dcp_colp,https://data.cityofnewyork.us/d/ji82-xba5
4f8fb4eb85b8208f7523361d52952333,BRONX SUPREME COUNTY COURTHOUSE,851 GRAND CONCOURSE,BRONX,OFFICE,"OFFICES, TRAINING, AND TESTING",ADMINISTRATION OF GOVERNMENT,NYC Office of Court Administration,Public,NYC Office of Court Administration,True,Not verified,Not supplied by FacDB,40.82629,-73.923799,dcp_colp,https://data.cityofnewyork.us/d/ji82-xba5
50b243e8ac93a31bc5875ee0b7ce46db,OFFICES,61 WEST 125 STREET,MANHATTAN,OFFICE,"OFFICES, TRAINING, AND TESTING",ADMINISTRATION OF GOVERNMENT,NYC Administration for Childrens Services,Public,NYC Administration for Children's Services,True,Not verified,Not supplied by FacDB,40.807525,-73.944111,dcp_colp,https://data.cityofnewyork.us/d/ji82-xba5
50f450057335bc92aef3c8848128c1fa,OFFICES,255 GREENWICH STREET,MANHATTAN,OFFICE,"OFFICES, TRAINING, AND TESTING",ADMINISTRATION OF GOVERNMENT,NYC Office of Management and Budget,Public,NYC Office of Management and Budget,True,Not verified,Not supplied by FacDB,40.71437,-74.010872,dcp_colp,https://data.cityofnewyork.us/d/ji82-xba5
52675f8e43552bd9e9d89177ff087da8,ST NICHOLAS JOB CENTER,132 WEST 125 STREET,MANHATTAN,FIELD OFFICE-PUBLIC,"OFFICES, TRAINING, AND TESTING",ADMINISTRATION OF GOVERNMENT,NYC Human Resources Administration/Department of Social Services,Public,NYC Human Resources Administration,True,Not verified,Not supplied by FacDB,40.808111,-73.947408,dcp_colp,https://data.cityofnewyork.us/d/ji82-xba5
526ca0c6ec7b32e15eff0199ffa5902c,11 METROTECH CENTER,,BROOKLYN,OFFICE,"OFFICES, TRAINING, AND TESTING",ADMINISTRATION OF GOVERNMENT,NYC Department of Information Technology and Telecommunications,Public,NYC Department of Information Technology and Telecommunications,True,Not verified,Not supplied by FacDB,40.695225,-73.984497,dcp_colp,https://data.cityofnewyork.us/d/ji82-xba5
52adcd76c37576ae103b9ea9b566a9c2,OFFICES,3280-90 BROADWAY,MANHATTAN,AGENCY OFFICE,"OFFICES, TRAINING, AND TESTING",ADMINISTRATION OF GOVERNMENT,NYC Police Department,Public,NYC Police Department,True,Not verified,Not supplied by FacDB,40.818273,-73.955782,dcp_colp,https://data.cityofnewyork.us/d/ji82-xba5
52e41723bc3dff7c7ecfb0bb273fe79d,OFFICES,151-163 WEST BROADWAY,MANHATTAN,OFFICE,"OFFICES, TRAINING, AND TESTING",ADMINISTRATION OF GOVERNMENT,NYC Department of Youth and Community Development,Public,NYC Department of Youth and Community Development,True,Not verified,Not supplied by FacDB,40.717113,-74.00746,dcp_colp,https://data.cityofnewyork.us/d/ji82-xba5
531edc966ada58621914a0bea4a0c13b,BROOKLYN FAMILY COURT,330 JAY STREET,BROOKLYN,AGENCY OFFICE,"OFFICES, TRAINING, AND TESTING",ADMINISTRATION OF GOVERNMENT,NYC Law Department,Public,NYC Law Department,True,Not verified,Not supplied by FacDB,40.694603,-73.987696,dcp_colp,https://data.cityofnewyork.us/d/ji82-xba5
5333e385286044018f513b958523cd99,QUEENS BOROUGH HALL,120-55 QUEENS BOULEVARD,QUEENS,BOROUGH OFFICE,"OFFICES, TRAINING, AND TESTING",ADMINISTRATION OF GOVERNMENT,NYC Department of Environmental Protection,Public,NYC Department of Environmental Protection,True,Not verified,Not supplied by FacDB,40.714006,-73.827997,dcp_colp,https://data.cityofnewyork.us/d/ji82-xba5
5439ce061b151805f5787043c91b02a3,COURT SQUARE BLDG,2 LAFAYETTE STREET,MANHATTAN,OFFICE,"OFFICES, TRAINING, AND TESTING",ADMINISTRATION OF GOVERNMENT,NYC Department for the Aging,Public,NYC Department for the Aging,True,Not verified,Not supplied by FacDB,40.714022,-74.003903,dcp_colp,https://data.cityofnewyork.us/d/ji82-xba5
54d65d84fe5837607e799f723dda6c7e,QUEENS BOROUGH HALL,120-55 QUEENS BOULEVARD,QUEENS,AGENCY OFFICE,"OFFICES, TRAINING, AND TESTING",ADMINISTRATION OF GOVERNMENT,NYC Unknown,Public,NYC-Unknown,True,Not verified,Not supplied by FacDB,40.714006,-73.827997,dcp_colp,https://data.cityofnewyork.us/d/ji82-xba5
54f3a8127bdf57903fe5af7d2001a5cf,QUEENS REFORM CHURCH,219-41 JAMAICA AVENUE,QUEENS,AGENCY OFFICE,"OFFICES, TRAINING, AND TESTING",ADMINISTRATION OF GOVERNMENT,NYC 4 Community Board 13,Public,NYC Queens Community Board 13,True,Not verified,Not supplied by FacDB,40.719053,-73.735099,dcp_colp,https://data.cityofnewyork.us/d/ji82-xba5
55bd68b88290bc1392749aea73beea1e,MELROSE/KINGSBRIDGE JOB CNTR,260 EAST 161 STREET,BRONX,OFFICE,"OFFICES, TRAINING, AND TESTING",ADMINISTRATION OF GOVERNMENT,NYC Office of the Medical Examiner,Public,NYC Office of the Medical Examiner,True,Not verified,Not supplied by FacDB,40.825452,-73.919078,dcp_colp,https://data.cityofnewyork.us/d/ji82-xba5
568bcacc2f18c27247ce23a5bb7437c5,HEALTH BUILDING-125 WORTH ST,125 WORTH STREET,MANHATTAN,AGENCY EXECUTIVE OFFICE,"OFFICES, TRAINING, AND TESTING",ADMINISTRATION OF GOVERNMENT,NYC Unknown,Public,NYC-Unknown,True,Not verified,Not supplied by FacDB,40.715669,-74.002352,dcp_colp,https://data.cityofnewyork.us/d/ji82-xba5
571164c1e2069da5b344e8f5e1051eb0,COMMERCIAL CONDOMINIUM UNIT #1,253 BROADWAY,MANHATTAN,AGENCY OFFICE,"OFFICES, TRAINING, AND TESTING",ADMINISTRATION OF GOVERNMENT,NYC Police Department,Public,NYC Police Department,True,Not verified,Not supplied by FacDB,40.713432,-74.007409,dcp_colp,https://data.cityofnewyork.us/d/ji82-xba5
5750804c81c0abe5f274b842eb408dac,CONDO UNIT DESIGNATION HOTEL,335 ADAMS STREET,BROOKLYN,OFFICE LEASED BY EDUC,"OFFICES, TRAINING, AND TESTING",ADMINISTRATION OF GOVERNMENT,NYC Department of Education,Public,NYC Department of Education,True,Not verified,Not supplied by FacDB,40.693812,-73.987992,dcp_colp,https://data.cityofnewyork.us/d/ji82-xba5
575c89ba323b801de2f3d4f17ba680fa,AMSTERDAM,94 AMSTERDAM AVENUE,MANHATTAN,NYCHA COMMUNITY CENTER - NEIGHBORHOOD OFFICES,"OFFICES, TRAINING, AND TESTING",ADMINISTRATION OF GOVERNMENT,NYC Housing Authority,Public,NYC Housing Authority,True,Not verified,Not supplied by FacDB,40.7733972266,-73.9859317079,nycha_communitycenters,https://data.cityofnewyork.us/d/ji82-xba5
579b4b3426334fa431a3a4730ab9fad2,BRONX SUPREME COUNTY COURTHOUSE,851 GRAND CONCOURSE,BRONX,BOROUGH OFFICE,"OFFICES, TRAINING, AND TESTING",ADMINISTRATION OF GOVERNMENT,NYC Public Administrators Office - Bronx,Public,NYC Public Administrators Office - Bronx,True,Not verified,Not supplied by FacDB,40.82629,-73.923799,dcp_colp,https://data.cityofnewyork.us/d/ji82-xba5
587b93c5e50815c2cecf00c654962776,QUEENS BOROUGH HALL,120-55 QUEENS BOULEVARD,QUEENS,BOROUGH OFFICE,"OFFICES, TRAINING, AND TESTING",ADMINISTRATION OF GOVERNMENT,NYC Office of the City Clerk,Public,NYC Office of the City Clerk,True,Not verified,Not supplied by FacDB,40.714006,-73.827997,dcp_colp,https://data.cityofnewyork.us/d/ji82-xba5
59079d29bcadd29b41eb59fd1547f885,FIA SNAP #25/EIS APS/IREA OI,250 LIVINGSTON STREET,BROOKLYN,BOROUGH OFFICE,"OFFICES, TRAINING, AND TESTING",ADMINISTRATION OF GOVERNMENT,NYC Department of Environmental Protection,Public,NYC Department of Environmental Protection,True,Not verified,Not supplied by FacDB,40.688759,-73.984531,dcp_colp,https://data.cityofnewyork.us/d/ji82-xba5
59b16e007dfc1869e22976efd5a99e96,OFFICES,776 THIRD AVENUE,MANHATTAN,OFFICE,"OFFICES, TRAINING, AND TESTING",ADMINISTRATION OF GOVERNMENT,NYC Office of Court Administration,Public,NYC Office of Court Administration,True,Not verified,Not supplied by FacDB,40.755012,-73.971785,dcp_colp,https://data.cityofnewyork.us/d/ji82-xba5
59b211573a664449e3b5b8179adcc250,SURROGATE COURT,31 CHAMBERS STREET,MANHATTAN,OFFICE,"OFFICES, TRAINING, AND TESTING",ADMINISTRATION OF GOVERNMENT,County Clerk,Public,County Clerk,True,Not verified,Not supplied by FacDB,40.713594,-74.004242,dcp_colp,https://data.cityofnewyork.us/d/ji82-xba5
5a0fc3167970d4a501701e2e16bc9527,OFFICES,29 AVENUE OF THE FINEST,MANHATTAN,AGENCY EXECUTIVE OFFICE,"OFFICES, TRAINING, AND TESTING",ADMINISTRATION OF GOVERNMENT,NYC Department of Finance,Public,NYC Department of Finance,True,Not verified,Not supplied by FacDB,40.710907,-74.001176,dcp_colp,https://data.cityofnewyork.us/d/ji82-xba5
5aa160cd14ca768d45d8d714a0758533,QUEENS SUPREME COURT,88-11 SUTPHIN BOULEVARD,QUEENS,OFFICE,"OFFICES, TRAINING, AND TESTING",ADMINISTRATION OF GOVERNMENT,NYC Public Administrators Office - Queens,Public,NYC Public Administrators Office - Queens,True,Not verified,Not supplied by FacDB,40.704501,-73.808416,dcp_colp,https://data.cityofnewyork.us/d/ji82-xba5
5c0b0e2f0d6e8a36414d1e92a8e3e9c0,OFFICE BLDG,16 COURT STREET,BROOKLYN,BOROUGH OFFICE,"OFFICES, TRAINING, AND TESTING",ADMINISTRATION OF GOVERNMENT,NYC Department of Transportation,Public,NYC Department of Transportation,True,Not verified,Not supplied by FacDB,40.693609,-73.990862,dcp_colp,https://data.cityofnewyork.us/d/ji82-xba5
5c202b6df041166e20b8a7fcb4e84c4c,OFFICES,100 EAST 175 STREET,BRONX,OFFICE,"OFFICES, TRAINING, AND TESTING",ADMINISTRATION OF GOVERNMENT,NYC Department of City Planning,Public,NYC Department of City Planning,True,Not verified,Not supplied by FacDB,40.84647,-73.910399,dcp_colp,https://data.cityofnewyork.us/d/ji82-xba5
5d72b5b72f9b4a26344f88aeaf5802c4,OFFICES,22 READE STREET,MANHATTAN,OFFICE,"OFFICES, TRAINING, AND TESTING",ADMINISTRATION OF GOVERNMENT,NYC Commission on Human Rights,Public,NYC Commission on Human Rights,True,Not verified,Not supplied by FacDB,40.714393,-74.004783,dcp_colp,https://data.cityofnewyork.us/d/ji82-xba5
5dad8fb48073f1aa5b9dc9925403fc4f,CASTLE HILL,2165 RANDALL AVENUE,BRONX,NYCHA COMMUNITY CENTER - BRONX BOROUGH OFFICE RELOCATION,"OFFICES, TRAINING, AND TESTING",ADMINISTRATION OF GOVERNMENT,NYC Housing Authority,Public,NYC Housing Authority,True,Not verified,Not supplied by FacDB,40.8195229673,-73.8488555665,nycha_communitycenters,https://data.cityofnewyork.us/d/ji82-xba5
5e86abf5d0ad14f24a6ace1a6b90d417,STRATEGIC RSPNSE GRP 1/BORO UN,524 WEST 42 STREET,MANHATTAN,OFFICE,"OFFICES, TRAINING, AND TESTING",ADMINISTRATION OF GOVERNMENT,NYC Police Department,Public,NYC Police Department,True,Not verified,Not supplied by FacDB,40.759865,-73.99678,dcp_colp,https://data.cityofnewyork.us/d/ji82-xba5
5eb96237c5be59286d7cbbdac6184d3c,OFFICES,188 WEST 230 STREET,BRONX,OFFICE,"OFFICES, TRAINING, AND TESTING",ADMINISTRATION OF GOVERNMENT,NYC Police Department,Public,NYC Police Department,True,Not verified,Not supplied by FacDB,40.876293,-73.905774,dcp_colp,https://data.cityofnewyork.us/d/ji82-xba5
5f0533e7251b88cd28c3554459a2f4a7,BERGEN BLDG/NYC MUNICIPAL BLDG,1932 ARTHUR AVENUE,BRONX,AGENCY EXECUTIVE OFFICE,"OFFICES, TRAINING, AND TESTING",ADMINISTRATION OF GOVERNMENT,NYC Police Department,Public,NYC Police Department,True,Not verified,Not supplied by FacDB,40.845703,-73.892755,dcp_colp,https://data.cityofnewyork.us/d/ji82-xba5
5f10c7e63276062c2f8bb48fa78a9c05,HAMMEL,82-10 ROCKAWAY BEACH BOULEVARD,QUEENS,NYCHA COMMUNITY CENTER - JOB TRAINING,"OFFICES, TRAINING, AND TESTING",ADMINISTRATION OF GOVERNMENT,NYC Housing Authority,Public,NYC Housing Authority,True,Not verified,Not supplied by FacDB,40.5888145679,-73.8095312952,nycha_communitycenters,https://data.cityofnewyork.us/d/ji82-xba5
5f67b0a389f2c3b334435e3f09c878ba,OFFICE BUILDING,1075 RALPH AVENUE,BROOKLYN,AGENCY OFFICE,"OFFICES, TRAINING, AND TESTING",ADMINISTRATION OF GOVERNMENT,NYC Department of Health and Mental Hygiene,Public,NYC Department of Health and Mental Hygiene,True,Not verified,Not supplied by FacDB,40.649306,-73.920127,dcp_colp,https://data.cityofnewyork.us/d/ji82-xba5
5f88e13893476dfa5dce7a1cdbbe1e00,OFFICES,151 FRONT STREET,MANHATTAN,AGENCY EXECUTIVE OFFICE,"OFFICES, TRAINING, AND TESTING",ADMINISTRATION OF GOVERNMENT,NYC Department of Investigation,Public,NYC Department of Investigation,True,Not verified,Not supplied by FacDB,40.705269,-74.005515,dcp_colp,https://data.cityofnewyork.us/d/ji82-xba5
5f9fbdf5a86f990991b941e9db6c60cb,COMMERCIAL CONDOMINIUM UNIT #1,253 BROADWAY,MANHATTAN,OFFICE,"OFFICES, TRAINING, AND TESTING",ADMINISTRATION OF GOVERNMENT,NYC Equal Employment Practices Commission,Unspecified,,True,Not verified,Not supplied by FacDB,40.713432,-74.007409,dcp_colp,https://data.cityofnewyork.us/d/ji82-xba5
5fab18edafffc9984f0f9b615ed43129,FIELD OFFICE-MANHATTAN FAMILY COURT DIVISION,60 LAFAYETTE STREET,MANHATTAN,OFFICE,"OFFICES, TRAINING, AND TESTING",ADMINISTRATION OF GOVERNMENT,NYC Department of Citywide Administrative Services,Public,NYC Department of Citywide Administrative Services,True,Not verified,Not supplied by FacDB,40.716655,-74.002738,dcp_colp,https://data.cityofnewyork.us/d/ji82-xba5
602e76542a2e4da2c6fa6ab061ce3aa8,E.S.D/COMMERCIAL CENTER,1360 FULTON STREET,BROOKLYN,OFFICE,"OFFICES, TRAINING, AND TESTING",ADMINISTRATION OF GOVERNMENT,NYC 3 Community Board 3,Public,NYC Brooklyn Community Board 3,True,Not verified,Not supplied by FacDB,40.67981,-73.946334,dcp_colp,https://data.cityofnewyork.us/d/ji82-xba5
60a0314fca73ac5715f549338d76a9cc,JW MAYS BUILDING,9 BOND STREET,BROOKLYN,FIELD OFFICE-PUBLIC,"OFFICES, TRAINING, AND TESTING",ADMINISTRATION OF GOVERNMENT,NYC Office of Administrative Trials and Hearings,Public,NYC Office of Administrative Trials and Hearings,True,Not verified,Not supplied by FacDB,40.6892,-73.982865,dcp_colp,https://data.cityofnewyork.us/d/ji82-xba5
60c39423f74d326af8a00be0842388d6,FLUSHING ARMORY,137-58 NORTHERN BOULEVARD,QUEENS,AGENCY OFFICE,"OFFICES, TRAINING, AND TESTING",ADMINISTRATION OF GOVERNMENT,NYC Police Department,Public,NYC Police Department,True,Not verified,Not supplied by FacDB,40.763139,-73.828935,dcp_colp,https://data.cityofnewyork.us/d/ji82-xba5
60f75af38504491b2f0302e9209f401f,BERGEN BLDG/NYC MUNICIPAL BLDG,1932 ARTHUR AVENUE,BRONX,AGENCY EXECUTIVE OFFICE,"OFFICES, TRAINING, AND TESTING",ADMINISTRATION OF GOVERNMENT,NYC Unknown,Public,NYC-Unknown,True,Not verified,Not supplied by FacDB,40.845703,-73.892755,dcp_colp,https://data.cityofnewyork.us/d/ji82-xba5
614153051f292ef29815531428af255e,OFFICES,,BRONX,FIELD OFFICE-PUBLIC,"OFFICES, TRAINING, AND TESTING",ADMINISTRATION OF GOVERNMENT,NYC Administration for Childrens Services,Public,NYC Administration for Children's Services,True,Not verified,Not supplied by FacDB,40.852749,-73.836802,dcp_colp,https://data.cityofnewyork.us/d/ji82-xba5
617e137957e47706193b407a25fbc535,CONCOURSE PLAZA BRONX DA OFFICE,198 EAST 161 STREET,BRONX,OFFICE,"OFFICES, TRAINING, AND TESTING",ADMINISTRATION OF GOVERNMENT,NYC Law Department,Public,NYC Law Department,True,Not verified,Not supplied by FacDB,40.825865,-73.921097,dcp_colp,https://data.cityofnewyork.us/d/ji82-xba5
62f214a98f853f1f6e05c7c3dc371d16,OFFICES,19-23 HYATT STREET,STATEN ISLAND,AGENCY OFFICE,"OFFICES, TRAINING, AND TESTING",ADMINISTRATION OF GOVERNMENT,NYC Office of Court Administration,Public,NYC Office of Court Administration,True,Not verified,Not supplied by FacDB,40.642042,-74.077338,dcp_colp,https://data.cityofnewyork.us/d/ji82-xba5
63417eecf572b8a1b64032a508986afc,PROP ENG 268/LAD 137/TRAINING,116-11 BEACH CHANNEL DRIVE,QUEENS,TRAINING FACILITY,"OFFICES, TRAINING, AND TESTING",ADMINISTRATION OF GOVERNMENT,NYC Fire Department,Public,NYC Fire Department,True,Not verified,Not supplied by FacDB,40.581509,-73.838811,dcp_colp,https://data.cityofnewyork.us/d/ji82-xba5
64f52c222dde061a0f6635dccf03807c,COMM BD 9,890 NOSTRAND AVENUE,BROOKLYN,AGENCY OFFICE,"OFFICES, TRAINING, AND TESTING",ADMINISTRATION OF GOVERNMENT,NYC 3 Community Board 9,Public,NYC Brooklyn Community Board 9,True,Not verified,Not supplied by FacDB,40.667617,-73.951019,dcp_colp,https://data.cityofnewyork.us/d/ji82-xba5
65767a93283670c3b2ce1ff907dbc4a1,DOT ENFORCEMENT,100-18 EAST 107 STREET,MANHATTAN,OFFICE,"OFFICES, TRAINING, AND TESTING",ADMINISTRATION OF GOVERNMENT,NYC Police Department,Public,NYC Police Department,True,Not verified,Not supplied by FacDB,40.793169,-73.946962,dcp_colp,https://data.cityofnewyork.us/d/ji82-xba5
67093f6114aff0729dcec59c37bc2d63,OFFICES,29 AVENUE OF THE FINEST,MANHATTAN,AGENCY EXECUTIVE OFFICE,"OFFICES, TRAINING, AND TESTING",ADMINISTRATION OF GOVERNMENT,NYC Police Department,Public,NYC Police Department,True,Not verified,Not supplied by FacDB,40.710907,-74.001176,dcp_colp,https://data.cityofnewyork.us/d/ji82-xba5
67f5a26b9070334b4216cea3e3e3728c,COMM BD 9,1967 TURNBULL AVENUE,BRONX,OFFICE,"OFFICES, TRAINING, AND TESTING",ADMINISTRATION OF GOVERNMENT,NYC 2 Community Board 9,Public,NYC Bronx Community Board 9,True,Not verified,Not supplied by FacDB,40.824308,-73.857077,dcp_colp,https://data.cityofnewyork.us/d/ji82-xba5
68729340009b506e7543de8512b5ae80,OFFICES,255 GREENWICH STREET,MANHATTAN,AGENCY EXECUTIVE OFFICE,"OFFICES, TRAINING, AND TESTING",ADMINISTRATION OF GOVERNMENT,NYC Office of the Mayor,Public,NYC Office of the Mayor,True,Not verified,Not supplied by FacDB,40.71437,-74.010872,dcp_colp,https://data.cityofnewyork.us/d/ji82-xba5
68ad44d478c5c13d50cb4999cdace0d4,EMPIRE STATE BUILDING,336-50 5 AVENUE,MANHATTAN,OFFICE LEASED BY EDUC,"OFFICES, TRAINING, AND TESTING",ADMINISTRATION OF GOVERNMENT,NYC Department of Education,Public,NYC Department of Education,True,Not verified,Not supplied by FacDB,40.748452,-73.985712,dcp_colp,https://data.cityofnewyork.us/d/ji82-xba5
69064cbdd77a6757909dc7b38e0cb13b,FLOYD BENNETT FIELD,5031 FLATBUSH AVENUE,BROOKLYN,TRAINING FACILITY,"OFFICES, TRAINING, AND TESTING",ADMINISTRATION OF GOVERNMENT,NYC Police Department,Public,NYC Police Department,True,Not verified,Not supplied by FacDB,40.595332,-73.889697,dcp_colp,https://data.cityofnewyork.us/d/ji82-xba5
696cb933d6bb0427f9072f81a80ec981,FAMILY COURT,151-04 JAMAICA AVENUE,QUEENS,AGENCY EXECUTIVE OFFICE,"OFFICES, TRAINING, AND TESTING",ADMINISTRATION OF GOVERNMENT,NYC Department of Citywide Administrative Services,Public,NYC Department of Citywide Administrative Services,True,Not verified,Not supplied by FacDB,40.702185,-73.802782,dcp_colp,https://data.cityofnewyork.us/d/ji82-xba5
6a68738cf89c989f510a29e0d571b552,COMM BD 1,435 GRAHAM AVENUE,BROOKLYN,AGENCY OFFICE,"OFFICES, TRAINING, AND TESTING",ADMINISTRATION OF GOVERNMENT,NYC 3 Community Board 1,Public,NYC Brooklyn Community Board 1,True,Not verified,Not supplied by FacDB,40.718187,-73.945261,dcp_colp,https://data.cityofnewyork.us/d/ji82-xba5
6ae23ebb0be1035f3f05ba2c134cce1d,OFFICES,14-22 CORTLANDT STREET,MANHATTAN,OFFICE,"OFFICES, TRAINING, AND TESTING",ADMINISTRATION OF GOVERNMENT,NYC Department of Health and Mental Hygiene,Public,NYC Department of Health and Mental Hygiene,True,Not verified,Not supplied by FacDB,40.710465,-74.0105,dcp_colp,https://data.cityofnewyork.us/d/ji82-xba5
6af8ee4c0bd165819e84cefece8f0cfe,DYCKMAN JOB CENTER,4055 10 AVENUE,MANHATTAN,FIELD OFFICE-PUBLIC,"OFFICES, TRAINING, AND TESTING",ADMINISTRATION OF GOVERNMENT,NYC Human Resources Administration/Department of Social Services,Public,NYC Human Resources Administration,True,Not verified,Not supplied by FacDB,40.870088,-73.913853,dcp_colp,https://data.cityofnewyork.us/d/ji82-xba5
6b8b612df6ffbfdec19b29f19bafab8b,OFFICE BLDG,66 JOHN STREET,MANHATTAN,OFFICE,"OFFICES, TRAINING, AND TESTING",ADMINISTRATION OF GOVERNMENT,NYC Department of Probation,Public,NYC Department of Probation,True,Not verified,Not supplied by FacDB,40.708659,-74.007982,dcp_colp,https://data.cityofnewyork.us/d/ji82-xba5
6c3ba3a37fc0e6ad3cd2c8aff5a94c49,LOUIS J. LEFKOWITZ BUILDING,80 CENTRE STREET,MANHATTAN,AGENCY OFFICE,"OFFICES, TRAINING, AND TESTING",ADMINISTRATION OF GOVERNMENT,NYC Department of Buildings,Public,NYC Department of Buildings,True,Not verified,Not supplied by FacDB,40.715096,-74.001187,dcp_colp,https://data.cityofnewyork.us/d/ji82-xba5
6c53892f461d883e740a77d29680e4f1,LEFRAK CITY - OFFICE,96-05 HORACE HARDING EXPRESSWAY,QUEENS,AGENCY EXECUTIVE OFFICE,"OFFICES, TRAINING, AND TESTING",ADMINISTRATION OF GOVERNMENT,NYC Department of Environmental Protection,Public,NYC Department of Environmental Protection,True,Not verified,Not supplied by FacDB,40.735021,-73.8635,dcp_colp,https://data.cityofnewyork.us/d/ji82-xba5
6c703ff5af114567dd28c632598871fc,CONDO UNIT DESIGNATION OFF2,335 ADAMS STREET,BROOKLYN,AGENCY OFFICE,"OFFICES, TRAINING, AND TESTING",ADMINISTRATION OF GOVERNMENT,NYC 3 Community Board 2,Unspecified,,True,Not verified,Not supplied by FacDB,40.693812,-73.987992,dcp_colp,https://data.cityofnewyork.us/d/ji82-xba5
6c8b271fbd7bdcc0a5c8b27eef0b2212,RCKWY JOB CENTER,219 BEACH 59 STREET,QUEENS,FIELD OFFICE-PUBLIC,"OFFICES, TRAINING, AND TESTING",ADMINISTRATION OF GOVERNMENT,NYC Human Resources Administration/Department of Social Services,Public,NYC Human Resources Administration,True,Not verified,Not supplied by FacDB,40.592697,-73.789408,dcp_colp,https://data.cityofnewyork.us/d/ji82-xba5
6dbf1aad970f32b32e2fbda34eb4c3e3,POLICE ACADEMY,130-30 28 AVENUE,QUEENS,TRAINING FACILITY,"OFFICES, TRAINING, AND TESTING",ADMINISTRATION OF GOVERNMENT,NYC Police Department,Public,NYC Police Department,True,Not verified,Not supplied by FacDB,40.771689,-73.838582,dcp_colp,https://data.cityofnewyork.us/d/ji82-xba5
6ddbcedaa84ede9c0348a67b284f7030,DAVID N. DINKINS MANHATTAN MUNICIPAL BUILDING,1 CENTRE STREET,MANHATTAN,OFFICE,"OFFICES, TRAINING, AND TESTING",ADMINISTRATION OF GOVERNMENT,NYC Department of Veterans' Services,Unspecified,,True,Not verified,Not supplied by FacDB,40.712974,-74.003676,dcp_colp,https://data.cityofnewyork.us/d/ji82-xba5
6dedddc0b543cef4a69b1de1f3c3d1cd,OFFICES,315 HUDSON STREET,MANHATTAN,AGENCY OFFICE,"OFFICES, TRAINING, AND TESTING",ADMINISTRATION OF GOVERNMENT,NYC Police Department,Public,NYC Police Department,True,Not verified,Not supplied by FacDB,40.726275,-74.007988,dcp_colp,https://data.cityofnewyork.us/d/ji82-xba5
6df60dbfbdda3ea001bc73ff9e8ee4f6,DAVID N. DINKINS MANHATTAN MUNICIPAL BUILDING,1 CENTRE STREET,MANHATTAN,OFFICE,"OFFICES, TRAINING, AND TESTING",ADMINISTRATION OF GOVERNMENT,NYC 1 Community Board 1,Public,NYC Manhattan Community Board 1,True,Not verified,Not supplied by FacDB,40.712974,-74.003676,dcp_colp,https://data.cityofnewyork.us/d/ji82-xba5
6ea51b50453fac27f7eb8d044bc7aa00,COMM BD 11,2214 BATH AVENUE,BROOKLYN,AGENCY OFFICE,"OFFICES, TRAINING, AND TESTING",ADMINISTRATION OF GOVERNMENT,NYC 3 Community Board 11,Public,NYC Brooklyn Community Board 11,True,Not verified,Not supplied by FacDB,40.598064,-73.996961,dcp_colp,https://data.cityofnewyork.us/d/ji82-xba5
6f2c2337b3c8069762c05991e81b2801,OFFICES,52-58 DUANE STREET,MANHATTAN,AGENCY OFFICE,"OFFICES, TRAINING, AND TESTING",ADMINISTRATION OF GOVERNMENT,NYC Law Department,Public,NYC Law Department,True,Not verified,Not supplied by FacDB,40.714242,-74.004,dcp_colp,https://data.cityofnewyork.us/d/ji82-xba5
6f3763c1ff1ecc4008c4e2ae591bfce4,QUEENSBORO BRIDGE,42-00 VERNON BOULEVARD,QUEENS,FIELD OFFICE-STAFF,"OFFICES, TRAINING, AND TESTING",ADMINISTRATION OF GOVERNMENT,NYC Department of Transportation,Public,NYC Department of Transportation,True,Not verified,Not supplied by FacDB,40.754925,-73.95006,dcp_colp,https://data.cityofnewyork.us/d/ji82-xba5
6f52d93538726aed0f40524f9b76d50c,MARK A. COSTANTINO JUDICIAL CT,130 STUYVESANT PLACE,STATEN ISLAND,OFFICE,"OFFICES, TRAINING, AND TESTING",ADMINISTRATION OF GOVERNMENT,NYC Police Department,Public,NYC Police Department,True,Not verified,Not supplied by FacDB,40.64277,-74.077256,dcp_colp,https://data.cityofnewyork.us/d/ji82-xba5
702334cdcb0e5cef071f3b793d04f4e2,STATEN ISLAND BOROUGH HALL,10 RICHMOND TERRACE,STATEN ISLAND,OFFICE,"OFFICES, TRAINING, AND TESTING",ADMINISTRATION OF GOVERNMENT,NYC Office of Court Administration,Public,NYC Office of Court Administration,True,Not verified,Not supplied by FacDB,40.6424,-74.075958,dcp_colp,https://data.cityofnewyork.us/d/ji82-xba5
7055fa75af47e7e48cf3dffec567be4f,TOWN HALL,4101 WHITE PLAINS ROAD,BRONX,AGENCY EXECUTIVE OFFICE,"OFFICES, TRAINING, AND TESTING",ADMINISTRATION OF GOVERNMENT,NYC 2 Community Board 12,Public,NYC Bronx Community Board 12,True,Not verified,Not supplied by FacDB,40.890914,-73.859165,dcp_colp,https://data.cityofnewyork.us/d/ji82-xba5
718c53fe3c9eefdf4827e601aedc6156,BROOKLYN FAMILY COURT,330 JAY STREET,BROOKLYN,FIELD OFFICE-PUBLIC,"OFFICES, TRAINING, AND TESTING",ADMINISTRATION OF GOVERNMENT,NYC Human Resources Administration/Department of Social Services,Public,NYC Human Resources Administration,True,Not verified,Not supplied by FacDB,40.694603,-73.987696,dcp_colp,https://data.cityofnewyork.us/d/ji82-xba5
71a6483c963cb31f64ca2a3a15073cb2,COMM BD 4,1650 SELWYN AVENUE,BRONX,AGENCY OFFICE,"OFFICES, TRAINING, AND TESTING",ADMINISTRATION OF GOVERNMENT,NYC 2 Community Board 4,Public,NYC Bronx Community Board 4,True,Not verified,Not supplied by FacDB,40.843437,-73.910096,dcp_colp,https://data.cityofnewyork.us/d/ji82-xba5
71c63aaefdb130d432acbe22c52e52aa,ARSENAL NORTH/HECKSCHER BLDG,1 EAST 104 STREET,MANHATTAN,AGENCY OFFICE,"OFFICES, TRAINING, AND TESTING",ADMINISTRATION OF GOVERNMENT,NYC Department of Parks and Recreation,Public,NYC Department of Parks and Recreation,True,Not verified,Not supplied by FacDB,40.793099,-73.951371,dcp_colp,https://data.cityofnewyork.us/d/ji82-xba5
71e392a521a6aadcfb16c38a45818319,LEASED OFFICE - DOT,5913 CHURCH AVENUE,BROOKLYN,OFFICE,"OFFICES, TRAINING, AND TESTING",ADMINISTRATION OF GOVERNMENT,NYC Police Department,Public,NYC Police Department,True,Not verified,Not supplied by FacDB,40.652916,-73.921175,dcp_colp,https://data.cityofnewyork.us/d/ji82-xba5
71f7cfca507bd0194814fc04f9887565,BERGEN BLDG/NYC MUNICIPAL BLDG,1932 ARTHUR AVENUE,BRONX,FIELD OFFICE-PUBLIC,"OFFICES, TRAINING, AND TESTING",ADMINISTRATION OF GOVERNMENT,NYC Commission on Human Rights,Public,NYC Commission on Human Rights,True,Not verified,Not supplied by FacDB,40.845703,-73.892755,dcp_colp,https://data.cityofnewyork.us/d/ji82-xba5
73160cccdab7816b91dbd7d87fc0acdf,OFFICES,230 PARK AVENUE,MANHATTAN,OFFICE,"OFFICES, TRAINING, AND TESTING",ADMINISTRATION OF GOVERNMENT,NYC Office of Court Administration,Public,NYC Office of Court Administration,True,Not verified,Not supplied by FacDB,40.754393,-73.976106,dcp_colp,https://data.cityofnewyork.us/d/ji82-xba5
7322b20405d0098ef1e78d7292b2d265,WALD,36 AVENUE D,MANHATTAN,NYCHA COMMUNITY CENTER - NEIGHBORHOOD ADMINISTRATOR OFFICE AND PLANNING UNIT,"OFFICES, TRAINING, AND TESTING",ADMINISTRATION OF GOVERNMENT,NYC Housing Authority,Public,NYC Housing Authority,True,Not verified,Not supplied by FacDB,40.7210614681,-73.977309208,nycha_communitycenters,https://data.cityofnewyork.us/d/ji82-xba5
73d76357c58dd6c951bf3ddc03809795,COURT SQUARE BLDG,2 LAFAYETTE STREET,MANHATTAN,OFFICE,"OFFICES, TRAINING, AND TESTING",ADMINISTRATION OF GOVERNMENT,Non-public,Non-public,Non-public,True,Not verified,Not supplied by FacDB,40.714022,-74.003903,dcp_colp,https://data.cityofnewyork.us/d/ji82-xba5
752c215446d8f1c41a863a4bd7a9d1a7,OFFICES,5613-19 FLATLANDS AVENUE,BROOKLYN,OFFICE LEASED BY EDUC,"OFFICES, TRAINING, AND TESTING",ADMINISTRATION OF GOVERNMENT,NYC Department of Education,Public,NYC Department of Education,True,Not verified,Not supplied by FacDB,40.630508,-73.921681,dcp_colp,https://data.cityofnewyork.us/d/ji82-xba5
753ee17cbb2c5951fdc95d46bcb3c8fe,DISTRCIT #18 CEC BROOKLYN,1106 EAST 95 STREET,BROOKLYN,AGENCY OFFICE,"OFFICES, TRAINING, AND TESTING",ADMINISTRATION OF GOVERNMENT,NYC Department of Education,Public,NYC Department of Education,True,Not verified,Not supplied by FacDB,40.643318,-73.903512,dcp_colp,https://data.cityofnewyork.us/d/ji82-xba5
757d68d0001d2d3e6c187a067bda9b8c,OFFICES,390 LIBERTY AVENUE,BROOKLYN,OFFICE,"OFFICES, TRAINING, AND TESTING",ADMINISTRATION OF GOVERNMENT,NYC Department of Probation,Public,NYC Department of Probation,True,Not verified,Not supplied by FacDB,40.67442,-73.894977,dcp_colp,https://data.cityofnewyork.us/d/ji82-xba5
75b8f3ea4779ca8cf36886203931752f,EAST HARLEM ASTHMA CENTER,161-69 EAST 110 STREET,MANHATTAN,OFFICE,"OFFICES, TRAINING, AND TESTING",ADMINISTRATION OF GOVERNMENT,NYC Department of Health and Mental Hygiene,Public,NYC Department of Health and Mental Hygiene,True,Not verified,Not supplied by FacDB,40.794638,-73.943417,dcp_colp,https://data.cityofnewyork.us/d/ji82-xba5
75d5e3ad537e0aaab12faa491b7f730d,FIELD OFFICE-S.I.TORT.DIVN,60 BAY STREET,STATEN ISLAND,AGENCY OFFICE,"OFFICES, TRAINING, AND TESTING",ADMINISTRATION OF GOVERNMENT,NYC Office of Court Administration,Public,NYC Office of Court Administration,True,Not verified,Not supplied by FacDB,40.640487,-74.076237,dcp_colp,https://data.cityofnewyork.us/d/ji82-xba5
765f6682331632fd3dae0237833d41ca,GERTZ PLAZA ACS MULTI PROGRAM,162-10 JAMAICA AVENUE,QUEENS,FIELD OFFICE-PUBLIC,"OFFICES, TRAINING, AND TESTING",ADMINISTRATION OF GOVERNMENT,NYC Administration for Childrens Services,Public,NYC Administration for Children's Services,True,Not verified,Not supplied by FacDB,40.703768,-73.7971,dcp_colp,https://data.cityofnewyork.us/d/ji82-xba5
7690b28cbf9c394050760288755a2ea1,TECHNICAL SERVICES,3402 QUEENS BOULEVARD,QUEENS,AGENCY OFFICE,"OFFICES, TRAINING, AND TESTING",ADMINISTRATION OF GOVERNMENT,NYC Department of Transportation,Public,NYC Department of Transportation,True,Not verified,Not supplied by FacDB,40.743414,-73.930509,dcp_colp,https://data.cityofnewyork.us/d/ji82-xba5
76df7eca61e81dbe8d0d496e8b931e12,RIDER JOB CENTER,305 RIDER AVENUE,BRONX,AGENCY EXECUTIVE OFFICE,"OFFICES, TRAINING, AND TESTING",ADMINISTRATION OF GOVERNMENT,NYC Human Resources Administration/Department of Social Services,Public,NYC Human Resources Administration,True,Not verified,Not supplied by FacDB,40.813208,-73.927163,dcp_colp,https://data.cityofnewyork.us/d/ji82-xba5
783063cb78103f849854e9b5872be4b2,OFFICES,15307 JAMAICA AVENUE,QUEENS,FIELD OFFICE-PUBLIC,"OFFICES, TRAINING, AND TESTING",ADMINISTRATION OF GOVERNMENT,NYC Commission on Human Rights,Public,NYC Commission on Human Rights,True,Not verified,Not supplied by FacDB,40.703123,-73.80205,dcp_colp,https://data.cityofnewyork.us/d/ji82-xba5
78714e30a2961155cddf1bf881b4f919,FIELD OFFICE-MANHATTAN FAMILY COURT DIVISION,60 LAFAYETTE STREET,MANHATTAN,OFFICE,"OFFICES, TRAINING, AND TESTING",ADMINISTRATION OF GOVERNMENT,NYC Administration for Childrens Services,Public,NYC Administration for Children's Services,True,Not verified,Not supplied by FacDB,40.716655,-74.002738,dcp_colp,https://data.cityofnewyork.us/d/ji82-xba5
7950bf7ef7dc61e0ae8601e26e6430e5,OFFICE BUILDING,126-06 QUEENS BOULEVARD,QUEENS,OFFICE,"OFFICES, TRAINING, AND TESTING",ADMINISTRATION OF GOVERNMENT,NYC District Attorney - Queens,Public,NYC District Attorney - Queens,True,Not verified,Not supplied by FacDB,40.711528,-73.825912,dcp_colp,https://data.cityofnewyork.us/d/ji82-xba5
79f9a38db7a260e14357dd7cfef1e30b,TRAFFIC DIVISION ENFORCEMENT,3202 LINDEN PLACE,QUEENS,AGENCY OFFICE,"OFFICES, TRAINING, AND TESTING",ADMINISTRATION OF GOVERNMENT,NYC Police Department,Public,NYC Police Department,True,Not verified,Not supplied by FacDB,40.767277,-73.83221,dcp_colp,https://data.cityofnewyork.us/d/ji82-xba5
7ac33cf5b935eb173e1b2ceca00c5d04,LEHMAN VILLAGE,80 EAST 110 STREET,MANHATTAN,NYCHA COMMUNITY CENTER - NEIGHBORHOOD OFFICES,"OFFICES, TRAINING, AND TESTING",ADMINISTRATION OF GOVERNMENT,NYC Housing Authority,Public,NYC Housing Authority,True,Not verified,Not supplied by FacDB,40.7953471992,-73.9467208399,nycha_communitycenters,https://data.cityofnewyork.us/d/ji82-xba5
7ae71b24c69e4335020e4d0239bd9685,QUEENS CIVIL COURT,89-19 SUTPHIN BOULEVARD,QUEENS,AGENCY OFFICE,"OFFICES, TRAINING, AND TESTING",ADMINISTRATION OF GOVERNMENT,NYC Law Department,Public,NYC Law Department,True,Not verified,Not supplied by FacDB,40.70349,-73.808004,dcp_colp,https://data.cityofnewyork.us/d/ji82-xba5
7b420b0d14d41eb057dac612d746d916,OFFICES,11209 QUEENS BOULEVARD,QUEENS,OFFICE,"OFFICES, TRAINING, AND TESTING",ADMINISTRATION OF GOVERNMENT,NYC Police Department,Public,NYC Police Department,True,Not verified,Not supplied by FacDB,40.715256,-73.830624,dcp_colp,https://data.cityofnewyork.us/d/ji82-xba5
7b5f8888defd587d0fac960a2b6151f4,OCA OFFICES,35-41 MADISON AVENUE,MANHATTAN,AGENCY OFFICE,"OFFICES, TRAINING, AND TESTING",ADMINISTRATION OF GOVERNMENT,NYC Office of Court Administration,Public,NYC Office of Court Administration,True,Not verified,Not supplied by FacDB,40.742383,-73.986269,dcp_colp,https://data.cityofnewyork.us/d/ji82-xba5
7c23e4b3c2682adb7ace6f183a431797,OFFICES,100 EAST 175 STREET,BRONX,OFFICE,"OFFICES, TRAINING, AND TESTING",ADMINISTRATION OF GOVERNMENT,NYC Administration for Childrens Services,Public,NYC Administration for Children's Services,True,Not verified,Not supplied by FacDB,40.84647,-73.910399,dcp_colp,https://data.cityofnewyork.us/d/ji82-xba5
7c33e08148a05155459103292517b97b,BROOKLYN ARMY TERMINAL,6224 2 AVENUE,BROOKLYN,AGENCY OFFICE,"OFFICES, TRAINING, AND TESTING",ADMINISTRATION OF GOVERNMENT,NYS Unified Court System,Public,NYS Unified Court System,True,Not verified,Not supplied by FacDB,40.645199,-74.027196,dcp_colp,https://data.cityofnewyork.us/d/ji82-xba5
7d26088d5da135d281214f2e67934f24,BUSH TERMINAL,148-19 39 STREET,BROOKLYN,AGENCY EXECUTIVE OFFICE,"OFFICES, TRAINING, AND TESTING",ADMINISTRATION OF GOVERNMENT,NYC Department of Probation,Public,NYC Department of Probation,True,Not verified,Not supplied by FacDB,40.655177,-74.011893,dcp_colp,https://data.cityofnewyork.us/d/ji82-xba5
7dd03e385b27c56b999628f4c7dcbcd1,OFFICES,UNIVERSITY AVENUE,BRONX,AGENCY OFFICE,"OFFICES, TRAINING, AND TESTING",ADMINISTRATION OF GOVERNMENT,NYC 2 Community Board 5,Public,NYC Bronx Community Board 5,True,Not verified,Not supplied by FacDB,40.856415,-73.910556,dcp_colp,https://data.cityofnewyork.us/d/ji82-xba5
7e113baacd9a6a3562e3371a7415227e,EAST NEW YORK COMMUNITY CENTER,127 PENNSYLVANIA AVENUE,BROOKLYN,AGENCY OFFICE,"OFFICES, TRAINING, AND TESTING",ADMINISTRATION OF GOVERNMENT,NYC 3 Community Board 5,Public,NYC Brooklyn Community Board 5,True,Not verified,Not supplied by FacDB,40.674679,-73.89612,dcp_colp,https://data.cityofnewyork.us/d/ji82-xba5
7e41594afed2b5b0ce2746685fe73463,COURT SQUARE BLDG,2 LAFAYETTE STREET,MANHATTAN,OFFICE,"OFFICES, TRAINING, AND TESTING",ADMINISTRATION OF GOVERNMENT,NYC Department of Youth and Community Development,Public,NYC Department of Youth and Community Development,True,Not verified,Not supplied by FacDB,40.714022,-74.003903,dcp_colp,https://data.cityofnewyork.us/d/ji82-xba5
7ea4b9454813546a72b6e27abdbad9d1,OFFICES,90-28 161 STREET,QUEENS,AGENCY OFFICE,"OFFICES, TRAINING, AND TESTING",ADMINISTRATION OF GOVERNMENT,NYC 4 Community Board 12,Public,NYC Queens Community Board 12,True,Not verified,Not supplied by FacDB,40.704531,-73.79911,dcp_colp,https://data.cityofnewyork.us/d/ji82-xba5
7f45f5670553ccf8e1b5ec22dd1f2bdd,QUEENS CIVIL COURT,89-19 SUTPHIN BOULEVARD,QUEENS,AGENCY OFFICE,"OFFICES, TRAINING, AND TESTING",ADMINISTRATION OF GOVERNMENT,Non-public,Non-public,Non-public,True,Not verified,Not supplied by FacDB,40.70349,-73.808004,dcp_colp,https://data.cityofnewyork.us/d/ji82-xba5
7f775fe9a1fdd6b10ea6a889de377cc8,MARK A. COSTANTINO JUDICIAL CT,130 STUYVESANT PLACE,STATEN ISLAND,OFFICE,"OFFICES, TRAINING, AND TESTING",ADMINISTRATION OF GOVERNMENT,NYC Public Administrators Office - Staten Island,Public,NYC Public Administrators Office - Staten Island,True,Not verified,Not supplied by FacDB,40.64277,-74.077256,dcp_colp,https://data.cityofnewyork.us/d/ji82-xba5
7f7df50052ae531804044ba183102c5a,OFFICES,808 EAST 16 STREET,BROOKLYN,AGENCY OFFICE,"OFFICES, TRAINING, AND TESTING",ADMINISTRATION OF GOVERNMENT,NYC 3 Community Board 14,Public,NYC Brooklyn Community Board 14,True,Not verified,Not supplied by FacDB,40.629787,-73.961538,dcp_colp,https://data.cityofnewyork.us/d/ji82-xba5
7fbe9195cbfb2ed9efff657b331b3c1b,FLOYD BENNETT FIELD,5031 FLATBUSH AVENUE,BROOKLYN,TRAINING FACILITY,"OFFICES, TRAINING, AND TESTING",ADMINISTRATION OF GOVERNMENT,NYC Department of Sanitation,Public,NYC Department of Sanitation,True,Not verified,Not supplied by FacDB,40.595332,-73.889697,dcp_colp,https://data.cityofnewyork.us/d/ji82-xba5
8158aba0638623f6796ff0581ed1e593,COMMERCIAL CONDOMINIUM UNIT #1,253 BROADWAY,MANHATTAN,OFFICE,"OFFICES, TRAINING, AND TESTING",ADMINISTRATION OF GOVERNMENT,NYC Center for Economic Opportunity,Public,NYC Center for Economic Opportunity,True,Not verified,Not supplied by FacDB,40.713432,-74.007409,dcp_colp,https://data.cityofnewyork.us/d/ji82-xba5
818f53028d8eaacc26c53c7d7db1578b,BRONX SUPREME COUNTY COURTHOUSE,851 GRAND CONCOURSE,BRONX,AGENCY OFFICE,"OFFICES, TRAINING, AND TESTING",ADMINISTRATION OF GOVERNMENT,NYC District Attorney - Bronx,Public,NYC District Attorney - Bronx,True,Not verified,Not supplied by FacDB,40.82629,-73.923799,dcp_colp,https://data.cityofnewyork.us/d/ji82-xba5
81e72b3fee4681d30ba6ecddc17e61f9,OFFICE BLDG,100 GOLD STREET,MANHATTAN,OFFICE,"OFFICES, TRAINING, AND TESTING",ADMINISTRATION OF GOVERNMENT,Non-public,Non-public,Non-public,True,Not verified,Not supplied by FacDB,40.710103,-74.003243,dcp_colp,https://data.cityofnewyork.us/d/ji82-xba5
8204bfaf58c2c162936f5d229b2ef52f,SPECIAL INVESTIGATIVE UNITS,131-43 FLATBUSH AVENUE EXTENSION,BROOKLYN,FIELD OFFICE,"OFFICES, TRAINING, AND TESTING",ADMINISTRATION OF GOVERNMENT,NYC Police Department,Public,NYC Police Department,True,Not verified,Not supplied by FacDB,40.695354,-73.983646,dcp_colp,https://data.cityofnewyork.us/d/ji82-xba5
823660d285c46ee3dcea99eb026c9394,MARK A. COSTANTINO JUDICIAL CT,130 STUYVESANT PLACE,STATEN ISLAND,OFFICE,"OFFICES, TRAINING, AND TESTING",ADMINISTRATION OF GOVERNMENT,NYC Office of Court Administration,Public,NYC Office of Court Administration,True,Not verified,Not supplied by FacDB,40.64277,-74.077256,dcp_colp,https://data.cityofnewyork.us/d/ji82-xba5
82a84433a64c49ba9656a4aa39c91d86,COMM BD 11,990-994 MORRIS PARK AVENUE,BRONX,AGENCY OFFICE,"OFFICES, TRAINING, AND TESTING",ADMINISTRATION OF GOVERNMENT,NYC 2 Community Board 11,Public,NYC Bronx Community Board 11,True,Not verified,Not supplied by FacDB,40.847785,-73.856271,dcp_colp,https://data.cityofnewyork.us/d/ji82-xba5
82ff4d489de3325e0ee2458036d04449,BROWNSVILLE MULTI-SERV CENTER,444 THOMAS BOYLAND STREET,BROOKLYN,OFFICE,"OFFICES, TRAINING, AND TESTING",ADMINISTRATION OF GOVERNMENT,NYC 3 Community Board 16,Public,NYC Brooklyn Community Board 16,True,Not verified,Not supplied by FacDB,40.669849,-73.91422,dcp_colp,https://data.cityofnewyork.us/d/ji82-xba5
8463d217651f577a0be576935cd329af,CORRECTION HEADQUARTERS,7520 ASTORIA BLVD SOUTH,QUEENS,AGENCY EXECUTIVE OFFICE,"OFFICES, TRAINING, AND TESTING",ADMINISTRATION OF GOVERNMENT,NYC Department of Correction,Public,NYC Department of Correction,True,Not verified,Not supplied by FacDB,40.764136,-73.893244,dcp_colp,https://data.cityofnewyork.us/d/ji82-xba5
84b76cbc721ace4739b9469dccfd32ae,OFFICES,32 BROADWAY,MANHATTAN,AGENCY EXECUTIVE OFFICE,"OFFICES, TRAINING, AND TESTING",ADMINISTRATION OF GOVERNMENT,NYC Department of Consumer Affairs,Public,NYC Department of Consumer Affairs,True,Not verified,Not supplied by FacDB,40.705796,-74.012746,dcp_colp,https://data.cityofnewyork.us/d/ji82-xba5
84e724cb07c5f489962eaa98eb656ac5,DAVID N. DINKINS MANHATTAN MUNICIPAL BUILDING,1 CENTRE STREET,MANHATTAN,OFFICE,"OFFICES, TRAINING, AND TESTING",ADMINISTRATION OF GOVERNMENT,NYC Department of Citywide Administrative Services,Public,NYC Department of Citywide Administrative Services,True,Not verified,Not supplied by FacDB,40.712974,-74.003676,dcp_colp,https://data.cityofnewyork.us/d/ji82-xba5
858cdd47d89719b9ce4f765130ea3244,FIELD OFFICE-MANHATTAN FAMILY COURT DIVISION,60 LAFAYETTE STREET,MANHATTAN,OFFICE,"OFFICES, TRAINING, AND TESTING",ADMINISTRATION OF GOVERNMENT,NYC Law Department,Public,NYC Law Department,True,Not verified,Not supplied by FacDB,40.716655,-74.002738,dcp_colp,https://data.cityofnewyork.us/d/ji82-xba5
85ba756b8fad67ca5a5f8a47d6e8d697,FIELD OFFICE-MANHATTAN FAMILY COURT DIVISION,60 LAFAYETTE STREET,MANHATTAN,OFFICE,"OFFICES, TRAINING, AND TESTING",ADMINISTRATION OF GOVERNMENT,NYC Health and Hospitals Corporation,Public,NYC Health and Hospitals Corporation,True,Not verified,Not supplied by FacDB,40.716655,-74.002738,dcp_colp,https://data.cityofnewyork.us/d/ji82-xba5
85e1123ac7613a76d437f09ed8c4477c,1 LIBERTY PLAZA,165 BROADWAY,MANHATTAN,AGENCY EXECUTIVE OFFICE,"OFFICES, TRAINING, AND TESTING",ADMINISTRATION OF GOVERNMENT,NYC Department of Small Business Services,Public,NYC Department of Small Business Services,True,Not verified,Not supplied by FacDB,40.709754,-74.010843,dcp_colp,https://data.cityofnewyork.us/d/ji82-xba5
85e8680bee97bbded0e5f88ff0700238,LOUIS J. LEFKOWITZ BUILDING,80 CENTRE STREET,MANHATTAN,AGENCY OFFICE,"OFFICES, TRAINING, AND TESTING",ADMINISTRATION OF GOVERNMENT,NYC Office of Court Administration,Public,NYC Office of Court Administration,True,Not verified,Not supplied by FacDB,40.715096,-74.001187,dcp_colp,https://data.cityofnewyork.us/d/ji82-xba5
85ee49772539721daa4fa424109dd53c,OFFICE BLDG,66 JOHN STREET,MANHATTAN,AGENCY OFFICE,"OFFICES, TRAINING, AND TESTING",ADMINISTRATION OF GOVERNMENT,NYC Department of Transportation,Public,NYC Department of Transportation,True,Not verified,Not supplied by FacDB,40.708659,-74.007982,dcp_colp,https://data.cityofnewyork.us/d/ji82-xba5
86189c36403dbe31ae85b36131c5038d,KINGS COUNTY CRIMINAL COURT,120 SCHERMERHORN STREET,BROOKLYN,AGENCY EXECUTIVE OFFICE,"OFFICES, TRAINING, AND TESTING",ADMINISTRATION OF GOVERNMENT,NYC Police Department,Public,NYC Police Department,True,Not verified,Not supplied by FacDB,40.689692,-73.988948,dcp_colp,https://data.cityofnewyork.us/d/ji82-xba5
8628cdbb91fc70433466aa4c0e7bdc09,CHIEF MEDICAL EXAMINER,520 1 AVENUE,MANHATTAN,AGENCY EXECUTIVE OFFICE,"OFFICES, TRAINING, AND TESTING",ADMINISTRATION OF GOVERNMENT,NYC Office of the Medical Examiner,Public,NYC Office of the Medical Examiner,True,Not verified,Not supplied by FacDB,40.74127,-73.974772,dcp_colp,https://data.cityofnewyork.us/d/ji82-xba5
866ff43ce9185ab9fb29c2c60ad55935,GOTHAM CENTER-DOHMH HQ,2 GOTHAM CENTER,QUEENS,OFFICE,"OFFICES, TRAINING, AND TESTING",ADMINISTRATION OF GOVERNMENT,NYC Department of Health and Mental Hygiene,Public,NYC Department of Health and Mental Hygiene,True,Not verified,Not supplied by FacDB,40.74895,-73.938606,dcp_colp,https://data.cityofnewyork.us/d/ji82-xba5
8790911296715baaac89addc78c760fa,OFFICE BLDG,66 JOHN STREET,MANHATTAN,BOROUGH OFFICE,"OFFICES, TRAINING, AND TESTING",ADMINISTRATION OF GOVERNMENT,NYC Department of Finance,Public,NYC Department of Finance,True,Not verified,Not supplied by FacDB,40.708659,-74.007982,dcp_colp,https://data.cityofnewyork.us/d/ji82-xba5
87d3ae2db6bdba96d757de94edf3cfdf,DDC HEADQUARTERS,3030 THOMSON AVENUE,QUEENS,AGENCY EXECUTIVE OFFICE,"OFFICES, TRAINING, AND TESTING",ADMINISTRATION OF GOVERNMENT,NYC Department of Design and Construction,Public,NYC Department of Design and Construction,True,Not verified,Not supplied by FacDB,40.744071,-73.936077,dcp_colp,https://data.cityofnewyork.us/d/ji82-xba5
8803ff9074efba51d09ac9c5fdfc5fc7,OFFICE BLDG,66 JOHN STREET,MANHATTAN,AGENCY OFFICE,"OFFICES, TRAINING, AND TESTING",ADMINISTRATION OF GOVERNMENT,NYC Unknown,Public,NYC-Unknown,True,Not verified,Not supplied by FacDB,40.708659,-74.007982,dcp_colp,https://data.cityofnewyork.us/d/ji82-xba5
88218d9bc036927e1a3a4505873b8f59,60 BROAD ST/33 BEAVER ST,60 BROAD STREET,MANHATTAN,AGENCY OFFICE,"OFFICES, TRAINING, AND TESTING",ADMINISTRATION OF GOVERNMENT,NYC Taxi and Limousine Commission,Public,NYC Taxi and Limousine Commission,True,Not verified,Not supplied by FacDB,40.705313,-74.012,dcp_colp,https://data.cityofnewyork.us/d/ji82-xba5
88b337981b85332a3d2a9d128ce0cbc2,OFFICE BLDG,66 JOHN STREET,MANHATTAN,FIELD OFFICE-PUBLIC,"OFFICES, TRAINING, AND TESTING",ADMINISTRATION OF GOVERNMENT,NYC Office of Administrative Trials and Hearings,Public,NYC Office of Administrative Trials and Hearings,True,Not verified,Not supplied by FacDB,40.708659,-74.007982,dcp_colp,https://data.cityofnewyork.us/d/ji82-xba5
88cf2aaf52157c8d210e80adbbaf5987,MARK A. COSTANTINO JUDICIAL CT,130 STUYVESANT PLACE,STATEN ISLAND,OFFICE,"OFFICES, TRAINING, AND TESTING",ADMINISTRATION OF GOVERNMENT,Non-public,Non-public,Non-public,True,Not verified,Not supplied by FacDB,40.64277,-74.077256,dcp_colp,https://data.cityofnewyork.us/d/ji82-xba5
88dddd53cf0fb122c32d4972b553f911,MELROSE/KINGSBRIDGE JOB CNTR,260 EAST 161 STREET,BRONX,AGENCY EXECUTIVE OFFICE,"OFFICES, TRAINING, AND TESTING",ADMINISTRATION OF GOVERNMENT,NYC Administration for Childrens Services,Public,NYC Administration for Children's Services,True,Not verified,Not supplied by FacDB,40.825452,-73.919078,dcp_colp,https://data.cityofnewyork.us/d/ji82-xba5
899a4bb48daa1b94252612efe21a8f55,CONCOURSE PLAZA,200 EAST 161 STREET,BRONX,OFFICE,"OFFICES, TRAINING, AND TESTING",ADMINISTRATION OF GOVERNMENT,NYC Administration for Childrens Services,Public,NYC Administration for Children's Services,True,Not verified,Not supplied by FacDB,40.825107,-73.920285,dcp_colp,https://data.cityofnewyork.us/d/ji82-xba5
89eda046773f34bcfff8b36c6cb84595,DERTA,865 KENT AVENUE,BROOKLYN,FIELD OFFICE,"OFFICES, TRAINING, AND TESTING",ADMINISTRATION OF GOVERNMENT,NYC Department of Environmental Protection,Public,NYC Department of Environmental Protection,True,Not verified,Not supplied by FacDB,40.694494,-73.958944,dcp_colp,https://data.cityofnewyork.us/d/ji82-xba5
8ac75a25946b793d6fc914449bdc3207,OFFICES,30-50 WHITESTONE EXPRESSWAY,QUEENS,AGENCY OFFICE,"OFFICES, TRAINING, AND TESTING",ADMINISTRATION OF GOVERNMENT,NYC 4 Community Board 7,Public,NYC Queens Community Board 7,True,Not verified,Not supplied by FacDB,40.770841,-73.836775,dcp_colp,https://data.cityofnewyork.us/d/ji82-xba5
8ae7b8bab98f18ca98850989c7b7ba01,OFFICES,11209 QUEENS BOULEVARD,QUEENS,OFFICE,"OFFICES, TRAINING, AND TESTING",ADMINISTRATION OF GOVERNMENT,NYC Department of Citywide Administrative Services,Public,NYC Department of Citywide Administrative Services,True,Not verified,Not supplied by FacDB,40.715256,-73.830624,dcp_colp,https://data.cityofnewyork.us/d/ji82-xba5
8af3f2a37d1b233fd7a0fbc7053ea093,BEDFORD DCC/FIELD OFFICE,1274-80 BEDFORD AVENUE,BROOKLYN,FIELD OFFICE-PUBLIC,"OFFICES, TRAINING, AND TESTING",ADMINISTRATION OF GOVERNMENT,NYC Administration for Childrens Services,Public,NYC Administration for Children's Services,True,Not verified,Not supplied by FacDB,40.679926,-73.953689,dcp_colp,https://data.cityofnewyork.us/d/ji82-xba5
8b945b792f9ff0ff565c9f0457fa1562,OFFICE BLDG,16 COURT STREET,BROOKLYN,AGENCY EXECUTIVE OFFICE,"OFFICES, TRAINING, AND TESTING",ADMINISTRATION OF GOVERNMENT,NYC Department of City Planning,Public,NYC Department of City Planning,True,Not verified,Not supplied by FacDB,40.693609,-73.990862,dcp_colp,https://data.cityofnewyork.us/d/ji82-xba5
8c2874eddb4ad1d8df07db15b3ce025b,STATEN ISLAND BUSINESS CENTER,350 ST MARKS PLACE,STATEN ISLAND,OFFICE,"OFFICES, TRAINING, AND TESTING",ADMINISTRATION OF GOVERNMENT,NYC Administration for Childrens Services,Public,NYC Administration for Children's Services,True,Not verified,Not supplied by FacDB,40.641276,-74.078249,dcp_colp,https://data.cityofnewyork.us/d/ji82-xba5
8c2c210ccb979bdae5def72a9c170118,OFFICES,255 GREENWICH STREET,MANHATTAN,AGENCY EXECUTIVE OFFICE,"OFFICES, TRAINING, AND TESTING",ADMINISTRATION OF GOVERNMENT,NYC Office of Management and Budget,Public,NYC Office of Management and Budget,True,Not verified,Not supplied by FacDB,40.71437,-74.010872,dcp_colp,https://data.cityofnewyork.us/d/ji82-xba5
8cc743ad7c65628d5ff3782eef94437b,FLUSHING MEADOW CORONA PARK,GRAND CENTRAL PARKWAY,QUEENS,FIELD OFFICE,"OFFICES, TRAINING, AND TESTING",ADMINISTRATION OF GOVERNMENT,NYC Department of Transportation,Public,NYC Department of Transportation,True,Not verified,Not supplied by FacDB,40.718046,-73.827662,dcp_colp,https://data.cityofnewyork.us/d/ji82-xba5
8ccb22ca3e7cc4fbd4102d6aae01fe1e,BUILDING SERVICES/STATIONERY,58-52 GRAND AVENUE,QUEENS,OFFICE,"OFFICES, TRAINING, AND TESTING",ADMINISTRATION OF GOVERNMENT,NYC Department of Environmental Protection,Public,NYC Department of Environmental Protection,True,Not verified,Not supplied by FacDB,40.719436,-73.909935,dcp_colp,https://data.cityofnewyork.us/d/ji82-xba5
8ce393dc1bc55615b84db6f626d06d86,OFFICES,123-33 WILLIAM STREET,MANHATTAN,AGENCY EXECUTIVE OFFICE,"OFFICES, TRAINING, AND TESTING",ADMINISTRATION OF GOVERNMENT,NYC Human Resources Administration/Department of Social Services,Public,NYC Human Resources Administration,True,Not verified,Not supplied by FacDB,40.709323,-74.007142,dcp_colp,https://data.cityofnewyork.us/d/ji82-xba5
8deae5806951f454290a144a0ddd7462,STATEN ISLAND BUSINESS CENTER,350 ST MARKS PLACE,STATEN ISLAND,AGENCY EXECUTIVE OFFICE,"OFFICES, TRAINING, AND TESTING",ADMINISTRATION OF GOVERNMENT,NYC Administration for Childrens Services,Public,NYC Administration for Children's Services,True,Not verified,Not supplied by FacDB,40.641276,-74.078249,dcp_colp,https://data.cityofnewyork.us/d/ji82-xba5
8f08288b7ab64f32c11a4002f9d608da,LOUIS J. LEFKOWITZ BUILDING,80 CENTRE STREET,MANHATTAN,AGENCY OFFICE,"OFFICES, TRAINING, AND TESTING",ADMINISTRATION OF GOVERNMENT,NYC District Attorney - Office Special Narcotics,Public,NYC District Attorney - Office Special Narcotics,True,Not verified,Not supplied by FacDB,40.715096,-74.001187,dcp_colp,https://data.cityofnewyork.us/d/ji82-xba5
8f492fcee3588cc280ea304eb48ff349,VETERANS JOB CENTER,25 CHAPEL STREET,BROOKLYN,AGENCY OFFICE,"OFFICES, TRAINING, AND TESTING",ADMINISTRATION OF GOVERNMENT,NYC Police Department,Public,NYC Police Department,True,Not verified,Not supplied by FacDB,40.697443,-73.98608,dcp_colp,https://data.cityofnewyork.us/d/ji82-xba5
8f75c4086f5c59f8438e647948c8afb5,SURROGATE COURT,31 CHAMBERS STREET,MANHATTAN,OFFICE,"OFFICES, TRAINING, AND TESTING",ADMINISTRATION OF GOVERNMENT,NYC Office of Court Administration,Public,NYC Office of Court Administration,True,Not verified,Not supplied by FacDB,40.713594,-74.004242,dcp_colp,https://data.cityofnewyork.us/d/ji82-xba5
9114764c8ab3f425298398e6c0ec399e,OFFICES,22 READE STREET,MANHATTAN,OFFICE,"OFFICES, TRAINING, AND TESTING",ADMINISTRATION OF GOVERNMENT,NYC Office of the Mayor,Public,NYC Office of the Mayor,True,Not verified,Not supplied by FacDB,40.714393,-74.004783,dcp_colp,https://data.cityofnewyork.us/d/ji82-xba5
91adc6bb29f8f2c9a46c07ddb9fb3ba0,METRO TECHOLOGY CENTER URA,363 JAY STREET,BROOKLYN,AGENCY EXECUTIVE OFFICE,"OFFICES, TRAINING, AND TESTING",ADMINISTRATION OF GOVERNMENT,NYC Office of Court Administration,Public,NYC Office of Court Administration,True,Not verified,Not supplied by FacDB,40.693222,-73.986719,dcp_colp,https://data.cityofnewyork.us/d/ji82-xba5
91bf184560d563220ae36a7c803e4463,BRONX CRIMINAL/FAMILY COURT,900 SHERIDAN AVENUE,BRONX,AGENCY OFFICE,"OFFICES, TRAINING, AND TESTING",ADMINISTRATION OF GOVERNMENT,NYC District Attorney - Bronx,Public,NYC District Attorney - Bronx,True,Not verified,Not supplied by FacDB,40.826902,-73.92029,dcp_colp,https://data.cityofnewyork.us/d/ji82-xba5
929270c6020f1898e3a27efff61abc72,FIELD OFFICE-S.I.TORT.DIVN,60 BAY STREET,STATEN ISLAND,AGENCY OFFICE,"OFFICES, TRAINING, AND TESTING",ADMINISTRATION OF GOVERNMENT,NYC Department of Environmental Protection,Public,NYC Department of Environmental Protection,True,Not verified,Not supplied by FacDB,40.640487,-74.076237,dcp_colp,https://data.cityofnewyork.us/d/ji82-xba5
92a191bf76fcdbda26886096c3de34c9,TWO METROTECH CENTER URA,7 LAWRENCE STREET,BROOKLYN,AGENCY EXECUTIVE OFFICE,"OFFICES, TRAINING, AND TESTING",ADMINISTRATION OF GOVERNMENT,NYC Department of Information Technology and Telecommunications,Public,NYC Department of Information Technology and Telecommunications,True,Not verified,Not supplied by FacDB,40.693288,-73.985727,dcp_colp,https://data.cityofnewyork.us/d/ji82-xba5
92dd160242a10fb7e761494b11495447,OFFICES,424-38 WEST 33 STREET,MANHATTAN,OFFICE,"OFFICES, TRAINING, AND TESTING",ADMINISTRATION OF GOVERNMENT,NYC 1 Community Board 4,Public,NYC Manhattan Community Board 4,True,Not verified,Not supplied by FacDB,40.753045,-73.998141,dcp_colp,https://data.cityofnewyork.us/d/ji82-xba5
94ce458bdab7bf901be70d517914f288,FORMER J.KURTZ  AND SONS STORE BUILDING,16224 JAMAICA AVENUE,QUEENS,AGENCY OFFICE,"OFFICES, TRAINING, AND TESTING",ADMINISTRATION OF GOVERNMENT,NYC Department of Probation,Public,NYC Department of Probation,True,Not verified,Not supplied by FacDB,40.70427,-73.797027,dcp_colp,https://data.cityofnewyork.us/d/ji82-xba5
94d65e997b79408ce97578a10ecc9675,BRONX CRIMINAL/FAMILY COURT,900 SHERIDAN AVENUE,BRONX,OFFICE,"OFFICES, TRAINING, AND TESTING",ADMINISTRATION OF GOVERNMENT,Non-public,Non-public,Non-public,True,Not verified,Not supplied by FacDB,40.826902,-73.92029,dcp_colp,https://data.cityofnewyork.us/d/ji82-xba5
958cbcc1092c304e5640a5a83729cb66,OFFICE BLDG,16 COURT STREET,BROOKLYN,OFFICE,"OFFICES, TRAINING, AND TESTING",ADMINISTRATION OF GOVERNMENT,NYC Department of Health and Mental Hygiene,Public,NYC Department of Health and Mental Hygiene,True,Not verified,Not supplied by FacDB,40.693609,-73.990862,dcp_colp,https://data.cityofnewyork.us/d/ji82-xba5
95e10af9893bedee2b1aed1db411fbba,OFFICES,57-61 BROADWAY,MANHATTAN,OFFICE,"OFFICES, TRAINING, AND TESTING",ADMINISTRATION OF GOVERNMENT,NYC Administration for Childrens Services,Public,NYC Administration for Children's Services,True,Not verified,Not supplied by FacDB,40.707105,-74.012837,dcp_colp,https://data.cityofnewyork.us/d/ji82-xba5
95e694b309e533aa5177ca2d61a188eb,QUEENS EMPLOYMENT ELIGIBILITY CENTER,33-28 NORTHERN BOULEVARD,QUEENS,FIELD OFFICE-PUBLIC,"OFFICES, TRAINING, AND TESTING",ADMINISTRATION OF GOVERNMENT,NYC Human Resources Administration/Department of Social Services,Public,NYC Human Resources Administration,True,Not verified,Not supplied by FacDB,40.751739,-73.929908,dcp_colp,https://data.cityofnewyork.us/d/ji82-xba5
960d2aa6948599dcb0d2b390484c439a,DOT HEADQUARTERS,43 OLD SLIP,MANHATTAN,OFFICE,"OFFICES, TRAINING, AND TESTING",ADMINISTRATION OF GOVERNMENT,NYC Department of Transportation,Public,NYC Department of Transportation,True,Not verified,Not supplied by FacDB,40.703183,-74.009154,dcp_colp,https://data.cityofnewyork.us/d/ji82-xba5
9642924a52ba6503b792fba687b6ce7b,ACS FIELD OFFICE,161-01 JAMAICA AVENUE,QUEENS,FIELD OFFICE-PUBLIC,"OFFICES, TRAINING, AND TESTING",ADMINISTRATION OF GOVERNMENT,NYC Administration for Childrens Services,Public,NYC Administration for Children's Services,True,Not verified,Not supplied by FacDB,40.704525,-73.798512,dcp_colp,https://data.cityofnewyork.us/d/ji82-xba5
9674b9108133e7ed4fc5c77718c72a6c,DOI HEADQUARTERS,80 MAIDEN LANE,MANHATTAN,BOROUGH OFFICE,"OFFICES, TRAINING, AND TESTING",ADMINISTRATION OF GOVERNMENT,NYC Department of Citywide Administrative Services,Public,NYC Department of Citywide Administrative Services,True,Not verified,Not supplied by FacDB,40.707086,-74.007802,dcp_colp,https://data.cityofnewyork.us/d/ji82-xba5
971a3732a8d25e3522bb20d7c14f1aa0,COLLINS DAYCARE + LEWIS SENIOR,2322 THIRD AVENUE,MANHATTAN,FIELD OFFICE-PUBLIC,"OFFICES, TRAINING, AND TESTING",ADMINISTRATION OF GOVERNMENT,NYC Human Resources Administration/Department of Social Services,Public,NYC Human Resources Administration,True,Not verified,Not supplied by FacDB,40.80488,-73.935549,dcp_colp,https://data.cityofnewyork.us/d/ji82-xba5
97488915fec4c5a8dc43c8bf33338ca6,OFFICES,2148 BARTOW AVENUE,BRONX,OFFICE,"OFFICES, TRAINING, AND TESTING",ADMINISTRATION OF GOVERNMENT,NYC Administration for Childrens Services,Public,NYC Administration for Children's Services,True,Not verified,Not supplied by FacDB,40.867428,-73.825355,dcp_colp,https://data.cityofnewyork.us/d/ji82-xba5
97f233bf631cc93df4664e75fd44ba33,DAVID N. DINKINS MANHATTAN MUNICIPAL BUILDING,1 CENTRE STREET,MANHATTAN,OFFICE,"OFFICES, TRAINING, AND TESTING",ADMINISTRATION OF GOVERNMENT,NYC Landmarks Preservation Commission,Public,NYC Landmarks Preservation Commission,True,Not verified,Not supplied by FacDB,40.712974,-74.003676,dcp_colp,https://data.cityofnewyork.us/d/ji82-xba5
988bca9d152f67488d65575c18f18a5b,OFFICES,123-33 WILLIAM STREET,MANHATTAN,OFFICE,"OFFICES, TRAINING, AND TESTING",ADMINISTRATION OF GOVERNMENT,NYC Department of Youth and Community Development,Public,NYC Department of Youth and Community Development,True,Not verified,Not supplied by FacDB,40.709323,-74.007142,dcp_colp,https://data.cityofnewyork.us/d/ji82-xba5
99fac0e1123c075c0f7f14e04afa13d3,COMM BD 2,4322 50 STREET,QUEENS,AGENCY OFFICE,"OFFICES, TRAINING, AND TESTING",ADMINISTRATION OF GOVERNMENT,NYC 4 Community Board 2,Public,NYC Queens Community Board 2,True,Not verified,Not supplied by FacDB,40.743796,-73.915059,dcp_colp,https://data.cityofnewyork.us/d/ji82-xba5
9a43ddeebc0a381dc9a84169847fd612,DIST OFFICE 13 (OLD PS 9 ANNEX,355 PARK PLACE,BROOKLYN,AGENCY OFFICE,"OFFICES, TRAINING, AND TESTING",ADMINISTRATION OF GOVERNMENT,NYC Department of Education,Public,NYC Department of Education,True,Not verified,Not supplied by FacDB,40.676312,-73.965848,dcp_colp,https://data.cityofnewyork.us/d/ji82-xba5
9a928973e183a2e1901337dc2cc543aa,QUEENS BOROUGH HALL,120-55 QUEENS BOULEVARD,QUEENS,OFFICE,"OFFICES, TRAINING, AND TESTING",ADMINISTRATION OF GOVERNMENT,NYC Economic Development Corporation,Public,NYC Economic Development Corporation,True,Not verified,Not supplied by FacDB,40.714006,-73.827997,dcp_colp,https://data.cityofnewyork.us/d/ji82-xba5
9aafa791e5e6d1dde4a980ae5bf9cd20,OFFICES,17 BATTERY PLACE,MANHATTAN,AGENCY OFFICE,"OFFICES, TRAINING, AND TESTING",ADMINISTRATION OF GOVERNMENT,NYC Department of Investigation,Public,NYC Department of Investigation,True,Not verified,Not supplied by FacDB,40.7056,-74.015837,dcp_colp,https://data.cityofnewyork.us/d/ji82-xba5
9ab9b16b118acc37ffbcdc73da6cc8d6,DAVID N. DINKINS MANHATTAN MUNICIPAL BUILDING,1 CENTRE STREET,MANHATTAN,OFFICE,"OFFICES, TRAINING, AND TESTING",ADMINISTRATION OF GOVERNMENT,Non-public,Non-public,Non-public,True,Not verified,Not supplied by FacDB,40.712974,-74.003676,dcp_colp,https://data.cityofnewyork.us/d/ji82-xba5
9b344021fe2108b3cfe3925c01d28bca,CONDO UNIT DESIGNATION OFF2,335 ADAMS STREET,BROOKLYN,AGENCY OFFICE,"OFFICES, TRAINING, AND TESTING",ADMINISTRATION OF GOVERNMENT,NYC Office of Court Administration,Public,NYC Office of Court Administration,True,Not verified,Not supplied by FacDB,40.693812,-73.987992,dcp_colp,https://data.cityofnewyork.us/d/ji82-xba5
9b9cb4f5c2f989f2253c759d23ab7c67,BRONX HALL OF JUSTICE,265 EAST 161 STREET,BRONX,OFFICE,"OFFICES, TRAINING, AND TESTING",ADMINISTRATION OF GOVERNMENT,NYC Department of Correction,Public,NYC Department of Correction,True,Not verified,Not supplied by FacDB,40.826509,-73.919127,dcp_colp,https://data.cityofnewyork.us/d/ji82-xba5
9c05005975bf6fc16a849352ebd6fd2e,QUEENS BOROUGH HALL,120-55 QUEENS BOULEVARD,QUEENS,AGENCY EXECUTIVE OFFICE,"OFFICES, TRAINING, AND TESTING",ADMINISTRATION OF GOVERNMENT,NYC Borough President - Queens,Public,NYC Borough President - Queens,True,Not verified,Not supplied by FacDB,40.714006,-73.827997,dcp_colp,https://data.cityofnewyork.us/d/ji82-xba5
9c1e90c3040345a19d1601bfbcb93dc2,DAVID N. DINKINS MANHATTAN MUNICIPAL BUILDING,1 CENTRE STREET,MANHATTAN,AGENCY EXECUTIVE OFFICE,"OFFICES, TRAINING, AND TESTING",ADMINISTRATION OF GOVERNMENT,NYC Office of the Mayor,Public,NYC Office of the Mayor,True,Not verified,Not supplied by FacDB,40.712974,-74.003676,dcp_colp,https://data.cityofnewyork.us/d/ji82-xba5
9c930478d367febdc746d22cdca3445e,RUTH BADER GINSBURG BROOKLYN MUNICIPAL BUILDING,210 JORALEMON STREET,BROOKLYN,AGENCY OFFICE,"OFFICES, TRAINING, AND TESTING",ADMINISTRATION OF GOVERNMENT,Non-public,Non-public,Non-public,True,Not verified,Not supplied by FacDB,40.692072,-73.990473,dcp_colp,https://data.cityofnewyork.us/d/ji82-xba5
9d5d81b773b160cc49a272d9c18d3f3a,DDC HEADQUARTERS,3030 THOMSON AVENUE,QUEENS,AGENCY OFFICE,"OFFICES, TRAINING, AND TESTING",ADMINISTRATION OF GOVERNMENT,NYC Police Department,Public,NYC Police Department,True,Not verified,Not supplied by FacDB,40.744071,-73.936077,dcp_colp,https://data.cityofnewyork.us/d/ji82-xba5
9d7f108dbf7fff12813f9dd1867a6890,TOWN HALL,4101 WHITE PLAINS ROAD,BRONX,AGENCY EXECUTIVE OFFICE,"OFFICES, TRAINING, AND TESTING",ADMINISTRATION OF GOVERNMENT,NYC District Attorney - Bronx,Public,NYC District Attorney - Bronx,True,Not verified,Not supplied by FacDB,40.890914,-73.859165,dcp_colp,https://data.cityofnewyork.us/d/ji82-xba5
9de6accaa01fe102e9bc4272b07cc5a6,DAVID N. DINKINS MANHATTAN MUNICIPAL BUILDING,1 CENTRE STREET,MANHATTAN,OFFICE,"OFFICES, TRAINING, AND TESTING",ADMINISTRATION OF GOVERNMENT,NYC Department of Buildings,Public,NYC Department of Buildings,True,Not verified,Not supplied by FacDB,40.712974,-74.003676,dcp_colp,https://data.cityofnewyork.us/d/ji82-xba5
9ec494505be158961d984c74b46eae82,SUPREME/SURROGATES/FAMILY CTS,18 RICHMOND TERRACE,STATEN ISLAND,OFFICE,"OFFICES, TRAINING, AND TESTING",ADMINISTRATION OF GOVERNMENT,NYC Human Resources Administration/Department of Social Services,Public,NYC Human Resources Administration,True,Not verified,Not supplied by FacDB,40.642968,-74.076388,dcp_colp,https://data.cityofnewyork.us/d/ji82-xba5
9f0a96f1f0f8b26afec2eae085ee0797,STATEN ISLAND BOROUGH HALL,10 RICHMOND TERRACE,STATEN ISLAND,OFFICE,"OFFICES, TRAINING, AND TESTING",ADMINISTRATION OF GOVERNMENT,NYC Department of Buildings,Public,NYC Department of Buildings,True,Not verified,Not supplied by FacDB,40.6424,-74.075958,dcp_colp,https://data.cityofnewyork.us/d/ji82-xba5
9f3b173d8cb22870fedcf9930a738d27,60 BROAD ST/33 BEAVER ST,60 BROAD STREET,MANHATTAN,AGENCY OFFICE,"OFFICES, TRAINING, AND TESTING",ADMINISTRATION OF GOVERNMENT,NYC Department of Homeless Services,Public,NYC Department of Homeless Services,True,Not verified,Not supplied by FacDB,40.705313,-74.012,dcp_colp,https://data.cityofnewyork.us/d/ji82-xba5
9f64dbd54460a36cbc92fe870a17c808,COURTHOUSE/MEMORIAL GRN/GARAGE,26 CENTRAL AVENUE,STATEN ISLAND,AGENCY OFFICE,"OFFICES, TRAINING, AND TESTING",ADMINISTRATION OF GOVERNMENT,NYC District Attorney - Staten Island,Public,NYC District Attorney - Staten Island,True,Not verified,Not supplied by FacDB,40.640659,-74.077196,dcp_colp,https://data.cityofnewyork.us/d/ji82-xba5
a0f9b1c8eeeed3c03fe11832178b282e,PEST CONTROL,130 NOSTRAND AVENUE,BROOKLYN,AGENCY OFFICE,"OFFICES, TRAINING, AND TESTING",ADMINISTRATION OF GOVERNMENT,NYC Department of Health and Mental Hygiene,Public,NYC Department of Health and Mental Hygiene,True,Not verified,Not supplied by FacDB,40.695716,-73.952935,dcp_colp,https://data.cityofnewyork.us/d/ji82-xba5
a1807b0c8a0b0e6deb02c6a6ce8c1c41,BRONX HALL OF JUSTICE,265 EAST 161 STREET,BRONX,AGENCY OFFICE,"OFFICES, TRAINING, AND TESTING",ADMINISTRATION OF GOVERNMENT,NYC Department of Probation,Public,NYC Department of Probation,True,Not verified,Not supplied by FacDB,40.826509,-73.919127,dcp_colp,https://data.cityofnewyork.us/d/ji82-xba5
a1df29ca4ecbb9a7b719b142ee0648e8,DAVID N. DINKINS MANHATTAN MUNICIPAL BUILDING,1 CENTRE STREET,MANHATTAN,OFFICE,"OFFICES, TRAINING, AND TESTING",ADMINISTRATION OF GOVERNMENT,NYC Office of Public Advocate,Public,NYC Office of Public Advocate,True,Not verified,Not supplied by FacDB,40.712974,-74.003676,dcp_colp,https://data.cityofnewyork.us/d/ji82-xba5
a21fca1084eab52883a3503d15747ebc,OFFICES,215 WEST 125 STREET,MANHATTAN,AGENCY OFFICE,"OFFICES, TRAINING, AND TESTING",ADMINISTRATION OF GOVERNMENT,NYC 1 Community Board 10,Public,NYC Manhattan Community Board 10,True,Not verified,Not supplied by FacDB,40.809693,-73.948939,dcp_colp,https://data.cityofnewyork.us/d/ji82-xba5
a299aaedaf5c2e977f068265e924f3e7,RUTH BADER GINSBURG BROOKLYN MUNICIPAL BUILDING,210 JORALEMON STREET,BROOKLYN,AGENCY OFFICE,"OFFICES, TRAINING, AND TESTING",ADMINISTRATION OF GOVERNMENT,NYC Department of Citywide Administrative Services,Public,NYC Department of Citywide Administrative Services,True,Not verified,Not supplied by FacDB,40.692072,-73.990473,dcp_colp,https://data.cityofnewyork.us/d/ji82-xba5
a32983e299507444129e39c8dd3859c6,NYPD OFFICES,4201 4 AVENUE,BROOKLYN,AGENCY OFFICE,"OFFICES, TRAINING, AND TESTING",ADMINISTRATION OF GOVERNMENT,NYC 3 Community Board 7,Public,NYC Brooklyn Community Board 7,True,Not verified,Not supplied by FacDB,40.650481,-74.007899,dcp_colp,https://data.cityofnewyork.us/d/ji82-xba5
a34be4b84b1b422c32eac0f59ad39f68,DAVID N. DINKINS MANHATTAN MUNICIPAL BUILDING,1 CENTRE STREET,MANHATTAN,AGENCY OFFICE,"OFFICES, TRAINING, AND TESTING",ADMINISTRATION OF GOVERNMENT,NYC Department of Finance,Public,NYC Department of Finance,True,Not verified,Not supplied by FacDB,40.712974,-74.003676,dcp_colp,https://data.cityofnewyork.us/d/ji82-xba5
a3a0d2828199abf6fc5f6a0ba487b979,OFFICES,255 GREENWICH STREET,MANHATTAN,AGENCY EXECUTIVE OFFICE,"OFFICES, TRAINING, AND TESTING",ADMINISTRATION OF GOVERNMENT,NYC Office of the Actuary,Public,NYC Office of the Actuary,True,Not verified,Not supplied by FacDB,40.71437,-74.010872,dcp_colp,https://data.cityofnewyork.us/d/ji82-xba5
a3f98e3c16fd7dda203f2838937aaf67,COMMERCIAL CONDOMINIUM UNIT #1,253 BROADWAY,MANHATTAN,AGENCY OFFICE,"OFFICES, TRAINING, AND TESTING",ADMINISTRATION OF GOVERNMENT,Non-public,Non-public,Non-public,True,Not verified,Not supplied by FacDB,40.713432,-74.007409,dcp_colp,https://data.cityofnewyork.us/d/ji82-xba5
a4280817488fbc13715bde151dd41f32,QUEENS BOROUGH HALL,120-55 QUEENS BOULEVARD,QUEENS,AGENCY OFFICE,"OFFICES, TRAINING, AND TESTING",ADMINISTRATION OF GOVERNMENT,NYC District Attorney - Queens,Public,NYC District Attorney - Queens,True,Not verified,Not supplied by FacDB,40.714006,-73.827997,dcp_colp,https://data.cityofnewyork.us/d/ji82-xba5
a4535cdc8e81f1df6dddf80c46466a7f,OFFICES,01691-95 BROADWAY,MANHATTAN,AGENCY OFFICE,"OFFICES, TRAINING, AND TESTING",ADMINISTRATION OF GOVERNMENT,NYC Office of the Mayor,Public,NYC Office of the Mayor,True,Not verified,Not supplied by FacDB,40.763795,-73.983199,dcp_colp,https://data.cityofnewyork.us/d/ji82-xba5
a4fb9339d4f560a2a86f59a928a7be69,SUN BUILDING,280 BROADWAY,MANHATTAN,AGENCY EXECUTIVE OFFICE,"OFFICES, TRAINING, AND TESTING",ADMINISTRATION OF GOVERNMENT,NYC Department of Citywide Administrative Services,Public,NYC Department of Citywide Administrative Services,True,Not verified,Not supplied by FacDB,40.714234,-74.005653,dcp_colp,https://data.cityofnewyork.us/d/ji82-xba5
a5995bea699f9af0b3545567313b41b5,FIELD OFFICE-MANHATTAN FAMILY COURT DIVISION,60 LAFAYETTE STREET,MANHATTAN,OFFICE,"OFFICES, TRAINING, AND TESTING",ADMINISTRATION OF GOVERNMENT,NYC Department of Probation,Public,NYC Department of Probation,True,Not verified,Not supplied by FacDB,40.716655,-74.002738,dcp_colp,https://data.cityofnewyork.us/d/ji82-xba5
a5f1578734afd907f02ab7f0c5cac393,OFFICES,1243 WOODROW ROAD,STATEN ISLAND,AGENCY OFFICE,"OFFICES, TRAINING, AND TESTING",ADMINISTRATION OF GOVERNMENT,NYC 5 Community Board 3,Public,NYC Staten Island Community Board 3,True,Not verified,Not supplied by FacDB,40.542095,-74.206687,dcp_colp,https://data.cityofnewyork.us/d/ji82-xba5
a5f2fe4b1d8871987e733053189a17fd,OFFICES,22 READE STREET,MANHATTAN,AGENCY OFFICE,"OFFICES, TRAINING, AND TESTING",ADMINISTRATION OF GOVERNMENT,NYC Department of Buildings,Public,NYC Department of Buildings,True,Not verified,Not supplied by FacDB,40.714393,-74.004783,dcp_colp,https://data.cityofnewyork.us/d/ji82-xba5
a616dd60f5f12999732d36850e4e380f,OFFICES,9015-27 SUTPHIN BOULEVARD,QUEENS,OFFICE,"OFFICES, TRAINING, AND TESTING",ADMINISTRATION OF GOVERNMENT,NYC Office of the Mayor,Public,NYC Office of the Mayor,True,Not verified,Not supplied by FacDB,40.70246,-73.807823,dcp_colp,https://data.cityofnewyork.us/d/ji82-xba5
a6a2cdd127c194aabc6571ae0e4f295a,CONCOURSE JOB CENTER,1363-77 JEROME AVENUE,BRONX,AGENCY EXECUTIVE OFFICE,"OFFICES, TRAINING, AND TESTING",ADMINISTRATION OF GOVERNMENT,NYC Human Resources Administration/Department of Social Services,Public,NYC Human Resources Administration,True,Not verified,Not supplied by FacDB,40.839881,-73.918782,dcp_colp,https://data.cityofnewyork.us/d/ji82-xba5
a7425243016b2392724cb5efcbe4af72,QUEENS BOROUGH HALL,120-55 QUEENS BOULEVARD,QUEENS,BOROUGH OFFICE,"OFFICES, TRAINING, AND TESTING",ADMINISTRATION OF GOVERNMENT,NYC Department of City Planning,Public,NYC Department of City Planning,True,Not verified,Not supplied by FacDB,40.714006,-73.827997,dcp_colp,https://data.cityofnewyork.us/d/ji82-xba5
a76f83b92e58197f105be2ccb9843bde,SUN BUILDING,280 BROADWAY,MANHATTAN,AGENCY EXECUTIVE OFFICE,"OFFICES, TRAINING, AND TESTING",ADMINISTRATION OF GOVERNMENT,NYC Department of Buildings,Public,NYC Department of Buildings,True,Not verified,Not supplied by FacDB,40.714234,-74.005653,dcp_colp,https://data.cityofnewyork.us/d/ji82-xba5
a78fa3f6171c11e5fa0a5ce57704632d,MIDTOWN COMMUNITY COURT,314-16 WEST 54 STREET,MANHATTAN,FIELD OFFICE-STAFF,"OFFICES, TRAINING, AND TESTING",ADMINISTRATION OF GOVERNMENT,NYC District Attorney - Manhattan,Public,NYC District Attorney - Manhattan,True,Not verified,Not supplied by FacDB,40.764879,-73.985455,dcp_colp,https://data.cityofnewyork.us/d/ji82-xba5
a87d125b76b9ba14fef5de8b6817098f,RUTH BADER GINSBURG BROOKLYN MUNICIPAL BUILDING,210 JORALEMON STREET,BROOKLYN,BOROUGH OFFICE,"OFFICES, TRAINING, AND TESTING",ADMINISTRATION OF GOVERNMENT,NYC Office of the City Clerk,Public,NYC Office of the City Clerk,True,Not verified,Not supplied by FacDB,40.692072,-73.990473,dcp_colp,https://data.cityofnewyork.us/d/ji82-xba5
a87f6fc455e049f4d06c514a013c2bce,SURROGATE COURT,31 CHAMBERS STREET,MANHATTAN,OFFICE,"OFFICES, TRAINING, AND TESTING",ADMINISTRATION OF GOVERNMENT,NYC Public Administrators Office - Manhattan,Public,NYC Public Administrators Office - Manhattan,True,Not verified,Not supplied by FacDB,40.713594,-74.004242,dcp_colp,https://data.cityofnewyork.us/d/ji82-xba5
a88f294563ea7e82965e73cbbc0c6c35,OFFICES,1230 ZEREGA AVENUE,BRONX,OFFICE LEASED BY EDUC,"OFFICES, TRAINING, AND TESTING",ADMINISTRATION OF GOVERNMENT,NYC Department of Education,Public,NYC Department of Education,True,Not verified,Not supplied by FacDB,40.833934,-73.844383,dcp_colp,https://data.cityofnewyork.us/d/ji82-xba5
a89621062d19424467016fb5e97bd0c8,COMMERCIAL CONDOMINIUM UNIT #1,253 BROADWAY,MANHATTAN,AGENCY OFFICE,"OFFICES, TRAINING, AND TESTING",ADMINISTRATION OF GOVERNMENT,NYC Department of Information Technology and Telecommunications,Public,NYC Department of Information Technology and Telecommunications,True,Not verified,Not supplied by FacDB,40.713432,-74.007409,dcp_colp,https://data.cityofnewyork.us/d/ji82-xba5
a8b842fc0ad377bb11728da4e5d71beb,COMM BD 2,3 WASHINGTON SQUARE,MANHATTAN,AGENCY OFFICE,"OFFICES, TRAINING, AND TESTING",ADMINISTRATION OF GOVERNMENT,NYC 1 Community Board 2,Public,NYC Manhattan Community Board 2,True,Not verified,Not supplied by FacDB,40.728076,-73.997197,dcp_colp,https://data.cityofnewyork.us/d/ji82-xba5
a8bffdcb06bf6738c6c4e045217ce39c,OFFICE BLDG,16 COURT STREET,BROOKLYN,OFFICE,"OFFICES, TRAINING, AND TESTING",ADMINISTRATION OF GOVERNMENT,NYC Department of Transportation,Public,NYC Department of Transportation,True,Not verified,Not supplied by FacDB,40.693609,-73.990862,dcp_colp,https://data.cityofnewyork.us/d/ji82-xba5
a960d2085a785ce9cc6c7e60487a9b02,FLEET SERVICES REPAIR SHOP,3027 REVIEW AVENUE,QUEENS,AGENCY OFFICE,"OFFICES, TRAINING, AND TESTING",ADMINISTRATION OF GOVERNMENT,NYC Department of Finance,Public,NYC Department of Finance,True,Not verified,Not supplied by FacDB,40.737518,-73.938699,dcp_colp,https://data.cityofnewyork.us/d/ji82-xba5
a972c523d0872247c1c12813c5a01f9c,OFFICES,431 WEST 125 STREET,MANHATTAN,OFFICE,"OFFICES, TRAINING, AND TESTING",ADMINISTRATION OF GOVERNMENT,NYC Borough President - Manhattan,Public,NYC Borough President - Manhattan,True,Not verified,Not supplied by FacDB,40.812369,-73.954984,dcp_colp,https://data.cityofnewyork.us/d/ji82-xba5
a986ea9aaf4e123eeb24365e680b1e04,CROTONA JOB CENTER,555 EAST TREMONT AVENUE,BRONX,FIELD OFFICE-PUBLIC,"OFFICES, TRAINING, AND TESTING",ADMINISTRATION OF GOVERNMENT,NYC Human Resources Administration/Department of Social Services,Public,NYC Human Resources Administration,True,Not verified,Not supplied by FacDB,40.846916,-73.894842,dcp_colp,https://data.cityofnewyork.us/d/ji82-xba5
aabb0d7b13be1ceb06fd787150b98f6b,OFFICES,11 PARK PLACE,MANHATTAN,AGENCY OFFICE,"OFFICES, TRAINING, AND TESTING",ADMINISTRATION OF GOVERNMENT,NYC Department of Buildings,Public,NYC Department of Buildings,True,Not verified,Not supplied by FacDB,40.713163,-74.008228,dcp_colp,https://data.cityofnewyork.us/d/ji82-xba5
ab7e425b0a677031ebb459c1650356ff,FIRE DEPT.FIRE TRAINING ACAD,WARDS ISLAND,MANHATTAN,TRAINING FACILITY,"OFFICES, TRAINING, AND TESTING",ADMINISTRATION OF GOVERNMENT,NYC Fire Department,Public,NYC Fire Department,True,Not verified,Not supplied by FacDB,40.791278,-73.919784,dcp_colp,https://data.cityofnewyork.us/d/ji82-xba5
ac87ac2855248f90958f150ff646fdd0,MARK A. COSTANTINO JUDICIAL CT,130 STUYVESANT PLACE,STATEN ISLAND,OFFICE,"OFFICES, TRAINING, AND TESTING",ADMINISTRATION OF GOVERNMENT,County Clerk,Public,County Clerk,True,Not verified,Not supplied by FacDB,40.64277,-74.077256,dcp_colp,https://data.cityofnewyork.us/d/ji82-xba5
ad7fa8de1e1dc80dba28d777c67c5510,DAVID N. DINKINS MANHATTAN MUNICIPAL BUILDING,1 CENTRE STREET,MANHATTAN,OFFICE,"OFFICES, TRAINING, AND TESTING",ADMINISTRATION OF GOVERNMENT,NYC Civil Service Commission,Public,NYC Civil Service Commission,True,Not verified,Not supplied by FacDB,40.712974,-74.003676,dcp_colp,https://data.cityofnewyork.us/d/ji82-xba5
ada67f6734d2b0024dc2b8545cc01979,DEPARTMENT OF SANITATION,44 BEAVER STREET,MANHATTAN,AGENCY OFFICE,"OFFICES, TRAINING, AND TESTING",ADMINISTRATION OF GOVERNMENT,NYC Department of Sanitation,Public,NYC Department of Sanitation,True,Not verified,Not supplied by FacDB,40.704904,-74.010784,dcp_colp,https://data.cityofnewyork.us/d/ji82-xba5
adf0c9607e8dd9cda0dd7bd5c0041c32,CITY HALL/TWEED CRTHS/PARK,CITY HALL,MANHATTAN,AGENCY EXECUTIVE OFFICE,"OFFICES, TRAINING, AND TESTING",ADMINISTRATION OF GOVERNMENT,NYC Department of Education,Public,NYC Department of Education,True,Not verified,Not supplied by FacDB,40.712804,-74.006157,dcp_colp,https://data.cityofnewyork.us/d/ji82-xba5
ae1b69e63f1bbb235de6b3e73316b4cc,MARK A. COSTANTINO JUDICIAL CT,130 STUYVESANT PLACE,STATEN ISLAND,OFFICE,"OFFICES, TRAINING, AND TESTING",ADMINISTRATION OF GOVERNMENT,NYC City Council,Public,NYC City Council,True,Not verified,Not supplied by FacDB,40.64277,-74.077256,dcp_colp,https://data.cityofnewyork.us/d/ji82-xba5
af2ac14ec2677c6723953fb6d81194a3,CSD25-Q OFFICES/QUEENS HS SUPT,30-48 LINDEN PLACE,QUEENS,AGENCY OFFICE,"OFFICES, TRAINING, AND TESTING",ADMINISTRATION OF GOVERNMENT,NYC Department of Education,Public,NYC Department of Education,True,Not verified,Not supplied by FacDB,40.769648,-73.833168,dcp_colp,https://data.cityofnewyork.us/d/ji82-xba5
af355172dd5cb114152561aa73b7b51e,OFFICE BLDG,66 JOHN STREET,MANHATTAN,OFFICE,"OFFICES, TRAINING, AND TESTING",ADMINISTRATION OF GOVERNMENT,NYC Department of Sanitation,Public,NYC Department of Sanitation,True,Not verified,Not supplied by FacDB,40.708659,-74.007982,dcp_colp,https://data.cityofnewyork.us/d/ji82-xba5
af977ff631fa41d6f35432868958b98f,BERGEN BLDG/NYC MUNICIPAL BLDG,1932 ARTHUR AVENUE,BRONX,AGENCY EXECUTIVE OFFICE,"OFFICES, TRAINING, AND TESTING",ADMINISTRATION OF GOVERNMENT,NYC Department of Health and Mental Hygiene,Public,NYC Department of Health and Mental Hygiene,True,Not verified,Not supplied by FacDB,40.845703,-73.892755,dcp_colp,https://data.cityofnewyork.us/d/ji82-xba5
b07deed5efe1aef2a9f38bc4892cd72a,OFFICES,14-04 111 STREET,QUEENS,AGENCY OFFICE,"OFFICES, TRAINING, AND TESTING",ADMINISTRATION OF GOVERNMENT,NYC Police Department,Public,NYC Police Department,True,Not verified,Not supplied by FacDB,40.78534,-73.856409,dcp_colp,https://data.cityofnewyork.us/d/ji82-xba5
b1b774cbf1caf02f1e34dddbb85e269d,CSD 31 DISTRICT OFF (OLD PS16),211 DANIEL LOW TERRACE,STATEN ISLAND,AGENCY OFFICE,"OFFICES, TRAINING, AND TESTING",ADMINISTRATION OF GOVERNMENT,NYC Department of Education,Public,NYC Department of Education,True,Not verified,Not supplied by FacDB,40.638991,-74.079439,dcp_colp,https://data.cityofnewyork.us/d/ji82-xba5
b37be69322e767e31fd5ff423e5e40fe,LOUIS J. LEFKOWITZ BUILDING,80 CENTRE STREET,MANHATTAN,AGENCY OFFICE,"OFFICES, TRAINING, AND TESTING",ADMINISTRATION OF GOVERNMENT,NYC District Attorney - Manhattan,Public,NYC District Attorney - Manhattan,True,Not verified,Not supplied by FacDB,40.715096,-74.001187,dcp_colp,https://data.cityofnewyork.us/d/ji82-xba5
b40a885ad1577e47d5bb2726f1d2751e,OFFICE BLDG,66 JOHN STREET,MANHATTAN,AGENCY OFFICE,"OFFICES, TRAINING, AND TESTING",ADMINISTRATION OF GOVERNMENT,NYC Department of Information Technology and Telecommunications,Public,NYC Department of Information Technology and Telecommunications,True,Not verified,Not supplied by FacDB,40.708659,-74.007982,dcp_colp,https://data.cityofnewyork.us/d/ji82-xba5
b41af1ab67ab053f150145fb81ca15a4,KINGS COUNTY CRIMINAL COURT,120 SCHERMERHORN STREET,BROOKLYN,AGENCY EXECUTIVE OFFICE,"OFFICES, TRAINING, AND TESTING",ADMINISTRATION OF GOVERNMENT,NYC Department of Citywide Administrative Services,Public,NYC Department of Citywide Administrative Services,True,Not verified,Not supplied by FacDB,40.689692,-73.988948,dcp_colp,https://data.cityofnewyork.us/d/ji82-xba5
b4f0430b1f2aff29c0deb2391ba80e4f,QUEENS BOROUGH HALL,120-55 QUEENS BOULEVARD,QUEENS,BOROUGH OFFICE,"OFFICES, TRAINING, AND TESTING",ADMINISTRATION OF GOVERNMENT,NYC Department of Transportation,Public,NYC Department of Transportation,True,Not verified,Not supplied by FacDB,40.714006,-73.827997,dcp_colp,https://data.cityofnewyork.us/d/ji82-xba5
b5621a5fc00b7a573e969dbc299b4cf2,RUTH BADER GINSBURG BROOKLYN MUNICIPAL BUILDING,210 JORALEMON STREET,BROOKLYN,BOROUGH OFFICE,"OFFICES, TRAINING, AND TESTING",ADMINISTRATION OF GOVERNMENT,NYC Department of Finance,Public,NYC Department of Finance,True,Not verified,Not supplied by FacDB,40.692072,-73.990473,dcp_colp,https://data.cityofnewyork.us/d/ji82-xba5
b585876daed21141030d4022fb031adc,GODDARD-RIVERSIDE APTS,593 COLUMBUS AVENUE,MANHATTAN,AGENCY EXECUTIVE OFFICE,"OFFICES, TRAINING, AND TESTING",ADMINISTRATION OF GOVERNMENT,NYC Department for the Aging,Public,NYC Department for the Aging,True,Not verified,Not supplied by FacDB,40.787935,-73.970605,dcp_colp,https://data.cityofnewyork.us/d/ji82-xba5
b62cc04f80d493e3b89281655458d5ce,DOI HEADQUARTERS,80 MAIDEN LANE,MANHATTAN,OFFICE LEASED BY EDUC,"OFFICES, TRAINING, AND TESTING",ADMINISTRATION OF GOVERNMENT,NYC Department of Education,Public,NYC Department of Education,True,Not verified,Not supplied by FacDB,40.707086,-74.007802,dcp_colp,https://data.cityofnewyork.us/d/ji82-xba5
b686ef9732eb731dc174a61de7349a9a,OFFICES,1 EDGEWATER STREET,STATEN ISLAND,AGENCY OFFICE,"OFFICES, TRAINING, AND TESTING",ADMINISTRATION OF GOVERNMENT,NYC 5 Community Board 1,Public,NYC Staten Island Community Board 1,True,Not verified,Not supplied by FacDB,40.621223,-74.06828,dcp_colp,https://data.cityofnewyork.us/d/ji82-xba5
b6c9ceca49b96b4faae7ef82b7884949,OFFICES,135-37 CANAL STREET,STATEN ISLAND,AGENCY EXECUTIVE OFFICE,"OFFICES, TRAINING, AND TESTING",ADMINISTRATION OF GOVERNMENT,NYC Department of Health and Mental Hygiene,Public,NYC Department of Health and Mental Hygiene,True,Not verified,Not supplied by FacDB,40.626819,-74.078549,dcp_colp,https://data.cityofnewyork.us/d/ji82-xba5
b6e06bf0dcab5f505a341658d3fa00b8,OFFICE BLDG,66 JOHN STREET,MANHATTAN,AGENCY OFFICE,"OFFICES, TRAINING, AND TESTING",ADMINISTRATION OF GOVERNMENT,NYC Department of Citywide Administrative Services,Public,NYC Department of Citywide Administrative Services,True,Not verified,Not supplied by FacDB,40.708659,-74.007982,dcp_colp,https://data.cityofnewyork.us/d/ji82-xba5
b71ff358eb7384ce75366733a4152a93,23 STREET BULKHEAD,23 STREET,BROOKLYN,OFFICE,"OFFICES, TRAINING, AND TESTING",ADMINISTRATION OF GOVERNMENT,NYC Police Department,Public,NYC Police Department,True,Not verified,Not supplied by FacDB,40.664553,-74.002026,dcp_colp,https://data.cityofnewyork.us/d/ji82-xba5
b79116ae6124dc5263bd6dde25916b1c,COURT SQUARE BLDG,2 LAFAYETTE STREET,MANHATTAN,AGENCY OFFICE,"OFFICES, TRAINING, AND TESTING",ADMINISTRATION OF GOVERNMENT,NYC Department of Buildings,Public,NYC Department of Buildings,True,Not verified,Not supplied by FacDB,40.714022,-74.003903,dcp_colp,https://data.cityofnewyork.us/d/ji82-xba5
b83c84b7d7644547f38c9822d231ae33,FIELD OFFICE-S.I.TORT.DIVN,60 BAY STREET,STATEN ISLAND,AGENCY OFFICE,"OFFICES, TRAINING, AND TESTING",ADMINISTRATION OF GOVERNMENT,NYC Law Department,Public,NYC Law Department,True,Not verified,Not supplied by FacDB,40.640487,-74.076237,dcp_colp,https://data.cityofnewyork.us/d/ji82-xba5
b88dc48255668c8b88a329bc2abf05b5,CONDO UNIT DESIGNATION OFF2,335 ADAMS STREET,BROOKLYN,AGENCY EXECUTIVE OFFICE,"OFFICES, TRAINING, AND TESTING",ADMINISTRATION OF GOVERNMENT,NYC District Attorney - Brooklyn,Public,NYC District Attorney - Brooklyn,True,Not verified,Not supplied by FacDB,40.693812,-73.987992,dcp_colp,https://data.cityofnewyork.us/d/ji82-xba5
b958b7dea1ad0e7cde02ea11cd8529f6,OFFICES,181 BAY STREET,STATEN ISLAND,FIELD OFFICE-PUBLIC,"OFFICES, TRAINING, AND TESTING",ADMINISTRATION OF GOVERNMENT,NYC Human Resources Administration/Department of Social Services,Public,NYC Human Resources Administration,True,Not verified,Not supplied by FacDB,40.637339,-74.075704,dcp_colp,https://data.cityofnewyork.us/d/ji82-xba5
bbb22dbf5a02be5a9a4359186bfb5fff,OFFICE BLDG,66 JOHN STREET,MANHATTAN,FIELD OFFICE-PUBLIC,"OFFICES, TRAINING, AND TESTING",ADMINISTRATION OF GOVERNMENT,NYC Administration for Childrens Services,Public,NYC Administration for Children's Services,True,Not verified,Not supplied by FacDB,40.708659,-74.007982,dcp_colp,https://data.cityofnewyork.us/d/ji82-xba5
bbfa06ea983e11b07feb1375d398353b,QUEENS CRIMINAL COURT/PARKING LOT,126-02 82 AVENUE,QUEENS,AGENCY OFFICE,"OFFICES, TRAINING, AND TESTING",ADMINISTRATION OF GOVERNMENT,NYC Department of Probation,Public,NYC Department of Probation,True,Not verified,Not supplied by FacDB,40.713498,-73.82578,dcp_colp,https://data.cityofnewyork.us/d/ji82-xba5
bc19dd6b5998720b1f6cfe5ad792bc37,COMM BD 7,235 EAST 204 STREET,BRONX,AGENCY OFFICE,"OFFICES, TRAINING, AND TESTING",ADMINISTRATION OF GOVERNMENT,NYC 2 Community Board 7,Public,NYC Bronx Community Board 7,True,Not verified,Not supplied by FacDB,40.874589,-73.884927,dcp_colp,https://data.cityofnewyork.us/d/ji82-xba5
bcba8b66d369f8cda7384e1ed7980299,OFFICES,9015-27 SUTPHIN BOULEVARD,QUEENS,OFFICE LEASED BY EDUC,"OFFICES, TRAINING, AND TESTING",ADMINISTRATION OF GOVERNMENT,NYC Department of Education,Public,NYC Department of Education,True,Not verified,Not supplied by FacDB,40.70246,-73.807823,dcp_colp,https://data.cityofnewyork.us/d/ji82-xba5
bcc0a668ed9cc3875124f90022420726,HARLEM STATE OFFICE BUILDING,163 WEST 125 STREET,MANHATTAN,FIELD OFFICE-PUBLIC,"OFFICES, TRAINING, AND TESTING",ADMINISTRATION OF GOVERNMENT,NYC District Attorney - Manhattan,Public,NYC District Attorney - Manhattan,True,Not verified,Not supplied by FacDB,40.809011,-73.947292,dcp_colp,https://data.cityofnewyork.us/d/ji82-xba5
bcee194b4f5b0cc86ffa5ea568004e76,CHINESE-AMERICAN PLANNING COUNCIL DAYCARE CENTER AND OPEN DOOR SENIOR CENTER,115 CHRYSTIE STREET,MANHATTAN,AGENCY OFFICE,"OFFICES, TRAINING, AND TESTING",ADMINISTRATION OF GOVERNMENT,NYC Department of Education,Public,NYC Department of Education,True,Not verified,Not supplied by FacDB,40.718683,-73.993929,dcp_colp,https://data.cityofnewyork.us/d/ji82-xba5
bd2caf7dccea0269bc8a9958910213eb,HARLEM COURTHOUSE,170-174 EAST 121 STREET,MANHATTAN,OFFICE,"OFFICES, TRAINING, AND TESTING",ADMINISTRATION OF GOVERNMENT,NYC Department of Correction,Public,NYC Department of Correction,True,Not verified,Not supplied by FacDB,40.801212,-73.93846,dcp_colp,https://data.cityofnewyork.us/d/ji82-xba5
bdad44de9e2220be02789dbab04ca970,OFFICE BLDG,100 GOLD STREET,MANHATTAN,AGENCY EXECUTIVE OFFICE,"OFFICES, TRAINING, AND TESTING",ADMINISTRATION OF GOVERNMENT,NYC Office of the Mayor,Public,NYC Office of the Mayor,True,Not verified,Not supplied by FacDB,40.710103,-74.003243,dcp_colp,https://data.cityofnewyork.us/d/ji82-xba5
bdb10dac0e1a7f122b018095e9db7cdb,NYPD HEADQUARTERS/POLICE PLAZA,1 POLICE PLAZA,MANHATTAN,AGENCY EXECUTIVE OFFICE,"OFFICES, TRAINING, AND TESTING",ADMINISTRATION OF GOVERNMENT,NYC Police Department,Public,NYC Police Department,True,Not verified,Not supplied by FacDB,40.712211,-74.001796,dcp_colp,https://data.cityofnewyork.us/d/ji82-xba5
bea64415219c48931f5768f263d7caaa,CONCOURSE PLAZA BRONX DA OFFICE,198 EAST 161 STREET,BRONX,AGENCY OFFICE,"OFFICES, TRAINING, AND TESTING",ADMINISTRATION OF GOVERNMENT,NYC Department of Probation,Public,NYC Department of Probation,True,Not verified,Not supplied by FacDB,40.825865,-73.921097,dcp_colp,https://data.cityofnewyork.us/d/ji82-xba5
bed829cfbf858aa083d605cc49b473c8,BRONX BUSINESS CENTER,3030 3 AVENUE,BRONX,AGENCY OFFICE,"OFFICES, TRAINING, AND TESTING",ADMINISTRATION OF GOVERNMENT,NYC 2 Community Board 1,Public,NYC Bronx Community Board 1,True,Not verified,Not supplied by FacDB,40.819377,-73.913019,dcp_colp,https://data.cityofnewyork.us/d/ji82-xba5
bf6f0cc002fb676fcccfbee7eb88e3c7,JAMAICA JOB CENTER,8812 MERRICK BOULEVARD,QUEENS,FIELD OFFICE-PUBLIC,"OFFICES, TRAINING, AND TESTING",ADMINISTRATION OF GOVERNMENT,NYC Administration for Childrens Services,Public,NYC Administration for Children's Services,True,Not verified,Not supplied by FacDB,40.708391,-73.796282,dcp_colp,https://data.cityofnewyork.us/d/ji82-xba5
bfbbe33db050d5a6fdf8cbbf8669bbda,TWO METROTECH CENTER URA,7 LAWRENCE STREET,BROOKLYN,OFFICE LEASED BY EDUC,"OFFICES, TRAINING, AND TESTING",ADMINISTRATION OF GOVERNMENT,NYC Department of Education,Public,NYC Department of Education,True,Not verified,Not supplied by FacDB,40.693288,-73.985727,dcp_colp,https://data.cityofnewyork.us/d/ji82-xba5
bfda06c0ac20a17ef023ac0563236185,FIELD OFFICE-S.I.TORT.DIVN,60 BAY STREET,STATEN ISLAND,AGENCY EXECUTIVE OFFICE,"OFFICES, TRAINING, AND TESTING",ADMINISTRATION OF GOVERNMENT,NYC Commission on Human Rights,Public,NYC Commission on Human Rights,True,Not verified,Not supplied by FacDB,40.640487,-74.076237,dcp_colp,https://data.cityofnewyork.us/d/ji82-xba5
c030f6c281aa273500b334cb71bb0608,OFFICES,1664-66 PARK AVENUE,MANHATTAN,AGENCY OFFICE,"OFFICES, TRAINING, AND TESTING",ADMINISTRATION OF GOVERNMENT,NYC 1 Community Board 11,Public,NYC Manhattan Community Board 11,True,Not verified,Not supplied by FacDB,40.800391,-73.942921,dcp_colp,https://data.cityofnewyork.us/d/ji82-xba5
c12a26ff1db0b12a6cf6a80dd9538c7d,ROOSEVELT I,388 PULASKI STREET,BROOKLYN,NYCHA COMMUNITY CENTER - BROOKLYN BOROUGH MANHATTAN OFFICE,"OFFICES, TRAINING, AND TESTING",ADMINISTRATION OF GOVERNMENT,NYC Housing Authority,Public,NYC Housing Authority,True,Not verified,Not supplied by FacDB,40.6936167378,-73.9352073887,nycha_communitycenters,https://data.cityofnewyork.us/d/ji82-xba5
c13130ac87ad716c06d1f8d3669cc991,ROOSEVELT I,360 PULASKI STREET,BROOKLYN,NYCHA COMMUNITY CENTER - BROOKLYN BOROUGH MANHATTAN OFFICE,"OFFICES, TRAINING, AND TESTING",ADMINISTRATION OF GOVERNMENT,NYC Housing Authority,Public,NYC Housing Authority,True,Not verified,Not supplied by FacDB,40.6934798239,-73.9364462632,nycha_communitycenters,https://data.cityofnewyork.us/d/ji82-xba5
c1557926bf91b384cc9de879bcb3003d,QUEENS BOROUGH HALL,120-55 QUEENS BOULEVARD,QUEENS,OFFICE,"OFFICES, TRAINING, AND TESTING",ADMINISTRATION OF GOVERNMENT,NYC Law Department,Public,NYC Law Department,True,Not verified,Not supplied by FacDB,40.714006,-73.827997,dcp_colp,https://data.cityofnewyork.us/d/ji82-xba5
c1f8cbd61e3d71470cbad7612039e7d6,STATEN ISLAND BOROUGH HALL,10 RICHMOND TERRACE,STATEN ISLAND,OFFICE,"OFFICES, TRAINING, AND TESTING",ADMINISTRATION OF GOVERNMENT,County Clerk,Public,County Clerk,True,Not verified,Not supplied by FacDB,40.6424,-74.075958,dcp_colp,https://data.cityofnewyork.us/d/ji82-xba5
c1fa6317b124e943097987bfbb6638fd,FIA SNAP #25/EIS APS/IREA OI,250 LIVINGSTON STREET,BROOKLYN,OFFICE,"OFFICES, TRAINING, AND TESTING",ADMINISTRATION OF GOVERNMENT,NYC Human Resources Administration/Department of Social Services,Public,NYC Human Resources Administration,True,Not verified,Not supplied by FacDB,40.688759,-73.984531,dcp_colp,https://data.cityofnewyork.us/d/ji82-xba5
c2496b5b989ebe7ff3a9e629c45deecf,CITY HALL/TWEED CRTHS/PARK,CITY HALL,MANHATTAN,AGENCY EXECUTIVE OFFICE,"OFFICES, TRAINING, AND TESTING",ADMINISTRATION OF GOVERNMENT,NYC City Council,Public,NYC City Council,True,Not verified,Not supplied by FacDB,40.712804,-74.006157,dcp_colp,https://data.cityofnewyork.us/d/ji82-xba5
c3c00127627077ffebc418995eabcf70,COMM BD 4,46-11 104 STREET,QUEENS,AGENCY OFFICE,"OFFICES, TRAINING, AND TESTING",ADMINISTRATION OF GOVERNMENT,NYC 4 Community Board 4,Public,NYC Queens Community Board 4,True,Not verified,Not supplied by FacDB,40.7461,-73.859446,dcp_colp,https://data.cityofnewyork.us/d/ji82-xba5
c4f6d10711de4bd733ee57e289d9d22e,OFFICE BLDG,42 BROADWAY,MANHATTAN,OFFICE,"OFFICES, TRAINING, AND TESTING",ADMINISTRATION OF GOVERNMENT,NYC Department of Consumer Affairs,Public,NYC Department of Consumer Affairs,True,Not verified,Not supplied by FacDB,40.705988,-74.012595,dcp_colp,https://data.cityofnewyork.us/d/ji82-xba5
c4fff005cf7fda7f004f1c8fbbb50f24,FIELD OFFICE-MANHATTAN FAMILY COURT DIVISION,60 LAFAYETTE STREET,MANHATTAN,OFFICE,"OFFICES, TRAINING, AND TESTING",ADMINISTRATION OF GOVERNMENT,NYC Department of Correction,Public,NYC Department of Correction,True,Not verified,Not supplied by FacDB,40.716655,-74.002738,dcp_colp,https://data.cityofnewyork.us/d/ji82-xba5
c5d9d9437eaedb50732dd684ed999680,FORDHAM JOB CENTER,2547 BAINBRIDGE AVENUE,BRONX,FIELD OFFICE-PUBLIC,"OFFICES, TRAINING, AND TESTING",ADMINISTRATION OF GOVERNMENT,NYC Human Resources Administration/Department of Social Services,Public,NYC Human Resources Administration,True,Not verified,Not supplied by FacDB,40.862587,-73.893548,dcp_colp,https://data.cityofnewyork.us/d/ji82-xba5
c5ff7411cd8864a6d7a17b9d33687109,TESTING FACILITY,135-37 CANAL STREET,STATEN ISLAND,TESTING FACILITY,"OFFICES, TRAINING, AND TESTING",ADMINISTRATION OF GOVERNMENT,NYC Department of Citywide Administrative Services,Public,NYC Department of Citywide Administrative Services,True,Not verified,Not supplied by FacDB,40.626819,-74.078549,dcp_colp,https://data.cityofnewyork.us/d/ji82-xba5
c6412bdeb39c4a6f56669297587c3239,MANHATTAN BORO OFFICE,427 EAST 87 STREET,MANHATTAN,AGENCY OFFICE,"OFFICES, TRAINING, AND TESTING",ADMINISTRATION OF GOVERNMENT,NYC Department of Sanitation,Public,NYC Department of Sanitation,True,Not verified,Not supplied by FacDB,40.777233,-73.947537,dcp_colp,https://data.cityofnewyork.us/d/ji82-xba5
c67a16bd45b65294f1c419c2265713f0,OFFICES,2373 BROADWAY,MANHATTAN,AGENCY OFFICE,"OFFICES, TRAINING, AND TESTING",ADMINISTRATION OF GOVERNMENT,NYC 1 Community Board 7,Public,NYC Manhattan Community Board 7,True,Not verified,Not supplied by FacDB,40.788924,-73.976671,dcp_colp,https://data.cityofnewyork.us/d/ji82-xba5
c6e201144cdf6809a53f9a25f4ab5286,REHAB PROGRAM (TAFT REHABS),146 SAINT NICHOLAS AVENUE,MANHATTAN,"NYCHA COMMUNITY CENTER - OFFICE SPACE, TRAINING, RA USE","OFFICES, TRAINING, AND TESTING",ADMINISTRATION OF GOVERNMENT,NYC Housing Authority,Public,NYC Housing Authority,True,Not verified,Not supplied by FacDB,40.804335157,-73.9524462954,nycha_communitycenters,https://data.cityofnewyork.us/d/ji82-xba5
c7a089afa61e9260d85800d12ee78204,FIELD OFFICE-MANHATTAN FAMILY COURT DIVISION,60 LAFAYETTE STREET,MANHATTAN,OFFICE,"OFFICES, TRAINING, AND TESTING",ADMINISTRATION OF GOVERNMENT,NYC Office of Court Administration,Public,NYC Office of Court Administration,True,Not verified,Not supplied by FacDB,40.716655,-74.002738,dcp_colp,https://data.cityofnewyork.us/d/ji82-xba5
c7bfdb2574a9a9f23214b8ef9f0fd5b8,HRA OFFICE OF FACILITIES OPR,260 11 AVENUE,MANHATTAN,OFFICE,"OFFICES, TRAINING, AND TESTING",ADMINISTRATION OF GOVERNMENT,NYC Police Department,Public,NYC Police Department,True,Not verified,Not supplied by FacDB,40.750942,-74.004945,dcp_colp,https://data.cityofnewyork.us/d/ji82-xba5
c817f2751d6053cfcc36ec4a2ac67709,SPECIAL INVESTIGATIVE UNITS,131-43 FLATBUSH AVENUE EXTENSION,BROOKLYN,AGENCY OFFICE,"OFFICES, TRAINING, AND TESTING",ADMINISTRATION OF GOVERNMENT,NYC Police Department,Public,NYC Police Department,True,Not verified,Not supplied by FacDB,40.695354,-73.983646,dcp_colp,https://data.cityofnewyork.us/d/ji82-xba5
c88c5bf15f2c9ed8a19fb6592e22e80e,BROOKLYN TERMINAL MARKET,860A REMSEN AVENUE,BROOKLYN,OFFICE,"OFFICES, TRAINING, AND TESTING",ADMINISTRATION OF GOVERNMENT,NYC Police Department,Public,NYC Police Department,True,Not verified,Not supplied by FacDB,40.646746,-73.913626,dcp_colp,https://data.cityofnewyork.us/d/ji82-xba5
c8f8d3b8da9735ffaec09f68552067d3,OFFICES,151 FRONT STREET,MANHATTAN,OFFICE,"OFFICES, TRAINING, AND TESTING",ADMINISTRATION OF GOVERNMENT,NYC Office of Court Administration,Public,NYC Office of Court Administration,True,Not verified,Not supplied by FacDB,40.705269,-74.005515,dcp_colp,https://data.cityofnewyork.us/d/ji82-xba5
c8fd6305e77ff3e1ede3bcaeb75e75ef,DAVID N. DINKINS MANHATTAN MUNICIPAL BUILDING,1 CENTRE STREET,MANHATTAN,OFFICE,"OFFICES, TRAINING, AND TESTING",ADMINISTRATION OF GOVERNMENT,NYC Office of the Comptroller,Public,NYC Office of the Comptroller,True,Not verified,Not supplied by FacDB,40.712974,-74.003676,dcp_colp,https://data.cityofnewyork.us/d/ji82-xba5
caa8b165ac9be374f8b4490d0359c02a,TOWN HALL,4101 WHITE PLAINS ROAD,BRONX,AGENCY EXECUTIVE OFFICE,"OFFICES, TRAINING, AND TESTING",ADMINISTRATION OF GOVERNMENT,NYC Department of Citywide Administrative Services,Public,NYC Department of Citywide Administrative Services,True,Not verified,Not supplied by FacDB,40.890914,-73.859165,dcp_colp,https://data.cityofnewyork.us/d/ji82-xba5
cb46b2bad594e075f0ed50ace594514e,OFFICES,2128 BERGEN STREET,BROOKLYN,AGENCY EXECUTIVE OFFICE,"OFFICES, TRAINING, AND TESTING",ADMINISTRATION OF GOVERNMENT,NYC Department of Probation,Public,NYC Department of Probation,True,Not verified,Not supplied by FacDB,40.673614,-73.910019,dcp_colp,https://data.cityofnewyork.us/d/ji82-xba5
ccbc0bec3553fd12538cd4330285bc80,BERGEN BLDG/NYC MUNICIPAL BLDG,1932 ARTHUR AVENUE,BRONX,AGENCY EXECUTIVE OFFICE,"OFFICES, TRAINING, AND TESTING",ADMINISTRATION OF GOVERNMENT,NYC 2 Community Board 6,Public,NYC Bronx Community Board 6,True,Not verified,Not supplied by FacDB,40.845703,-73.892755,dcp_colp,https://data.cityofnewyork.us/d/ji82-xba5
ccd8208fe68f5bc3db4bdac8b9b95bc9,DAVID N. DINKINS MANHATTAN MUNICIPAL BUILDING,1 CENTRE STREET,MANHATTAN,AGENCY OFFICE,"OFFICES, TRAINING, AND TESTING",ADMINISTRATION OF GOVERNMENT,NYC Rent Guidelines Board,Public,,True,Not verified,Not supplied by FacDB,40.712974,-74.003676,dcp_colp,https://data.cityofnewyork.us/d/ji82-xba5
cd39aac2c4741d38b42c0e44b1407517,OFFICES,00446-56 7 AVENUE,MANHATTAN,AGENCY OFFICE,"OFFICES, TRAINING, AND TESTING",ADMINISTRATION OF GOVERNMENT,NYC 1 Community Board 5,Public,NYC Manhattan Community Board 5,True,Not verified,Not supplied by FacDB,40.751463,-73.990753,dcp_colp,https://data.cityofnewyork.us/d/ji82-xba5
cd8f3ff8891f4a573c7fde55cbe4170b,OFFICES,104-01 METROPOLITAN AVENUE,QUEENS,AGENCY OFFICE,"OFFICES, TRAINING, AND TESTING",ADMINISTRATION OF GOVERNMENT,NYC 4 Community Board 6,Public,NYC Queens Community Board 6,True,Not verified,Not supplied by FacDB,40.710363,-73.848801,dcp_colp,https://data.cityofnewyork.us/d/ji82-xba5
cda58998043f57201eb0639dbfa2264b,SURROGATE COURT,31 CHAMBERS STREET,MANHATTAN,OFFICE,"OFFICES, TRAINING, AND TESTING",ADMINISTRATION OF GOVERNMENT,NYC Department of Records and Information Services,Public,NYC Department of Records and Information Services,True,Not verified,Not supplied by FacDB,40.713594,-74.004242,dcp_colp,https://data.cityofnewyork.us/d/ji82-xba5
ce3447c5ebf35135451c80d3ed4ad3c5,FAMILY COURT,151-04 JAMAICA AVENUE,QUEENS,AGENCY EXECUTIVE OFFICE,"OFFICES, TRAINING, AND TESTING",ADMINISTRATION OF GOVERNMENT,Non-public,Non-public,Non-public,True,Not verified,Not supplied by FacDB,40.702185,-73.802782,dcp_colp,https://data.cityofnewyork.us/d/ji82-xba5
cec7355f31d090e83d7a1f7ce167b276,OFFICES,123 STREET,QUEENS,AGENCY EXECUTIVE OFFICE,"OFFICES, TRAINING, AND TESTING",ADMINISTRATION OF GOVERNMENT,NYC Taxi and Limousine Commission,Public,NYC Taxi and Limousine Commission,True,Not verified,Not supplied by FacDB,40.767085,-73.845409,dcp_colp,https://data.cityofnewyork.us/d/ji82-xba5
cf1c45ff3e0eb65d9a1108c4a2a77505,THE CHRISTOPHER SCHOOL,1250 EAST 229 STREET,BRONX,AGENCY OFFICE,"OFFICES, TRAINING, AND TESTING",ADMINISTRATION OF GOVERNMENT,NYC Administration for Childrens Services,Public,NYC Administration for Children's Services,True,Not verified,Not supplied by FacDB,40.882387,-73.843195,dcp_colp,https://data.cityofnewyork.us/d/ji82-xba5
d09e2e02c4e2aeec6401f32a3a79a4e2,ST MARY'S HOSPITAL,1291 ST MARKS AVENUE,BROOKLYN,AGENCY OFFICE,"OFFICES, TRAINING, AND TESTING",ADMINISTRATION OF GOVERNMENT,NYC 3 Community Board 8,Public,NYC Brooklyn Community Board 8,True,Not verified,Not supplied by FacDB,40.67412,-73.926064,dcp_colp,https://data.cityofnewyork.us/d/ji82-xba5
d0a8cf00861e2065a6810b5f7fc8a6cf,STATEN ISLAND BOROUGH HALL,10 RICHMOND TERRACE,STATEN ISLAND,OFFICE,"OFFICES, TRAINING, AND TESTING",ADMINISTRATION OF GOVERNMENT,NYC Department of Veterans' Services,Unspecified,,True,Not verified,Not supplied by FacDB,40.6424,-74.075958,dcp_colp,https://data.cityofnewyork.us/d/ji82-xba5
d0be5b24db5b1c133824d2a03646e38a,COMM BD 11,4621 LITTLE NECK PARKWAY,QUEENS,AGENCY OFFICE,"OFFICES, TRAINING, AND TESTING",ADMINISTRATION OF GOVERNMENT,NYC 4 Community Board 11,Public,NYC Queens Community Board 11,True,Not verified,Not supplied by FacDB,40.770416,-73.733656,dcp_colp,https://data.cityofnewyork.us/d/ji82-xba5
d10edf9d14bebe205a60d7119948b98e,FAMILY COURT,151-04 JAMAICA AVENUE,QUEENS,AGENCY EXECUTIVE OFFICE,"OFFICES, TRAINING, AND TESTING",ADMINISTRATION OF GOVERNMENT,NYC Administration for Childrens Services,Public,NYC Administration for Children's Services,True,Not verified,Not supplied by FacDB,40.702185,-73.802782,dcp_colp,https://data.cityofnewyork.us/d/ji82-xba5
d161d3cf7c82860fbfc437b43d124c14,QUEENS BOROUGH HALL,120-55 QUEENS BOULEVARD,QUEENS,FIELD OFFICE,"OFFICES, TRAINING, AND TESTING",ADMINISTRATION OF GOVERNMENT,NYC Department of Consumer Affairs,Public,NYC Department of Consumer Affairs,True,Not verified,Not supplied by FacDB,40.714006,-73.827997,dcp_colp,https://data.cityofnewyork.us/d/ji82-xba5
d1782244882913ca91d92968faeb1dda,COURT SQUARE BLDG,2 LAFAYETTE STREET,MANHATTAN,OFFICE,"OFFICES, TRAINING, AND TESTING",ADMINISTRATION OF GOVERNMENT,NYC Board of Correction,Public,NYC Board of Correction,True,Not verified,Not supplied by FacDB,40.714022,-74.003903,dcp_colp,https://data.cityofnewyork.us/d/ji82-xba5
d2281b8242969259aeeb5f2a447eaa32,TEMP CARROLL GARDENS BRANCH,250 BALTIC STREET,BROOKLYN,AGENCY OFFICE,"OFFICES, TRAINING, AND TESTING",ADMINISTRATION OF GOVERNMENT,NYC 3 Community Board 6,Public,NYC Brooklyn Community Board 6,True,Not verified,Not supplied by FacDB,40.686113,-73.994765,dcp_colp,https://data.cityofnewyork.us/d/ji82-xba5
d4141712d60b971a0dd1a2951dd2b935,OFFICES,211 EAST 43 STREET,MANHATTAN,OFFICE,"OFFICES, TRAINING, AND TESTING",ADMINISTRATION OF GOVERNMENT,NYC 1 Community Board 6,Public,NYC Manhattan Community Board 6,True,Not verified,Not supplied by FacDB,40.751444,-73.973007,dcp_colp,https://data.cityofnewyork.us/d/ji82-xba5
d4518c1e22efc4c5837b1560a09e3ac7,DAVID N. DINKINS MANHATTAN MUNICIPAL BUILDING,1 CENTRE STREET,MANHATTAN,OFFICE,"OFFICES, TRAINING, AND TESTING",ADMINISTRATION OF GOVERNMENT,NYC Department of Environmental Protection,Public,NYC Department of Environmental Protection,True,Not verified,Not supplied by FacDB,40.712974,-74.003676,dcp_colp,https://data.cityofnewyork.us/d/ji82-xba5
d453adce2278b61de17395a8222e9a92,RUTH BADER GINSBURG BROOKLYN MUNICIPAL BUILDING,210 JORALEMON STREET,BROOKLYN,AGENCY OFFICE,"OFFICES, TRAINING, AND TESTING",ADMINISTRATION OF GOVERNMENT,NYC District Attorney - Brooklyn,Public,NYC District Attorney - Brooklyn,True,Not verified,Not supplied by FacDB,40.692072,-73.990473,dcp_colp,https://data.cityofnewyork.us/d/ji82-xba5
d453c469340881c18b61e562c0a897d7,FAMILY COURT,151-04 JAMAICA AVENUE,QUEENS,AGENCY EXECUTIVE OFFICE,"OFFICES, TRAINING, AND TESTING",ADMINISTRATION OF GOVERNMENT,NYC Office of Court Administration,Public,NYC Office of Court Administration,True,Not verified,Not supplied by FacDB,40.702185,-73.802782,dcp_colp,https://data.cityofnewyork.us/d/ji82-xba5
d4f4413813c5adcac7ef4123431862ac,BANKNOTE CENTER,1201-39 LAFAYETTE AVENUE,BRONX,FIELD OFFICE-PUBLIC,"OFFICES, TRAINING, AND TESTING",ADMINISTRATION OF GOVERNMENT,NYC Human Resources Administration/Department of Social Services,Public,NYC Human Resources Administration,True,Not verified,Not supplied by FacDB,40.817107,-73.890933,dcp_colp,https://data.cityofnewyork.us/d/ji82-xba5
d51330dc14149ce746f70ea21619f1d9,CITY PLANNING HQ,120 BROADWAY,MANHATTAN,OFFICE,"OFFICES, TRAINING, AND TESTING",ADMINISTRATION OF GOVERNMENT,NYC Department of City Planning,Public,NYC Department of City Planning,True,Not verified,Not supplied by FacDB,40.708219,-74.010521,dcp_colp,https://data.cityofnewyork.us/d/ji82-xba5
d5549825fa2a6f11a920f5f67bcb680e,OFFICE CONDO UNIT,345 ADAMS STREET,BROOKLYN,OFFICE,"OFFICES, TRAINING, AND TESTING",ADMINISTRATION OF GOVERNMENT,NYC Board of Elections,Public,NYC Board of Elections,True,Not verified,Not supplied by FacDB,40.69272,-73.988446,dcp_colp,https://data.cityofnewyork.us/d/ji82-xba5
d593824466e3976687a07f0f42eba1fa,JAMAICA JOB CENTER,8812 MERRICK BOULEVARD,QUEENS,OFFICE,"OFFICES, TRAINING, AND TESTING",ADMINISTRATION OF GOVERNMENT,NYC Human Resources Administration/Department of Social Services,Public,NYC Human Resources Administration,True,Not verified,Not supplied by FacDB,40.708391,-73.796282,dcp_colp,https://data.cityofnewyork.us/d/ji82-xba5
d60bda192aa7c1ef3e2df825dfb9e23e,COMM BD 10,3165 EAST TREMONT AVENUE,BRONX,AGENCY OFFICE,"OFFICES, TRAINING, AND TESTING",ADMINISTRATION OF GOVERNMENT,NYC 2 Community Board 10,Public,NYC Bronx Community Board 10,True,Not verified,Not supplied by FacDB,40.837471,-73.834028,dcp_colp,https://data.cityofnewyork.us/d/ji82-xba5
d62acf14b6535014bc9cee4b8b712c35,HARPER STREET YARD,32-11 HARPER STREET,QUEENS,TRAINING FACILITY - OUTDOOR,"OFFICES, TRAINING, AND TESTING",ADMINISTRATION OF GOVERNMENT,NYC Department of Transportation,Public,NYC Department of Transportation,True,Not verified,Not supplied by FacDB,40.764532,-73.841271,dcp_colp,https://data.cityofnewyork.us/d/ji82-xba5
d6c5258308f68659fa44e9ead7f3504b,RUTH BADER GINSBURG BROOKLYN MUNICIPAL BUILDING,210 JORALEMON STREET,BROOKLYN,AGENCY OFFICE,"OFFICES, TRAINING, AND TESTING",ADMINISTRATION OF GOVERNMENT,NYC Department of Probation,Public,NYC Department of Probation,True,Not verified,Not supplied by FacDB,40.692072,-73.990473,dcp_colp,https://data.cityofnewyork.us/d/ji82-xba5
d6ec577fb261899c6101e15f9b64f036,FALCHI BUILDING,3102 47 AVENUE,QUEENS,FIELD OFFICE-PUBLIC,"OFFICES, TRAINING, AND TESTING",ADMINISTRATION OF GOVERNMENT,NYC Office of Administrative Trials and Hearings,Public,NYC Office of Administrative Trials and Hearings,True,Not verified,Not supplied by FacDB,40.742108,-73.935516,dcp_colp,https://data.cityofnewyork.us/d/ji82-xba5
d9094bf7aa8597745f19190ed018df8d,BUSHWICK MULTI-SERVICE CENTER,1420 BUSHWICK AVENUE,BROOKLYN,AGENCY EXECUTIVE OFFICE,"OFFICES, TRAINING, AND TESTING",ADMINISTRATION OF GOVERNMENT,NYC 3 Community Board 4,Public,NYC Brooklyn Community Board 4,True,Not verified,Not supplied by FacDB,40.683923,-73.909359,dcp_colp,https://data.cityofnewyork.us/d/ji82-xba5
d9354a3c4749088b58d1a202fba1a680,OFFICE CONDO UNIT,345 ADAMS STREET,BROOKLYN,AGENCY OFFICE,"OFFICES, TRAINING, AND TESTING",ADMINISTRATION OF GOVERNMENT,NYC Department of Finance,Public,NYC Department of Finance,True,Not verified,Not supplied by FacDB,40.69272,-73.988446,dcp_colp,https://data.cityofnewyork.us/d/ji82-xba5
dae7f31e23ca1229850a6b8ec054c978,ROOSEVELT I,971 DEKALB STREET,BROOKLYN,NYCHA COMMUNITY CENTER - BROOKLYN BOROUGH MANHATTAN OFFICE,"OFFICES, TRAINING, AND TESTING",ADMINISTRATION OF GOVERNMENT,NYC Housing Authority,Public,NYC Housing Authority,True,Not verified,Not supplied by FacDB,0.0,0.0,nycha_communitycenters,https://data.cityofnewyork.us/d/ji82-xba5
dafeb2cd1eeb1c6dc4ba94be580badf1,KINGS COUNTY CIVIL COURT,141 LIVINGSTON STREET,BROOKLYN,FIELD OFFICE-STAFF,"OFFICES, TRAINING, AND TESTING",ADMINISTRATION OF GOVERNMENT,NYC Human Resources Administration/Department of Social Services,Public,NYC Human Resources Administration,True,Not verified,Not supplied by FacDB,40.690829,-73.98814,dcp_colp,https://data.cityofnewyork.us/d/ji82-xba5
db544dcd0a2f8d7de12f35809ab53215,15 METROTECH CENTER,129 MYRTLE AVENUE,BROOKLYN,OFFICE,"OFFICES, TRAINING, AND TESTING",ADMINISTRATION OF GOVERNMENT,NYC Human Resources Administration/Department of Social Services,Public,NYC Human Resources Administration,True,Not verified,Not supplied by FacDB,40.694009,-73.984537,dcp_colp,https://data.cityofnewyork.us/d/ji82-xba5
db79db639a03633accddd9e59f5818ab,WORLD TRADE CENTER,7-Jan WORLD TRADE CENTER,MANHATTAN,OFFICE,"OFFICES, TRAINING, AND TESTING",ADMINISTRATION OF GOVERNMENT,NYC Human Resources Administration/Department of Social Services,Public,NYC Human Resources Administration,True,Not verified,Not supplied by FacDB,40.711639,-74.012343,dcp_colp,https://data.cityofnewyork.us/d/ji82-xba5
dd07b03b2833a025f9c5c13ee286cd53,DAVID N. DINKINS MANHATTAN MUNICIPAL BUILDING,1 CENTRE STREET,MANHATTAN,OFFICE,"OFFICES, TRAINING, AND TESTING",ADMINISTRATION OF GOVERNMENT,NYC Borough President - Manhattan,Public,NYC Borough President - Manhattan,True,Not verified,Not supplied by FacDB,40.712974,-74.003676,dcp_colp,https://data.cityofnewyork.us/d/ji82-xba5
ddbe87852d2dde29c7232013dfca6ba6,9 METROTECH CENTER,303-05 BRIDGE STREET,BROOKLYN,AGENCY EXECUTIVE OFFICE,"OFFICES, TRAINING, AND TESTING",ADMINISTRATION OF GOVERNMENT,NYC Fire Department,Public,NYC Fire Department,True,Not verified,Not supplied by FacDB,40.694498,-73.984551,dcp_colp,https://data.cityofnewyork.us/d/ji82-xba5
de78c414d0a2bd9a943ff65178137f13,OFFICES,109 EAST 16 STREET,MANHATTAN,OFFICE,"OFFICES, TRAINING, AND TESTING",ADMINISTRATION OF GOVERNMENT,NYC Human Resources Administration/Department of Social Services,Public,NYC Human Resources Administration,True,Not verified,Not supplied by FacDB,40.735683,-73.988092,dcp_colp,https://data.cityofnewyork.us/d/ji82-xba5
dee5e3476631c2578ea0c76c8dcfad45,TRAINING FACILITY,415 STATE ROAD,QUEENS,TRAINING FACILITY,"OFFICES, TRAINING, AND TESTING",ADMINISTRATION OF GOVERNMENT,NYC Police Department,Public,NYC Police Department,True,Not verified,Not supplied by FacDB,40.564852,-73.888394,dcp_colp,https://data.cityofnewyork.us/d/ji82-xba5
dee85401ab1ed0559cd63b23c02c41a2,OFFICES,BROADWAY,MANHATTAN,OFFICE,"OFFICES, TRAINING, AND TESTING",ADMINISTRATION OF GOVERNMENT,NYC 1 Community Board 9,Public,NYC Manhattan Community Board 9,True,Not verified,Not supplied by FacDB,40.818814,-73.956588,dcp_colp,https://data.cityofnewyork.us/d/ji82-xba5
df4c87b021c461c5ff1d6d8f7b9eb67b,POLICE ACADEMY SITE+AUTO POUND,128 STREET,QUEENS,TRAINING FACILITY,"OFFICES, TRAINING, AND TESTING",ADMINISTRATION OF GOVERNMENT,NYC Police Department,Public,NYC Police Department,True,Not verified,Not supplied by FacDB,40.771806,-73.841975,dcp_colp,https://data.cityofnewyork.us/d/ji82-xba5
dff4413e68f498601a6e2c5745b95cc0,FDRL OFFICE BLDG-POST OFFICE,74-90 CHURCH STREET,MANHATTAN,OFFICE,"OFFICES, TRAINING, AND TESTING",ADMINISTRATION OF GOVERNMENT,NYC Police Department,Public,NYC Police Department,True,Not verified,Not supplied by FacDB,40.712735,-74.010641,dcp_colp,https://data.cityofnewyork.us/d/ji82-xba5
dff733f2f69d6c3427ef3f736c9bbc21,OFFICE BLDG,100 GOLD STREET,MANHATTAN,AGENCY EXECUTIVE OFFICE,"OFFICES, TRAINING, AND TESTING",ADMINISTRATION OF GOVERNMENT,NYC Department of Education,Public,NYC Department of Education,True,Not verified,Not supplied by FacDB,40.710103,-74.003243,dcp_colp,https://data.cityofnewyork.us/d/ji82-xba5
e0a3ee0a084fe16adffee811a664938c,COMM BD 8,5676 RIVERDALE AVENUE,BRONX,AGENCY OFFICE,"OFFICES, TRAINING, AND TESTING",ADMINISTRATION OF GOVERNMENT,NYC 2 Community Board 8,Public,NYC Bronx Community Board 8,True,Not verified,Not supplied by FacDB,40.906253,-73.903702,dcp_colp,https://data.cityofnewyork.us/d/ji82-xba5
e0b8882b3b2b0bd7b45d8d8d318ed34e,RUTH BADER GINSBURG BROOKLYN MUNICIPAL BUILDING,210 JORALEMON STREET,BROOKLYN,BOROUGH OFFICE,"OFFICES, TRAINING, AND TESTING",ADMINISTRATION OF GOVERNMENT,NYC Department of Buildings,Public,NYC Department of Buildings,True,Not verified,Not supplied by FacDB,40.692072,-73.990473,dcp_colp,https://data.cityofnewyork.us/d/ji82-xba5
e1e5a51e1fed58baea10f5d81ba59ed6,PAERDEGAT BASIN PARK ADDITION,1875 RALPH AVENUE,BROOKLYN,OFFICE,"OFFICES, TRAINING, AND TESTING",ADMINISTRATION OF GOVERNMENT,NYC 3 Community Board 18,Public,NYC Brooklyn Community Board 18,True,Not verified,Not supplied by FacDB,40.627063,-73.910218,dcp_colp,https://data.cityofnewyork.us/d/ji82-xba5
e1ff794c9de6e51864d187b900f2aac6,CRIM COURTHOUSE/DETENTION CPLX,100 CENTRE STREET,MANHATTAN,AGENCY OFFICE,"OFFICES, TRAINING, AND TESTING",ADMINISTRATION OF GOVERNMENT,NYC Law Department,Public,NYC Law Department,True,Not verified,Not supplied by FacDB,40.716358,-74.000602,dcp_colp,https://data.cityofnewyork.us/d/ji82-xba5
e267326fe35e533ae18f49b238031de6,FOREST CITY PIERREPONT,300 CADMAN PLAZA WEST,BROOKLYN,OFFICE,"OFFICES, TRAINING, AND TESTING",ADMINISTRATION OF GOVERNMENT,NYC Fire Department,Public,NYC Fire Department,True,Not verified,Not supplied by FacDB,40.695127,-73.991439,dcp_colp,https://data.cityofnewyork.us/d/ji82-xba5
e2bd8db85740f3ec56408a245f8647a4,OFFICES,61-23 MYRTLE AVENUE,QUEENS,OFFICE,"OFFICES, TRAINING, AND TESTING",ADMINISTRATION OF GOVERNMENT,NYC 4 Community Board 5,Public,NYC Queens Community Board 5,True,Not verified,Not supplied by FacDB,40.701116,-73.893316,dcp_colp,https://data.cityofnewyork.us/d/ji82-xba5
e2c10b034ccc73bd666b418869d9f742,OFFICE BLDG,345 ADAMS STREET,BROOKLYN,OFFICE,"OFFICES, TRAINING, AND TESTING",ADMINISTRATION OF GOVERNMENT,NYC Administration for Childrens Services,Public,NYC Administration for Children's Services,True,Not verified,Not supplied by FacDB,40.69272,-73.988446,dcp_colp,https://data.cityofnewyork.us/d/ji82-xba5
e2c5abe1f785ebabce0d2c374d734e65,LEFRAK CITY - OFFICE,59-17 JUNCTION BOULEVARD,QUEENS,BOROUGH OFFICE,"OFFICES, TRAINING, AND TESTING",ADMINISTRATION OF GOVERNMENT,NYC Police Department,Public,NYC Police Department,True,Not verified,Not supplied by FacDB,40.734781,-73.864388,dcp_colp,https://data.cityofnewyork.us/d/ji82-xba5
e2dd4a24cdc378ac61979cf8d096274d,OFFICE CONDO UNIT,345 ADAMS STREET,BROOKLYN,OFFICE,"OFFICES, TRAINING, AND TESTING",ADMINISTRATION OF GOVERNMENT,NYC Administration for Childrens Services,Public,NYC Administration for Children's Services,True,Not verified,Not supplied by FacDB,40.69272,-73.988446,dcp_colp,https://data.cityofnewyork.us/d/ji82-xba5
e37ed24139b09ad51189ac4d8054a759,INVESTIGATIVE SUPPORT UNITS,19 BARCLAY STREET,MANHATTAN,AGENCY EXECUTIVE OFFICE,"OFFICES, TRAINING, AND TESTING",ADMINISTRATION OF GOVERNMENT,NYC Police Department,Public,NYC Police Department,True,Not verified,Not supplied by FacDB,40.712458,-74.008329,dcp_colp,https://data.cityofnewyork.us/d/ji82-xba5
e47853e97dc395e833b878ade3ad772e,NYS FAIR HEARING PROG,111 LIVINGSTON STREET,BROOKLYN,FIELD OFFICE-STAFF,"OFFICES, TRAINING, AND TESTING",ADMINISTRATION OF GOVERNMENT,NYC Human Resources Administration/Department of Social Services,Public,NYC Human Resources Administration,True,Not verified,Not supplied by FacDB,40.691476,-73.989806,dcp_colp,https://data.cityofnewyork.us/d/ji82-xba5
e5383b23ffc3ea8b4a5608c2ce676ef3,KINGS COUNTY CRIMINAL COURT,120 SCHERMERHORN STREET,BROOKLYN,AGENCY EXECUTIVE OFFICE,"OFFICES, TRAINING, AND TESTING",ADMINISTRATION OF GOVERNMENT,NYC Department of Correction,Public,NYC Department of Correction,True,Not verified,Not supplied by FacDB,40.689692,-73.988948,dcp_colp,https://data.cityofnewyork.us/d/ji82-xba5
e60efef5b7ef3e48fba52f7077006f31,MANHATTAN HS SUSPENSION OFFICE,2100-06 7 AVENUE,MANHATTAN,OFFICE LEASED BY EDUC,"OFFICES, TRAINING, AND TESTING",ADMINISTRATION OF GOVERNMENT,NYC Department of Education,Public,NYC Department of Education,True,Not verified,Not supplied by FacDB,40.809388,-73.948589,dcp_colp,https://data.cityofnewyork.us/d/ji82-xba5
e780dded80e56c11a230aed75fbff01d,GERTZ PLAZA ACS MULTI PROGRAM,162-10 JAMAICA AVENUE,QUEENS,FIELD OFFICE-PUBLIC,"OFFICES, TRAINING, AND TESTING",ADMINISTRATION OF GOVERNMENT,NYC Human Resources Administration/Department of Social Services,Public,NYC Human Resources Administration,True,Not verified,Not supplied by FacDB,40.703768,-73.7971,dcp_colp,https://data.cityofnewyork.us/d/ji82-xba5
e884691b4b55176424537846f412bf33,BRONX SUPREME COUNTY COURTHOUSE,851 GRAND CONCOURSE,BRONX,BOROUGH OFFICE,"OFFICES, TRAINING, AND TESTING",ADMINISTRATION OF GOVERNMENT,NYC Office of the City Clerk,Public,NYC Office of the City Clerk,True,Not verified,Not supplied by FacDB,40.82629,-73.923799,dcp_colp,https://data.cityofnewyork.us/d/ji82-xba5
e8d8cf461f6f5f008e606c82a0982d35,BROOKLYN BOROUGH HALL/PARK,209 JORALEMON STREET,BROOKLYN,AGENCY EXECUTIVE OFFICE,"OFFICES, TRAINING, AND TESTING",ADMINISTRATION OF GOVERNMENT,NYC Borough President - Brooklyn,Public,NYC Borough President - Brooklyn,True,Not verified,Not supplied by FacDB,40.69365,-73.989971,dcp_colp,https://data.cityofnewyork.us/d/ji82-xba5
e973898fbeec5c6948426d601f02a939,NYPD CITYWIDE TRAFFIC TASK FC,134 WEST 30 STREET,MANHATTAN,AGENCY OFFICE,"OFFICES, TRAINING, AND TESTING",ADMINISTRATION OF GOVERNMENT,NYC Police Department,Public,NYC Police Department,True,Not verified,Not supplied by FacDB,40.747807,-73.991457,dcp_colp,https://data.cityofnewyork.us/d/ji82-xba5
e97f3d534f2294cac03ad8d3a18e76ef,OFFICES,2615 WEST 13 STREET,BROOKLYN,AGENCY OFFICE,"OFFICES, TRAINING, AND TESTING",ADMINISTRATION OF GOVERNMENT,NYC Police Department,Public,NYC Police Department,True,Not verified,Not supplied by FacDB,40.584105,-73.981441,dcp_colp,https://data.cityofnewyork.us/d/ji82-xba5
ea18ca7a146d93307c3b4690dbd6a6d3,FIRE DEPT.FIRE TRAIN. FACILITY,WARDS ISLAND,MANHATTAN,TRAINING FACILITY,"OFFICES, TRAINING, AND TESTING",ADMINISTRATION OF GOVERNMENT,NYC Fire Department,Public,NYC Fire Department,True,Not verified,Not supplied by FacDB,40.787448,-73.921912,dcp_colp,https://data.cityofnewyork.us/d/ji82-xba5
eb26a040daf9b882557c71e875e9e002,SCHOOL.DISTRICT.27.OFFICES,82-01 ROCKAWAY BOULEVARD,QUEENS,OFFICE LEASED BY EDUC,"OFFICES, TRAINING, AND TESTING",ADMINISTRATION OF GOVERNMENT,NYC Department of Education,Public,NYC Department of Education,True,Not verified,Not supplied by FacDB,40.684508,-73.85818,dcp_colp,https://data.cityofnewyork.us/d/ji82-xba5
eb2d246962cc335b6a115abf23ae024f,LOUIS J. LEFKOWITZ BUILDING,80 CENTRE STREET,MANHATTAN,BOROUGH OFFICE,"OFFICES, TRAINING, AND TESTING",ADMINISTRATION OF GOVERNMENT,NYC Office of the City Clerk,Public,NYC Office of the City Clerk,True,Not verified,Not supplied by FacDB,40.715096,-74.001187,dcp_colp,https://data.cityofnewyork.us/d/ji82-xba5
eb7ad15b1dc6997a407b32e8def70109,FAMILY COURT,151-04 JAMAICA AVENUE,QUEENS,AGENCY EXECUTIVE OFFICE,"OFFICES, TRAINING, AND TESTING",ADMINISTRATION OF GOVERNMENT,NYC Police Department,Public,NYC Police Department,True,Not verified,Not supplied by FacDB,40.702185,-73.802782,dcp_colp,https://data.cityofnewyork.us/d/ji82-xba5
eba1301fb3ed91fdbcf05d7a96fcd821,BUSHWICK MULTI-SERVICE CENTER,1420 BUSHWICK AVENUE,BROOKLYN,OFFICE,"OFFICES, TRAINING, AND TESTING",ADMINISTRATION OF GOVERNMENT,NYC 3 Community Board 4,Public,NYC Brooklyn Community Board 4,True,Not verified,Not supplied by FacDB,40.683923,-73.909359,dcp_colp,https://data.cityofnewyork.us/d/ji82-xba5
ebcfcfdebce51744064d5ae3b727ffd2,OFFICES,11209 QUEENS BOULEVARD,QUEENS,BOROUGH OFFICE,"OFFICES, TRAINING, AND TESTING",ADMINISTRATION OF GOVERNMENT,NYC Board of Elections,Public,NYC Board of Elections,True,Not verified,Not supplied by FacDB,40.715256,-73.830624,dcp_colp,https://data.cityofnewyork.us/d/ji82-xba5
ec00d6ad591942ce74d9919e73eb596b,CONDO UNIT DESIGNATION OFF2,335 ADAMS STREET,BROOKLYN,OFFICE LEASED BY EDUC,"OFFICES, TRAINING, AND TESTING",ADMINISTRATION OF GOVERNMENT,NYC Department of Education,Public,NYC Department of Education,True,Not verified,Not supplied by FacDB,40.693812,-73.987992,dcp_colp,https://data.cityofnewyork.us/d/ji82-xba5
ec342b6898ddefe45a8ab318c1b6ba13,OFFICES,29 AVENUE OF THE FINEST,MANHATTAN,AGENCY EXECUTIVE OFFICE,"OFFICES, TRAINING, AND TESTING",ADMINISTRATION OF GOVERNMENT,NYC Human Resources Administration/Department of Social Services,Public,NYC Human Resources Administration,True,Not verified,Not supplied by FacDB,40.710907,-74.001176,dcp_colp,https://data.cityofnewyork.us/d/ji82-xba5
ecfa36f6b5ec4f9f524d022a4a057c11,OFFICES,151-163 WEST BROADWAY,MANHATTAN,FIELD OFFICE-PUBLIC,"OFFICES, TRAINING, AND TESTING",ADMINISTRATION OF GOVERNMENT,NYC Human Resources Administration/Department of Social Services,Public,NYC Human Resources Administration,True,Not verified,Not supplied by FacDB,40.717113,-74.00746,dcp_colp,https://data.cityofnewyork.us/d/ji82-xba5
ed5d53104350945f079084965e98aea4,STATEN ISLAND BOROUGH HALL,10 RICHMOND TERRACE,STATEN ISLAND,OFFICE,"OFFICES, TRAINING, AND TESTING",ADMINISTRATION OF GOVERNMENT,NYC Department of Citywide Administrative Services,Public,NYC Department of Citywide Administrative Services,True,Not verified,Not supplied by FacDB,40.6424,-74.075958,dcp_colp,https://data.cityofnewyork.us/d/ji82-xba5
ed7389313f7d5b37d74031508dff7e4a,OFFICE BLDG,16 COURT STREET,BROOKLYN,BOROUGH OFFICE,"OFFICES, TRAINING, AND TESTING",ADMINISTRATION OF GOVERNMENT,NYC Department of City Planning,Public,NYC Department of City Planning,True,Not verified,Not supplied by FacDB,40.693609,-73.990862,dcp_colp,https://data.cityofnewyork.us/d/ji82-xba5
ee081b9f0c41ea13392fac53583c9a94,HEALTH BUILDING-125 WORTH ST,125 WORTH STREET,MANHATTAN,AGENCY EXECUTIVE OFFICE,"OFFICES, TRAINING, AND TESTING",ADMINISTRATION OF GOVERNMENT,NYC Department of Citywide Administrative Services,Public,NYC Department of Citywide Administrative Services,True,Not verified,Not supplied by FacDB,40.715669,-74.002352,dcp_colp,https://data.cityofnewyork.us/d/ji82-xba5
ee461b59ae101d4fe15ce78240db9dfe,OFFICES,29 AVENUE OF THE FINEST,MANHATTAN,OFFICE,"OFFICES, TRAINING, AND TESTING",ADMINISTRATION OF GOVERNMENT,NYC Police Department,Public,NYC Police Department,True,Not verified,Not supplied by FacDB,40.710907,-74.001176,dcp_colp,https://data.cityofnewyork.us/d/ji82-xba5
ee4f66bb05152f90fd36fd1bbb316129,MARK A. COSTANTINO JUDICIAL CT,130 STUYVESANT PLACE,STATEN ISLAND,OFFICE,"OFFICES, TRAINING, AND TESTING",ADMINISTRATION OF GOVERNMENT,NYC Department of Probation,Public,NYC Department of Probation,True,Not verified,Not supplied by FacDB,40.64277,-74.077256,dcp_colp,https://data.cityofnewyork.us/d/ji82-xba5
ee8c34e7649729a1d83531ff3377106f,STATEN ISLAND BOROUGH HALL,10 RICHMOND TERRACE,STATEN ISLAND,OFFICE,"OFFICES, TRAINING, AND TESTING",ADMINISTRATION OF GOVERNMENT,NYC Department of Transportation,Public,NYC Department of Transportation,True,Not verified,Not supplied by FacDB,40.6424,-74.075958,dcp_colp,https://data.cityofnewyork.us/d/ji82-xba5
ef3560aafc9fd1fd499c5bfaa5ef765d,EDUC ADMINISTRATIVE OFFICES,49 FLATBUSH AVENUE EXTENSION,BROOKLYN,AGENCY OFFICE,"OFFICES, TRAINING, AND TESTING",ADMINISTRATION OF GOVERNMENT,NYC Department of Education,Public,NYC Department of Education,True,Not verified,Not supplied by FacDB,40.697339,-73.984518,dcp_colp,https://data.cityofnewyork.us/d/ji82-xba5
ef7284900bb353fbc871a88adee5dc8c,CONDO UNIT DESIGNATION OFF2,335 ADAMS STREET,BROOKLYN,AGENCY OFFICE,"OFFICES, TRAINING, AND TESTING",ADMINISTRATION OF GOVERNMENT,NYC Law Department,Public,NYC Law Department,True,Not verified,Not supplied by FacDB,40.693812,-73.987992,dcp_colp,https://data.cityofnewyork.us/d/ji82-xba5
ef8dc4f441dfa836948e9b99437f4872,BERGEN BLDG/NYC MUNICIPAL BLDG,1932 ARTHUR AVENUE,BRONX,AGENCY EXECUTIVE OFFICE,"OFFICES, TRAINING, AND TESTING",ADMINISTRATION OF GOVERNMENT,NYC Department of Information Technology and Telecommunications,Public,NYC Department of Information Technology and Telecommunications,True,Not verified,Not supplied by FacDB,40.845703,-73.892755,dcp_colp,https://data.cityofnewyork.us/d/ji82-xba5
eff0561160dade29221a2f4ac848c67a,HEALTH DEPT PUBLIC HEALTH LAB,455 FIRST AVENUE,MANHATTAN,AGENCY OFFICE,"OFFICES, TRAINING, AND TESTING",ADMINISTRATION OF GOVERNMENT,NYC Department of Health and Mental Hygiene,Public,NYC Department of Health and Mental Hygiene,True,Not verified,Not supplied by FacDB,40.739335,-73.977472,dcp_colp,https://data.cityofnewyork.us/d/ji82-xba5
f06fb5f76ddf9833f3a1a00a6c6c3d1d,CORRECTION HEADQUARTERS,7520 ASTORIA BLVD SOUTH,QUEENS,OFFICE,"OFFICES, TRAINING, AND TESTING",ADMINISTRATION OF GOVERNMENT,NYC Department of Correction,Public,NYC Department of Correction,True,Not verified,Not supplied by FacDB,40.764136,-73.893244,dcp_colp,https://data.cityofnewyork.us/d/ji82-xba5
f08d5e80251628a6f2c19b59dded2668,METRO TECHOLOGY CENTER URA,363 JAY STREET,BROOKLYN,OFFICE,"OFFICES, TRAINING, AND TESTING",ADMINISTRATION OF GOVERNMENT,NYC Human Resources Administration/Department of Social Services,Public,NYC Human Resources Administration,True,Not verified,Not supplied by FacDB,40.693222,-73.986719,dcp_colp,https://data.cityofnewyork.us/d/ji82-xba5
f1070516c802f427839d3e1b2af4a09a,FALCHI BUILDING,3102 47 AVENUE,QUEENS,OFFICE,"OFFICES, TRAINING, AND TESTING",ADMINISTRATION OF GOVERNMENT,NYC Taxi and Limousine Commission,Public,NYC Taxi and Limousine Commission,True,Not verified,Not supplied by FacDB,40.742108,-73.935516,dcp_colp,https://data.cityofnewyork.us/d/ji82-xba5
f21531420a8306fb549166be4e8c771c,NYPD OPERATIONS,137 CENTRE STREET,MANHATTAN,AGENCY OFFICE,"OFFICES, TRAINING, AND TESTING",ADMINISTRATION OF GOVERNMENT,NYC Police Department,Public,NYC Police Department,True,Not verified,Not supplied by FacDB,40.717193,-74.000891,dcp_colp,https://data.cityofnewyork.us/d/ji82-xba5
f22e994824f7784a8f6c03d1f514bbdd,OFFICE BLDG,42 BROADWAY,MANHATTAN,OFFICE,"OFFICES, TRAINING, AND TESTING",ADMINISTRATION OF GOVERNMENT,NYC Department of Health and Mental Hygiene,Public,NYC Department of Health and Mental Hygiene,True,Not verified,Not supplied by FacDB,40.705988,-74.012595,dcp_colp,https://data.cityofnewyork.us/d/ji82-xba5
f28b96dda7bc093ef3bde75730eaa08f,OFFICES,2615 WEST 13 STREET,BROOKLYN,AGENCY OFFICE,"OFFICES, TRAINING, AND TESTING",ADMINISTRATION OF GOVERNMENT,NYC Office of Emergency Management,Public,NYC Office of Emergency Management,True,Not verified,Not supplied by FacDB,40.584105,-73.981441,dcp_colp,https://data.cityofnewyork.us/d/ji82-xba5
f2c0f24a482532a6f64e9f8b199b4802,SUPREME AND SURROGATE COURT,360 ADAMS STREET,BROOKLYN,BOROUGH OFFICE,"OFFICES, TRAINING, AND TESTING",ADMINISTRATION OF GOVERNMENT,NYC Public Administrators Office - Brooklyn,Public,NYC Public Administrators Office - Brooklyn,True,Not verified,Not supplied by FacDB,40.693892,-73.989423,dcp_colp,https://data.cityofnewyork.us/d/ji82-xba5
f303c669467d05e210e98c2380f4f18f,STATEN ISLAND BUSINESS CENTER,350 ST MARKS PLACE,STATEN ISLAND,FIELD OFFICE-PUBLIC,"OFFICES, TRAINING, AND TESTING",ADMINISTRATION OF GOVERNMENT,NYC Office of Administrative Trials and Hearings,Public,NYC Office of Administrative Trials and Hearings,True,Not verified,Not supplied by FacDB,40.641276,-74.078249,dcp_colp,https://data.cityofnewyork.us/d/ji82-xba5
f3455cd543289e84b894054ed725fff4,BRONX FIELD OFFICE,2501 GRAND CONCOURSE,BRONX,FIELD OFFICE-PUBLIC,"OFFICES, TRAINING, AND TESTING",ADMINISTRATION OF GOVERNMENT,NYC Administration for Childrens Services,Public,NYC Administration for Children's Services,True,Not verified,Not supplied by FacDB,40.862964,-73.897456,dcp_colp,https://data.cityofnewyork.us/d/ji82-xba5
f3768f8a516ea213448868b868a1d433,OFFICES,95 EVERGREEN AVENUE,BROOKLYN,OFFICE,"OFFICES, TRAINING, AND TESTING",ADMINISTRATION OF GOVERNMENT,NYC Human Resources Administration/Department of Social Services,Public,NYC Human Resources Administration,True,Not verified,Not supplied by FacDB,40.700092,-73.932101,dcp_colp,https://data.cityofnewyork.us/d/ji82-xba5
f40004a4b53570cdd692f3615dd52b94,BROOKLYN FAMILY COURT,330 JAY STREET,BROOKLYN,FIELD OFFICE-PUBLIC,"OFFICES, TRAINING, AND TESTING",ADMINISTRATION OF GOVERNMENT,NYC Administration for Childrens Services,Public,NYC Administration for Children's Services,True,Not verified,Not supplied by FacDB,40.694603,-73.987696,dcp_colp,https://data.cityofnewyork.us/d/ji82-xba5
f456abc19746cbd048c9b0b67ce049e4,ACS,185 MARCY AVENUE,BROOKLYN,FIELD OFFICE-PUBLIC,"OFFICES, TRAINING, AND TESTING",ADMINISTRATION OF GOVERNMENT,NYC Administration for Childrens Services,Public,NYC Administration for Children's Services,True,Not verified,Not supplied by FacDB,40.707762,-73.957966,dcp_colp,https://data.cityofnewyork.us/d/ji82-xba5
f477d83b93e9b613c7ce8fb820492d21,NYPD OFFICES,4201 4 AVENUE,BROOKLYN,AGENCY OFFICE,"OFFICES, TRAINING, AND TESTING",ADMINISTRATION OF GOVERNMENT,NYC Police Department,Public,NYC Police Department,True,Not verified,Not supplied by FacDB,40.650481,-74.007899,dcp_colp,https://data.cityofnewyork.us/d/ji82-xba5
f5b829acc151ede74e75caa1c9568079,CHINESE-AMERICAN PLANNING COUNCIL DAYCARE CENTER AND OPEN DOOR SENIOR CENTER,115 CHRYSTIE STREET,MANHATTAN,OFFICE,"OFFICES, TRAINING, AND TESTING",ADMINISTRATION OF GOVERNMENT,NYC Human Resources Administration/Department of Social Services,Public,NYC Human Resources Administration,True,Not verified,Not supplied by FacDB,40.718683,-73.993929,dcp_colp,https://data.cityofnewyork.us/d/ji82-xba5
f5c6bd637846d2a0b9154e80d000c3e3,OFFICES,14-22 CORTLANDT STREET,MANHATTAN,OFFICE,"OFFICES, TRAINING, AND TESTING",ADMINISTRATION OF GOVERNMENT,NYC Office of Labor Relations,Public,NYC Office of Labor Relations,True,Not verified,Not supplied by FacDB,40.710465,-74.0105,dcp_colp,https://data.cityofnewyork.us/d/ji82-xba5
f6330585c95242e41e47c32a7a180538,DOT BRONX OFFICES-VARIOUS BUREAUS,1400 WILLIAMSBRIDGE ROAD,BRONX,BOROUGH OFFICE,"OFFICES, TRAINING, AND TESTING",ADMINISTRATION OF GOVERNMENT,NYC Department of Transportation,Public,NYC Department of Transportation,True,Not verified,Not supplied by FacDB,40.842565,-73.843936,dcp_colp,https://data.cityofnewyork.us/d/ji82-xba5
f76206c894b536033b0c6b93376ab237,OFFICES,10901 217 STREET,QUEENS,AGENCY OFFICE,"OFFICES, TRAINING, AND TESTING",ADMINISTRATION OF GOVERNMENT,NYC Police Department,Public,NYC Police Department,True,Not verified,Not supplied by FacDB,40.786385,-73.857494,dcp_colp,https://data.cityofnewyork.us/d/ji82-xba5
f76bbae42794f27303d0166a9bbc2be2,COMM BD 13,1207 SURF AVENUE,BROOKLYN,OFFICE,"OFFICES, TRAINING, AND TESTING",ADMINISTRATION OF GOVERNMENT,NYC 3 Community Board 13,Public,NYC Brooklyn Community Board 13,True,Not verified,Not supplied by FacDB,40.575843,-73.97982,dcp_colp,https://data.cityofnewyork.us/d/ji82-xba5
f799b554a45c592023ac4b4ee2167d57,QUEENS PUBLIC LIBRARY,145-54 156 STREET,QUEENS,FIELD OFFICE-STAFF,"OFFICES, TRAINING, AND TESTING",ADMINISTRATION OF GOVERNMENT,Queens Public Library,Public,Queens Public Library,True,Not verified,Not supplied by FacDB,40.664309,-73.782485,dcp_colp,https://data.cityofnewyork.us/d/ji82-xba5
f865b5fc5c1d6ebb01b21e3a5188e570,OFFICES,1505 ALBANY AVENUE,BROOKLYN,OFFICE,"OFFICES, TRAINING, AND TESTING",ADMINISTRATION OF GOVERNMENT,NYC 3 Community Board 17,Public,NYC Brooklyn Community Board 17,True,Not verified,Not supplied by FacDB,40.636688,-73.937206,dcp_colp,https://data.cityofnewyork.us/d/ji82-xba5
f95be672621937d011a7df2d21a526a0,OFFICES,900 SOUTH AVENUE,STATEN ISLAND,OFFICE,"OFFICES, TRAINING, AND TESTING",ADMINISTRATION OF GOVERNMENT,NYC 5 Community Board 2,Public,NYC Staten Island Community Board 2,True,Not verified,Not supplied by FacDB,40.61692,-74.172793,dcp_colp,https://data.cityofnewyork.us/d/ji82-xba5
fa89856ca01e2be37dea2ab37f81ed32,QUEENS STOREHOUSE,66-26 METROPOLITAN AVENUE,QUEENS,TRAINING FACILITY - INDOOR,"OFFICES, TRAINING, AND TESTING",ADMINISTRATION OF GOVERNMENT,NYC Department of Correction,Public,NYC Department of Correction,True,Not verified,Not supplied by FacDB,40.710897,-73.89158,dcp_colp,https://data.cityofnewyork.us/d/ji82-xba5
fb37bb776d1fcf66a69ce0013dc3f597,MARK A. COSTANTINO JUDICIAL CT,130 STUYVESANT PLACE,STATEN ISLAND,BOROUGH OFFICE,"OFFICES, TRAINING, AND TESTING",ADMINISTRATION OF GOVERNMENT,NYC Department of City Planning,Public,NYC Department of City Planning,True,Not verified,Not supplied by FacDB,40.64277,-74.077256,dcp_colp,https://data.cityofnewyork.us/d/ji82-xba5
fbcf6e81409fd914ae84bd7de5259f32,DOI HEADQUARTERS,80 MAIDEN LANE,MANHATTAN,AGENCY OFFICE,"OFFICES, TRAINING, AND TESTING",ADMINISTRATION OF GOVERNMENT,NYC Office of the Mayor,Public,NYC Office of the Mayor,True,Not verified,Not supplied by FacDB,40.707086,-74.007802,dcp_colp,https://data.cityofnewyork.us/d/ji82-xba5
fbd2d93f1683c56c6d43dacb3a4caf44,60 BROAD ST/33 BEAVER ST,60 BROAD STREET,MANHATTAN,AGENCY OFFICE,"OFFICES, TRAINING, AND TESTING",ADMINISTRATION OF GOVERNMENT,NYC Department of Probation,Public,NYC Department of Probation,True,Not verified,Not supplied by FacDB,40.705313,-74.012,dcp_colp,https://data.cityofnewyork.us/d/ji82-xba5
fc597334a409c3136cbd055106d45ee2,DIVISION OF SUPPORT SERVICES,44-36 VERNON BOULEVARD,QUEENS,AGENCY OFFICE,"OFFICES, TRAINING, AND TESTING",ADMINISTRATION OF GOVERNMENT,NYC Department of Education,Public,NYC Department of Education,True,Not verified,Not supplied by FacDB,40.750071,-73.953074,dcp_colp,https://data.cityofnewyork.us/d/ji82-xba5
fc7b59b8dde5a51c0c640a53adddab17,OFFICES,,BROOKLYN,FIELD OFFICE-PUBLIC,"OFFICES, TRAINING, AND TESTING",ADMINISTRATION OF GOVERNMENT,NYC Human Resources Administration/Department of Social Services,Public,NYC Human Resources Administration,True,Not verified,Not supplied by FacDB,40.575734,-73.986242,dcp_colp,https://data.cityofnewyork.us/d/ji82-xba5
fcadd48d6a2fb4178c15629660bedd03,OFFICES,322- 334 EAST 45 STREET,MANHATTAN,AGENCY OFFICE,"OFFICES, TRAINING, AND TESTING",ADMINISTRATION OF GOVERNMENT,NYC Office of the Mayor,Public,NYC Office of the Mayor,True,Not verified,Not supplied by FacDB,40.750831,-73.9696,dcp_colp,https://data.cityofnewyork.us/d/ji82-xba5
fd21ee683b985f8972236b00b65b5c9d,TOWN HALL,4101 WHITE PLAINS ROAD,BRONX,AGENCY EXECUTIVE OFFICE,"OFFICES, TRAINING, AND TESTING",ADMINISTRATION OF GOVERNMENT,NYC Department of Consumer Affairs,Public,NYC Department of Consumer Affairs,True,Not verified,Not supplied by FacDB,40.890914,-73.859165,dcp_colp,https://data.cityofnewyork.us/d/ji82-xba5
fdbbd5f9ddd92a7222b34c236e286aa4,OFFICES,100 EAST 175 STREET,BRONX,AGENCY OFFICE,"OFFICES, TRAINING, AND TESTING",ADMINISTRATION OF GOVERNMENT,NYC Department of Buildings,Public,NYC Department of Buildings,True,Not verified,Not supplied by FacDB,40.84647,-73.910399,dcp_colp,https://data.cityofnewyork.us/d/ji82-xba5
fdcc0070da13f7c586e78bfc9fc49319,OFFICE BLDG,66 JOHN STREET,MANHATTAN,OFFICE,"OFFICES, TRAINING, AND TESTING",ADMINISTRATION OF GOVERNMENT,NYC Police Department,Public,NYC Police Department,True,Not verified,Not supplied by FacDB,40.708659,-74.007982,dcp_colp,https://data.cityofnewyork.us/d/ji82-xba5
fe4eac19ed5646ed3c3b57a6a83733d7,OFFICES,00069-30 AUSTIN STREET,QUEENS,OFFICE,"OFFICES, TRAINING, AND TESTING",ADMINISTRATION OF GOVERNMENT,NYC Police Department,Public,NYC Police Department,True,Not verified,Not supplied by FacDB,40.721367,-73.848715,dcp_colp,https://data.cityofnewyork.us/d/ji82-xba5
feb7ff27fc9dec8b65b36bcc74b5992b,MICSA/HASA,1776-90 GRAND CONCOURSE,BRONX,FIELD OFFICE-PUBLIC,"OFFICES, TRAINING, AND TESTING",ADMINISTRATION OF GOVERNMENT,NYC Human Resources Administration/Department of Social Services,Public,NYC Human Resources Administration,True,Not verified,Not supplied by FacDB,40.84611,-73.908932,dcp_colp,https://data.cityofnewyork.us/d/ji82-xba5
feec4bfd38b7d7c9bbfa4e6a57d7333e,MITCHEL,188 / 182 LINCOLN AVENUE,BRONX,NYCHA COMMUNITY CENTER - NEIGHBORHOOD 4 OFFICE,"OFFICES, TRAINING, AND TESTING",ADMINISTRATION OF GOVERNMENT,NYC Housing Authority,Public,NYC Housing Authority,True,Not verified,Not supplied by FacDB,0.0,0.0,nycha_communitycenters,https://data.cityofnewyork.us/d/ji82-xba5
ffbdd82db59517dcbe0bd7853e6ce72c,OFFICES,22 READE STREET,MANHATTAN,OFFICE,"OFFICES, TRAINING, AND TESTING",ADMINISTRATION OF GOVERNMENT,NYC Department of Citywide Administrative Services,Public,NYC Department of Citywide Administrative Services,True,Not verified,Not supplied by FacDB,40.714393,-74.004783,dcp_colp,https://data.cityofnewyork.us/d/ji82-xba5
ffe0675715d049acdff959410b88deb3,SURROGATE COURT,31 CHAMBERS STREET,MANHATTAN,OFFICE,"OFFICES, TRAINING, AND TESTING",ADMINISTRATION OF GOVERNMENT,NYC Department of Citywide Administrative Services,Public,NYC Department of Citywide Administrative Services,True,Not verified,Not supplied by FacDB,40.713594,-74.004242,dcp_colp,https://data.cityofnewyork.us/d/ji82-xba5
