id,name,service,agency,category,borough,address,channel,status,hoursText,appointment,remoteAlternative,visitRequired,notes,exceptionsText,sourceUrl,checkedDate,schedule
idnyc-enrollment-bronx-business-center,Bronx Business Center,IDNYC enrollment,IDNYC,Identity & records,Bronx,"3030 Third Avenue, 2nd Floor",in_person,active,Mon–Fri 08:30–16:30,Appointment required except designated walk-in days at five centers. See source for weekly releases.,Enrollment requires document review and a photo in person. Some renewals follow different rules.,True,"These are enrollment-counter hours, not the host building’s hours. Appointments and walk-in capacity are not measured.",,https://www.nyc.gov/site/idnyc/card/locations.page,2026-09-24,"[{""days"": [0, 1, 2, 3, 4], ""start"": ""08:30"", ""end"": ""16:30""}]"
idnyc-enrollment-bronx-monterey,Bronx Monterey,IDNYC enrollment,IDNYC,Identity & records,Bronx,"1910 Monterey Avenue, 3rd Floor",in_person,active,Mon–Fri 09:00–17:00,Appointment required except designated walk-in days at five centers. See source for weekly releases.,Enrollment requires document review and a photo in person. Some renewals follow different rules.,True,"These are enrollment-counter hours, not the host building’s hours. Appointments and walk-in capacity are not measured.",,https://www.nyc.gov/site/idnyc/card/locations.page,2026-09-24,"[{""days"": [0, 1, 2, 3, 4], ""start"": ""09:00"", ""end"": ""17:00""}]"
idnyc-enrollment-brooklyn-public-library-central,Brooklyn Public Library Central,IDNYC enrollment,IDNYC,Identity & records,Brooklyn,10 Grand Army Plaza,in_person,active,Mon–Fri 09:00–17:00; closed 13:00–14:00 for lunch,Appointment required except designated walk-in days at five centers. See source for weekly releases.,Enrollment requires document review and a photo in person. Some renewals follow different rules.,True,"These are enrollment-counter hours, not the host building’s hours. Appointments and walk-in capacity are not measured.",,https://www.nyc.gov/site/idnyc/card/locations.page,2026-09-24,"[{""days"": [0, 1, 2, 3, 4], ""start"": ""09:00"", ""end"": ""13:00""}, {""days"": [0, 1, 2, 3, 4], ""start"": ""14:00"", ""end"": ""17:00""}]"
idnyc-enrollment-east-new-york,East New York,IDNYC enrollment,IDNYC,Identity & records,Brooklyn,"2400 Fulton Street, 5th Floor",in_person,active,Mon–Fri 08:30–17:00,Appointment required except designated walk-in days at five centers. See source for weekly releases.,Enrollment requires document review and a photo in person. Some renewals follow different rules.,True,"These are enrollment-counter hours, not the host building’s hours. Appointments and walk-in capacity are not measured.",,https://www.nyc.gov/site/idnyc/card/locations.page,2026-09-24,"[{""days"": [0, 1, 2, 3, 4], ""start"": ""08:30"", ""end"": ""17:00""}]"
idnyc-enrollment-coney-island,Coney Island,IDNYC enrollment,IDNYC,Identity & records,Brooklyn,"1912 Mermaid Avenue, 1st Floor",in_person,active,Mon–Fri 09:00–17:00; closed 13:00–14:00 for lunch,Appointment required except designated walk-in days at five centers. See source for weekly releases.,Enrollment requires document review and a photo in person. Some renewals follow different rules.,True,"These are enrollment-counter hours, not the host building’s hours. Appointments and walk-in capacity are not measured.",,https://www.nyc.gov/site/idnyc/card/locations.page,2026-09-24,"[{""days"": [0, 1, 2, 3, 4], ""start"": ""09:00"", ""end"": ""13:00""}, {""days"": [0, 1, 2, 3, 4], ""start"": ""14:00"", ""end"": ""17:00""}]"
idnyc-enrollment-manhattan-business-center,Manhattan Business Center,IDNYC enrollment,IDNYC,Identity & records,Manhattan,"66 John Street, 2nd Floor",in_person,active,Mon–Fri 08:30–16:30; closed 13:00–14:00 for lunch,Appointment required except designated walk-in days at five centers. See source for weekly releases.,Enrollment requires document review and a photo in person. Some renewals follow different rules.,True,"These are enrollment-counter hours, not the host building’s hours. Appointments and walk-in capacity are not measured.",,https://www.nyc.gov/site/idnyc/card/locations.page,2026-09-24,"[{""days"": [0, 1, 2, 3, 4], ""start"": ""08:30"", ""end"": ""13:00""}, {""days"": [0, 1, 2, 3, 4], ""start"": ""14:00"", ""end"": ""16:30""}]"
idnyc-enrollment-union-square,Union Square,IDNYC enrollment,IDNYC,Identity & records,Manhattan,"109 East 16th Street, 1st Floor",in_person,active,Mon–Fri 08:30–17:00,Appointment required except designated walk-in days at five centers. See source for weekly releases.,Enrollment requires document review and a photo in person. Some renewals follow different rules.,True,"These are enrollment-counter hours, not the host building’s hours. Appointments and walk-in capacity are not measured.",,https://www.nyc.gov/site/idnyc/card/locations.page,2026-09-24,"[{""days"": [0, 1, 2, 3, 4], ""start"": ""08:30"", ""end"": ""17:00""}]"
idnyc-enrollment-east-harlem,East Harlem,IDNYC enrollment,IDNYC,Identity & records,Manhattan,"158 East 115th Street, Room 108",in_person,active,Mon–Fri 09:00–17:00; closed 13:00–14:00 for lunch,Appointment required except designated walk-in days at five centers. See source for weekly releases.,Enrollment requires document review and a photo in person. Some renewals follow different rules.,True,"These are enrollment-counter hours, not the host building’s hours. Appointments and walk-in capacity are not measured.",,https://www.nyc.gov/site/idnyc/card/locations.page,2026-09-24,"[{""days"": [0, 1, 2, 3, 4], ""start"": ""09:00"", ""end"": ""13:00""}, {""days"": [0, 1, 2, 3, 4], ""start"": ""14:00"", ""end"": ""17:00""}]"
idnyc-enrollment-queens-public-library-at-central,Queens Public Library at Central,IDNYC enrollment,IDNYC,Identity & records,Queens,"89-11 Merrick Boulevard, 1st Floor",in_person,active,Mon–Fri 10:00–18:00,Appointment required except designated walk-in days at five centers. See source for weekly releases.,Enrollment requires document review and a photo in person. Some renewals follow different rules.,True,"These are enrollment-counter hours, not the host building’s hours. Appointments and walk-in capacity are not measured.",,https://www.nyc.gov/site/idnyc/card/locations.page,2026-09-24,"[{""days"": [0, 1, 2, 3, 4], ""start"": ""10:00"", ""end"": ""18:00""}]"
idnyc-enrollment-queens-business-center,Queens Business Center,IDNYC enrollment,IDNYC,Identity & records,Queens,"144-06 94th Avenue, 2nd Floor",in_person,active,Mon–Fri 08:30–16:30; closed 13:00–14:00 for lunch,Appointment required except designated walk-in days at five centers. See source for weekly releases.,Enrollment requires document review and a photo in person. Some renewals follow different rules.,True,"These are enrollment-counter hours, not the host building’s hours. Appointments and walk-in capacity are not measured.",,https://www.nyc.gov/site/idnyc/card/locations.page,2026-09-24,"[{""days"": [0, 1, 2, 3, 4], ""start"": ""08:30"", ""end"": ""13:00""}, {""days"": [0, 1, 2, 3, 4], ""start"": ""14:00"", ""end"": ""16:30""}]"
idnyc-enrollment-staten-island,Staten Island,IDNYC enrollment,IDNYC,Identity & records,Staten Island,"201 Bay Street, 2nd Floor",in_person,active,Mon–Fri 09:00–17:00; closed 13:00–14:00 for lunch,Appointment required except designated walk-in days at five centers. See source for weekly releases.,Enrollment requires document review and a photo in person. Some renewals follow different rules.,True,"These are enrollment-counter hours, not the host building’s hours. Appointments and walk-in capacity are not measured.",,https://www.nyc.gov/site/idnyc/card/locations.page,2026-09-24,"[{""days"": [0, 1, 2, 3, 4], ""start"": ""09:00"", ""end"": ""13:00""}, {""days"": [0, 1, 2, 3, 4], ""start"": ""14:00"", ""end"": ""17:00""}]"
benefits-office-support-crotona,Crotona,Benefits office support,HRA,Benefits,Bronx,"1910 Monterey Avenue, Bronx, NY 10457",in_person,active,Monday – Friday 8:30am to 5:00pm,Check the official page before visiting.,Cash Assistance applications and many case changes can be submitted through ACCESS HRA; an interview may still be required.,False,,,https://www.nyc.gov/site/hra/locations/job-locations-and-service-centers.page,2026-09-24,"[{""days"": [0, 1, 2, 3, 4], ""start"": ""08:30"", ""end"": ""17:00""}]"
benefits-office-support-fordham,Fordham,Benefits office support,HRA,Benefits,Bronx,"2541-2549 Bainbridge Avenue, Bronx, NY 10458",in_person,active,Monday – Friday 8:30am to 5:00pm,Check the official page before visiting.,Cash Assistance applications and many case changes can be submitted through ACCESS HRA; an interview may still be required.,False,,,https://www.nyc.gov/site/hra/locations/job-locations-and-service-centers.page,2026-09-24,"[{""days"": [0, 1, 2, 3, 4], ""start"": ""08:30"", ""end"": ""17:00""}]"
benefits-office-support-concourse,Concourse,Benefits office support,HRA,Benefits,Bronx,"845 Barretto Street, Bronx, NY 10474",in_person,active,Monday – Friday 8:30am to 5:00pm,Check the official page before visiting.,Cash Assistance applications and many case changes can be submitted through ACCESS HRA; an interview may still be required.,False,,,https://www.nyc.gov/site/hra/locations/job-locations-and-service-centers.page,2026-09-24,"[{""days"": [0, 1, 2, 3, 4], ""start"": ""08:30"", ""end"": ""17:00""}]"
benefits-office-support-hunts-point,Hunts Point,Benefits office support,HRA,Benefits,Bronx,"847 Barretto Street, Bronx, NY 10474",in_person,active,Monday – Friday 8:30am to 5:00pm,Check the official page before visiting.,Cash Assistance applications and many case changes can be submitted through ACCESS HRA; an interview may still be required.,False,,,https://www.nyc.gov/site/hra/locations/job-locations-and-service-centers.page,2026-09-24,"[{""days"": [0, 1, 2, 3, 4], ""start"": ""08:30"", ""end"": ""17:00""}]"
benefits-office-support-rider,Rider,Benefits office support,HRA,Benefits,Bronx,"300 Canal Place, Bronx, NY 10451",in_person,active,Monday – Friday 8:30am to 5:00pm,Check the official page before visiting.,Cash Assistance applications and many case changes can be submitted through ACCESS HRA; an interview may still be required.,False,,,https://www.nyc.gov/site/hra/locations/job-locations-and-service-centers.page,2026-09-24,"[{""days"": [0, 1, 2, 3, 4], ""start"": ""08:30"", ""end"": ""17:00""}]"
benefits-office-support-bushwick,Bushwick,Benefits office support,HRA,Benefits,Brooklyn,"2 George Street, Brooklyn, NY 11206",in_person,active,Monday – Friday 8:30am to 5:00p,Check the official page before visiting.,Cash Assistance applications and many case changes can be submitted through ACCESS HRA; an interview may still be required.,False,,,https://www.nyc.gov/site/hra/locations/job-locations-and-service-centers.page,2026-09-24,"[{""days"": [0, 1, 2, 3, 4], ""start"": ""08:30"", ""end"": ""17:00""}]"
benefits-office-support-clinton-hill,Clinton Hill,Benefits office support,HRA,Benefits,Brooklyn,"495 Clermont Ave, Brooklyn NY 11238",in_person,active,Monday – Friday 8:30am to 5:00p,Check the official page before visiting.,Cash Assistance applications and many case changes can be submitted through ACCESS HRA; an interview may still be required.,False,,,https://www.nyc.gov/site/hra/locations/job-locations-and-service-centers.page,2026-09-24,"[{""days"": [0, 1, 2, 3, 4], ""start"": ""08:30"", ""end"": ""17:00""}]"
benefits-office-support-coney-island,Coney Island,Benefits office support,HRA,Benefits,Brooklyn,"1912 Mermaid Avenue, Brooklyn, NY 11224",in_person,active,Monday – Friday 8:30am to 5:00pm,Check the official page before visiting.,Cash Assistance applications and many case changes can be submitted through ACCESS HRA; an interview may still be required.,False,,,https://www.nyc.gov/site/hra/locations/job-locations-and-service-centers.page,2026-09-24,"[{""days"": [0, 1, 2, 3, 4], ""start"": ""08:30"", ""end"": ""17:00""}]"
benefits-office-support-east-new-york,East New York,Benefits office support,HRA,Benefits,Brooklyn,"2400 Fulton Street, 1st Floor Brooklyn, NY 11233",in_person,active,Monday – Friday 8:30am to 5:00pm,Check the official page before visiting.,Cash Assistance applications and many case changes can be submitted through ACCESS HRA; an interview may still be required.,False,,,https://www.nyc.gov/site/hra/locations/job-locations-and-service-centers.page,2026-09-24,"[{""days"": [0, 1, 2, 3, 4], ""start"": ""08:30"", ""end"": ""17:00""}]"
benefits-office-support-dyckman,Dyckman,Benefits office support,HRA,Benefits,Manhattan,"4055 10th Avenue, New York, NY 10034",in_person,active,Monday – Friday 8:30am to 5:00pm,Check the official page before visiting.,Cash Assistance applications and many case changes can be submitted through ACCESS HRA; an interview may still be required.,False,,,https://www.nyc.gov/site/hra/locations/job-locations-and-service-centers.page,2026-09-24,"[{""days"": [0, 1, 2, 3, 4], ""start"": ""08:30"", ""end"": ""17:00""}]"
benefits-office-support-east-end,East End,Benefits office support,HRA,Benefits,Manhattan,"2322 Third Avenue, New York, NY 10035",in_person,active,Monday – Friday 8:30am to 5:00pm,Check the official page before visiting.,Cash Assistance applications and many case changes can be submitted through ACCESS HRA; an interview may still be required.,False,,,https://www.nyc.gov/site/hra/locations/job-locations-and-service-centers.page,2026-09-24,"[{""days"": [0, 1, 2, 3, 4], ""start"": ""08:30"", ""end"": ""17:00""}]"
benefits-office-support-st-nicholas,St. Nicholas,Benefits office support,HRA,Benefits,Manhattan,"132 W. 125th Street, New York, NY 10027",in_person,active,Monday – Friday 8:30am to 5:00pm,Check the official page before visiting.,Cash Assistance applications and many case changes can be submitted through ACCESS HRA; an interview may still be required.,False,,,https://www.nyc.gov/site/hra/locations/job-locations-and-service-centers.page,2026-09-24,"[{""days"": [0, 1, 2, 3, 4], ""start"": ""08:30"", ""end"": ""17:00""}]"
benefits-office-support-lower-manhattan,Lower Manhattan,Benefits office support,HRA,Benefits,Manhattan,"109 E. 16th Street, New York, NY 10003",in_person,active,Monday – Friday 8:30am to 5:00pm,Check the official page before visiting.,Cash Assistance applications and many case changes can be submitted through ACCESS HRA; an interview may still be required.,False,,,https://www.nyc.gov/site/hra/locations/job-locations-and-service-centers.page,2026-09-24,"[{""days"": [0, 1, 2, 3, 4], ""start"": ""08:30"", ""end"": ""17:00""}]"
benefits-office-support-jamaica,Jamaica,Benefits office support,HRA,Benefits,Queens,"165-08 88th Avenue, Queens, NY 11432",in_person,active,Monday – Friday 8:30am to 5:00pm,Check the official page before visiting.,Cash Assistance applications and many case changes can be submitted through ACCESS HRA; an interview may still be required.,False,,,https://www.nyc.gov/site/hra/locations/job-locations-and-service-centers.page,2026-09-24,"[{""days"": [0, 1, 2, 3, 4], ""start"": ""08:30"", ""end"": ""17:00""}]"
benefits-office-support-queens,Queens,Benefits office support,HRA,Benefits,Queens,"32-20 Northern Blvd, 4th Floor, Queens 11101",in_person,active,Monday – Friday 8:30am to 5:00pm,Check the official page before visiting.,Cash Assistance applications and many case changes can be submitted through ACCESS HRA; an interview may still be required.,False,,,https://www.nyc.gov/site/hra/locations/job-locations-and-service-centers.page,2026-09-24,"[{""days"": [0, 1, 2, 3, 4], ""start"": ""08:30"", ""end"": ""17:00""}]"
benefits-office-support-rockaway,Rockaway,Benefits office support,HRA,Benefits,Queens,"219 Beach 59th Street, Queens, NY 11692",in_person,active,Monday – Friday 8:30am to 5:00pm,Check the official page before visiting.,Cash Assistance applications and many case changes can be submitted through ACCESS HRA; an interview may still be required.,False,,,https://www.nyc.gov/site/hra/locations/job-locations-and-service-centers.page,2026-09-24,"[{""days"": [0, 1, 2, 3, 4], ""start"": ""08:30"", ""end"": ""17:00""}]"
benefits-office-support-richmond,Richmond,Benefits office support,HRA,Benefits,Staten Island,"201 Bay Street, Staten Island, NY 10301",in_person,active,Center Hours: Monday – Friday 8:30am to 5:00pm,Check the official page before visiting.,Cash Assistance applications and many case changes can be submitted through ACCESS HRA; an interview may still be required.,False,,,https://www.nyc.gov/site/hra/locations/job-locations-and-service-centers.page,2026-09-24,"[{""days"": [0, 1, 2, 3, 4], ""start"": ""08:30"", ""end"": ""17:00""}]"
specialized-benefits-support-union-square-service-center,Union Square Service Center,Specialized benefits support,HRA,Benefits,Manhattan,109 East 16th Street,in_person,active,Mon–Fri 08:30–17:00,Check the official page before visiting.,Remote completion has not been verified for this transaction.,,Specialized employment-barrier cases; confirm case eligibility before visiting.,,https://www.nyc.gov/site/hra/locations/job-locations-and-service-centers.page,2026-09-24,"[{""days"": [0, 1, 2, 3, 4], ""start"": ""08:30"", ""end"": ""17:00""}]"
specialized-benefits-support-michael-j-handy-veterans-service-center,Michael J. Handy Veterans’ Service Center,Specialized benefits support,HRA,Benefits,Brooklyn,"25 Chapel Street, 6th Floor, Room 606",in_person,active,Mon–Fri 08:30–17:00,Check the official page before visiting.,Remote completion has not been verified for this transaction.,,Cash Assistance households with a veteran; confirm case eligibility before visiting.,,https://www.nyc.gov/site/hra/locations/job-locations-and-service-centers.page,2026-09-24,"[{""days"": [0, 1, 2, 3, 4], ""start"": ""08:30"", ""end"": ""17:00""}]"
specialized-benefits-support-ebt-services-office,EBT Services Office,Specialized benefits support,HRA,Benefits,Brooklyn,"785 Atlantic Avenue, 1st Floor",in_person,active,Mon–Fri 08:30–17:00,Check the official page before visiting.,Remote completion has not been verified for this transaction.,,Primarily permanent replacement EBT cards; confirm case eligibility before visiting.,,https://www.nyc.gov/site/hra/locations/job-locations-and-service-centers.page,2026-09-24,"[{""days"": [0, 1, 2, 3, 4], ""start"": ""08:30"", ""end"": ""17:00""}]"
specialized-benefits-support-refugee-and-immigrant-service-center,Refugee and Immigrant Service Center,Specialized benefits support,HRA,Benefits,Brooklyn,25 Chapel Street,in_person,active,Mon–Fri 08:30–17:00,Check the official page before visiting.,Remote completion has not been verified for this transaction.,,Specialized service center; confirm case eligibility before visiting.,,https://www.nyc.gov/site/hra/locations/job-locations-and-service-centers.page,2026-09-24,"[{""days"": [0, 1, 2, 3, 4], ""start"": ""08:30"", ""end"": ""17:00""}]"
specialized-benefits-support-residential-treatment-service-center,Residential Treatment Service Center,Specialized benefits support,HRA,Benefits,Manhattan,109 East 16th Street,in_person,active,Mon–Fri 08:30–17:00,Check the official page before visiting.,Remote completion has not been verified for this transaction.,,Individuals residing in residential treatment; confirm case eligibility before visiting.,,https://www.nyc.gov/site/hra/locations/job-locations-and-service-centers.page,2026-09-24,"[{""days"": [0, 1, 2, 3, 4], ""start"": ""08:30"", ""end"": ""17:00""}]"
specialized-benefits-support-special-project-center,Special Project Center,Specialized benefits support,HRA,Benefits,Manhattan,"109 East 16th Street, 6th Floor",in_person,active,Hours not stated in the source,Check the official page before visiting.,Remote completion has not been verified for this transaction.,,Specialized service; do not assume general walk-in eligibility.,,https://www.nyc.gov/site/hra/locations/job-locations-and-service-centers.page,2026-09-24,null
specialized-benefits-support-transportation-unit,Transportation Unit,Specialized benefits support,HRA,Benefits,Brooklyn,"25 Chapel Street, 6th Floor",in_person,active,Hours not stated in the source,Check the official page before visiting.,Remote completion has not been verified for this transaction.,,Specialized service; do not assume general walk-in eligibility.,,https://www.nyc.gov/site/hra/locations/job-locations-and-service-centers.page,2026-09-24,null
family-services-recertification-bronx-satellite,Bronx Satellite,Family Services recertification,HRA,Benefits,Bronx,847 Barretto Street,in_person,active,Mon–Fri 08:30–17:00,Check the official page before visiting.,Remote completion has not been verified for this transaction.,,Restricted to active child-only cases whose payees do not receive Cash Assistance; face-to-face recertification and emergency walk-in activity.,,https://www.nyc.gov/site/hra/locations/job-locations-and-service-centers.page,2026-09-24,"[{""days"": [0, 1, 2, 3, 4], ""start"": ""08:30"", ""end"": ""17:00""}]"
family-services-recertification-brooklyn-satellite,Brooklyn Satellite,Family Services recertification,HRA,Benefits,Brooklyn,"2400 Fulton Street, 3rd & 4th Floor",in_person,active,Mon–Fri 08:30–17:00,Check the official page before visiting.,Remote completion has not been verified for this transaction.,,Restricted to active child-only cases whose payees do not receive Cash Assistance; face-to-face recertification and emergency walk-in activity.,,https://www.nyc.gov/site/hra/locations/job-locations-and-service-centers.page,2026-09-24,"[{""days"": [0, 1, 2, 3, 4], ""start"": ""08:30"", ""end"": ""17:00""}]"
family-services-recertification-manhattan-satellite,Manhattan Satellite,Family Services recertification,HRA,Benefits,Manhattan,132 West 125th Street,in_person,active,Mon–Fri 08:30–17:00,Check the official page before visiting.,Remote completion has not been verified for this transaction.,,Restricted to active child-only cases whose payees do not receive Cash Assistance; face-to-face recertification and emergency walk-in activity.,,https://www.nyc.gov/site/hra/locations/job-locations-and-service-centers.page,2026-09-24,"[{""days"": [0, 1, 2, 3, 4], ""start"": ""08:30"", ""end"": ""17:00""}]"
family-services-recertification-queens-satellite,Queens Satellite,Family Services recertification,HRA,Benefits,Queens,32-20 Northern Boulevard,in_person,active,Mon–Fri 08:30–17:00,Check the official page before visiting.,Remote completion has not been verified for this transaction.,,Restricted to active child-only cases whose payees do not receive Cash Assistance; face-to-face recertification and emergency walk-in activity.,,https://www.nyc.gov/site/hra/locations/job-locations-and-service-centers.page,2026-09-24,"[{""days"": [0, 1, 2, 3, 4], ""start"": ""08:30"", ""end"": ""17:00""}]"
snap-office-support-crotona-snap-center,Crotona SNAP Center,SNAP office support,HRA,Benefits,Bronx,"1910 Monterey Avenue, 5th Fl., Bronx, NY 10457",in_person,active,Monday – Friday 8:30am to 5:00pm,Check the official page before visiting.,Apply and upload documents online through ACCESS HRA; a phone interview is available during weekday hours.,False,,,https://www.nyc.gov/site/hra/locations/snap-locations.page,2026-09-24,"[{""days"": [0, 1, 2, 3, 4], ""start"": ""08:30"", ""end"": ""17:00""}]"
snap-office-support-hunts-point-snap-center,Hunts Point SNAP Center,SNAP office support,HRA,Benefits,Bronx,"845 Barretto Street, B-Level Fl., Bronx, NY 10474",in_person,active,Monday – Friday 8:30am to 5:00pm,Check the official page before visiting.,Apply and upload documents online through ACCESS HRA; a phone interview is available during weekday hours.,False,Hunts Point lists work-requirement service only 08:30–09:00.,,https://www.nyc.gov/site/hra/locations/snap-locations.page,2026-09-24,"[{""days"": [0, 1, 2, 3, 4], ""start"": ""08:30"", ""end"": ""17:00""}]"
snap-office-support-coney-island-snap-center,Coney Island SNAP Center,SNAP office support,HRA,Benefits,Brooklyn,"1912 Mermaid Avenue, 1st & 2nd Fl., Brooklyn, NY 11224",in_person,active,Monday - Friday 8:30am to 5:00pm,Check the official page before visiting.,Apply and upload documents online through ACCESS HRA; a phone interview is available during weekday hours.,False,,,https://www.nyc.gov/site/hra/locations/snap-locations.page,2026-09-24,"[{""days"": [0, 1, 2, 3, 4], ""start"": ""08:30"", ""end"": ""17:00""}]"
snap-office-support-east-new-york-snap-center,East New York SNAP Center,SNAP office support,HRA,Benefits,Brooklyn,"2400 Fulton Street, 3rd & 4th Fl., Brooklyn, NY 11233",in_person,active,Monday – Friday 8:30am to 5:00pm,Check the official page before visiting.,Apply and upload documents online through ACCESS HRA; a phone interview is available during weekday hours.,False,,,https://www.nyc.gov/site/hra/locations/snap-locations.page,2026-09-24,"[{""days"": [0, 1, 2, 3, 4], ""start"": ""08:30"", ""end"": ""17:00""}]"
snap-office-support-williamsburg-snap-center,Williamsburg SNAP Center,SNAP office support,HRA,Benefits,Brooklyn,"2 George Street, 1st Fl., Brooklyn, NY 11206",in_person,active,Monday – Friday 8:30am to 5:00pm,Check the official page before visiting.,Apply and upload documents online through ACCESS HRA; a phone interview is available during weekday hours.,False,,,https://www.nyc.gov/site/hra/locations/snap-locations.page,2026-09-24,"[{""days"": [0, 1, 2, 3, 4], ""start"": ""08:30"", ""end"": ""17:00""}]"
snap-office-support-east-end-snap-center,East End SNAP Center,SNAP office support,HRA,Benefits,Manhattan,"2322 Third Avenue, 3rd Fl., New York, NY 10035",in_person,active,Monday – Friday 8:30am to 5:00pm,Check the official page before visiting.,Apply and upload documents online through ACCESS HRA; a phone interview is available during weekday hours.,False,,,https://www.nyc.gov/site/hra/locations/snap-locations.page,2026-09-24,"[{""days"": [0, 1, 2, 3, 4], ""start"": ""08:30"", ""end"": ""17:00""}]"
snap-office-support-washington-heights-snap-center,Washington Heights SNAP Center,SNAP office support,HRA,Benefits,Manhattan,"4055 10th Avenue, Lower Level, New York, NY 10034",in_person,active,Monday – Friday 8:30am to 5:00pm,Check the official page before visiting.,Apply and upload documents online through ACCESS HRA; a phone interview is available during weekday hours.,False,,,https://www.nyc.gov/site/hra/locations/snap-locations.page,2026-09-24,"[{""days"": [0, 1, 2, 3, 4], ""start"": ""08:30"", ""end"": ""17:00""}]"
snap-office-support-lower-manhattan,Lower Manhattan,SNAP office support,HRA,Benefits,Manhattan,"109 E. 16th Street, New York, NY 10003",in_person,active,Monday - Friday 8:30am to 5:00pm,Check the official page before visiting.,Apply and upload documents online through ACCESS HRA; a phone interview is available during weekday hours.,False,,,https://www.nyc.gov/site/hra/locations/snap-locations.page,2026-09-24,"[{""days"": [0, 1, 2, 3, 4], ""start"": ""08:30"", ""end"": ""17:00""}]"
snap-office-support-st-nicholas,St. Nicholas,SNAP office support,HRA,Benefits,Manhattan,"132 W. 125th Street, New York, NY 10027",in_person,active,Monday - Friday 8:30am to 5:00pm,Check the official page before visiting.,Apply and upload documents online through ACCESS HRA; a phone interview is available during weekday hours.,False,,,https://www.nyc.gov/site/hra/locations/snap-locations.page,2026-09-24,"[{""days"": [0, 1, 2, 3, 4], ""start"": ""08:30"", ""end"": ""17:00""}]"
snap-office-support-jamaica-snap-center,Jamaica SNAP Center,SNAP office support,HRA,Benefits,Queens,"165-08 88th Avenue, 3rd Fl., Jamaica, NY 11432",in_person,active,Monday - Friday 8:30am to 5:00pm,Check the official page before visiting.,Apply and upload documents online through ACCESS HRA; a phone interview is available during weekday hours.,False,,,https://www.nyc.gov/site/hra/locations/snap-locations.page,2026-09-24,"[{""days"": [0, 1, 2, 3, 4], ""start"": ""08:30"", ""end"": ""17:00""}]"
snap-office-support-queens-snap-center,Queens SNAP Center,SNAP office support,HRA,Benefits,Queens,"32-20 Northern Blvd., 2nd Fl., LIC, NY 11101",in_person,active,Monday – Friday 8:30am to 5:00pm,Check the official page before visiting.,Apply and upload documents online through ACCESS HRA; a phone interview is available during weekday hours.,False,,,https://www.nyc.gov/site/hra/locations/snap-locations.page,2026-09-24,"[{""days"": [0, 1, 2, 3, 4], ""start"": ""08:30"", ""end"": ""17:00""}]"
snap-office-support-rockaway-snap-center,Rockaway SNAP Center,SNAP office support,HRA,Benefits,Queens,"219 Beach 59th Street, 1st Fl., Rockaway, NY 11692",in_person,active,Monday – Friday 8:30am to 5:00pm,Check the official page before visiting.,Apply and upload documents online through ACCESS HRA; a phone interview is available during weekday hours.,False,,,https://www.nyc.gov/site/hra/locations/snap-locations.page,2026-09-24,"[{""days"": [0, 1, 2, 3, 4], ""start"": ""08:30"", ""end"": ""17:00""}]"
snap-office-support-richmond-snap-center,Richmond SNAP Center,SNAP office support,HRA,Benefits,Staten Island,"201 Bay Street, 2nd Fl., Staten Island, NY 10301",in_person,active,Monday – Friday 8:30am to 5:00pm,Check the official page before visiting.,Apply and upload documents online through ACCESS HRA; a phone interview is available during weekday hours.,False,,,https://www.nyc.gov/site/hra/locations/snap-locations.page,2026-09-24,"[{""days"": [0, 1, 2, 3, 4], ""start"": ""08:30"", ""end"": ""17:00""}]"
medicaid-office-support-rider-community,Rider Community,Medicaid office support,HRA,Benefits,Bronx,"305 Rider Avenue, 4th Floor, Bronx, NY 10451",in_person,active,Monday – Friday 8:30am to 5:00pm,Check the official page before visiting.,Remote completion has not been verified for this transaction.,,These office hours do not establish that every applicant must visit. Application routes depend on circumstances.,,https://www.nyc.gov/site/hra/locations/medicaid-locations.page,2026-09-24,"[{""days"": [0, 1, 2, 3, 4], ""start"": ""08:30"", ""end"": ""17:00""}]"
medicaid-office-support-fordham,Fordham,Medicaid office support,HRA,Benefits,Bronx,"2541-2549 Bainbridge Avenue, 2nd Floor, Bronx, NY 10458",in_person,active,Monday – Friday 9:00am to 5:00pm,Check the official page before visiting.,Remote completion has not been verified for this transaction.,,These office hours do not establish that every applicant must visit. Application routes depend on circumstances.,,https://www.nyc.gov/site/hra/locations/medicaid-locations.page,2026-09-24,"[{""days"": [0, 1, 2, 3, 4], ""start"": ""09:00"", ""end"": ""17:00""}]"
medicaid-office-support-coney-island,Coney Island,Medicaid office support,HRA,Benefits,Brooklyn,"1912 Mermaid Avenue, Brooklyn, NY 11224",in_person,active,Monday – Friday 9:00am to 5:00pm,Check the official page before visiting.,Remote completion has not been verified for this transaction.,,These office hours do not establish that every applicant must visit. Application routes depend on circumstances.,,https://www.nyc.gov/site/hra/locations/medicaid-locations.page,2026-09-24,"[{""days"": [0, 1, 2, 3, 4], ""start"": ""09:00"", ""end"": ""17:00""}]"
medicaid-office-support-east-new-york,East New York,Medicaid office support,HRA,Benefits,Brooklyn,"2400 Fulton Street, 3rd & 4th Floor, Brooklyn, NY 11233",in_person,active,Monday – Friday 8:30am to 5:00pm,Check the official page before visiting.,Remote completion has not been verified for this transaction.,,These office hours do not establish that every applicant must visit. Application routes depend on circumstances.,,https://www.nyc.gov/site/hra/locations/medicaid-locations.page,2026-09-24,"[{""days"": [0, 1, 2, 3, 4], ""start"": ""08:30"", ""end"": ""17:00""}]"
medicaid-office-support-kings-county-hospital,Kings County Hospital,Medicaid office support,HRA,Benefits,Brooklyn,"441 Clarkson Avenue, ""T"" Building, Nurses' Residence, 1st Floor, Brooklyn, NY 11203",in_person,closed,Monday – Friday 9:00am to 5:00pm,Check the official page before visiting.,Remote completion has not been verified for this transaction.,,Listed as closed until further notice.,,https://www.nyc.gov/site/hra/locations/medicaid-locations.page,2026-09-24,null
medicaid-office-support-brooklyn-south,Brooklyn South,Medicaid office support,HRA,Benefits,Brooklyn,"495 Clermont Avenue, 4th Floor, Brooklyn, NY 11238",in_person,active,Monday – Friday 8:30am to 5:00pm,Check the official page before visiting.,Remote completion has not been verified for this transaction.,,These office hours do not establish that every applicant must visit. Application routes depend on circumstances.,,https://www.nyc.gov/site/hra/locations/medicaid-locations.page,2026-09-24,"[{""days"": [0, 1, 2, 3, 4], ""start"": ""08:30"", ""end"": ""17:00""}]"
medicaid-office-support-chinatown,Chinatown,Medicaid office support,HRA,Benefits,Manhattan,"115 Chrystie Street, 5th Floor, New York, NY 10002",in_person,active,Monday – Friday 9:00am to 5:00pm,Check the official page before visiting.,Remote completion has not been verified for this transaction.,,These office hours do not establish that every applicant must visit. Application routes depend on circumstances.,,https://www.nyc.gov/site/hra/locations/medicaid-locations.page,2026-09-24,"[{""days"": [0, 1, 2, 3, 4], ""start"": ""09:00"", ""end"": ""17:00""}]"
medicaid-office-support-dyckman-community,Dyckman Community,Medicaid office support,HRA,Benefits,Manhattan,"4055 10th Avenue, Lower Level, New York, NY  10034",in_person,active,Monday – Friday 8:30am to 5:00pm,Check the official page before visiting.,Remote completion has not been verified for this transaction.,,These office hours do not establish that every applicant must visit. Application routes depend on circumstances.,,https://www.nyc.gov/site/hra/locations/medicaid-locations.page,2026-09-24,"[{""days"": [0, 1, 2, 3, 4], ""start"": ""08:30"", ""end"": ""17:00""}]"
medicaid-office-support-queens-community,Queens Community,Medicaid office support,HRA,Benefits,Queens,"32-20 Northern Boulevard, 3rd Floor, Queens, NY 11101",in_person,active,Monday – Friday 8:30am to 5:00pm,Check the official page before visiting.,Remote completion has not been verified for this transaction.,,These office hours do not establish that every applicant must visit. Application routes depend on circumstances.,,https://www.nyc.gov/site/hra/locations/medicaid-locations.page,2026-09-24,"[{""days"": [0, 1, 2, 3, 4], ""start"": ""08:30"", ""end"": ""17:00""}]"
medicaid-office-support-jamaica-community,Jamaica Community,Medicaid office support,HRA,Benefits,Queens,"165-08 88th Avenue, 8th Floor, Jamaica, NY  11432",in_person,active,Monday - Friday 9:00am to 5:00pm,Check the official page before visiting.,Remote completion has not been verified for this transaction.,,These office hours do not establish that every applicant must visit. Application routes depend on circumstances.,,https://www.nyc.gov/site/hra/locations/medicaid-locations.page,2026-09-24,"[{""days"": [0, 1, 2, 3, 4], ""start"": ""09:00"", ""end"": ""17:00""}]"
medicaid-office-support-staten-island,Staten Island,Medicaid office support,HRA,Benefits,Staten Island,"215 Bay Street, Staten Island, NY 10301",in_person,active,Monday – Friday 9:00am to 5:00pm,Check the official page before visiting.,Remote completion has not been verified for this transaction.,,These office hours do not establish that every applicant must visit. Application routes depend on circumstances.,,https://www.nyc.gov/site/hra/locations/medicaid-locations.page,2026-09-24,"[{""days"": [0, 1, 2, 3, 4], ""start"": ""09:00"", ""end"": ""17:00""}]"
school-enrollment-help-fordham-family-welcome-center,Fordham Family Welcome Center,School enrollment help,NYC Public Schools,Education,Bronx,"1 Fordham Plaza, 7th Floor, Bronx NY 10458",in_person,active,Monday - Thursday: 8 AM - 5 PM; Friday: 8 AM - 3 PM,"Appointments recommended, not required.",Some admissions tasks use MySchools; zoned-school registration is handled at the school. Check which route applies.,,Center jurisdiction depends on school district. This is not a list of all school offices.,,https://portal.311.nyc.gov/article/?kanumber=KA-03128,2026-09-24,"[{""days"": [0, 1, 2, 3], ""start"": ""08:00"", ""end"": ""17:00""}, {""days"": [4], ""start"": ""08:00"", ""end"": ""15:00""}]"
school-enrollment-help-zerega-family-welcome-center,Zerega Family Welcome Center,School enrollment help,NYC Public Schools,Education,Bronx,"1230 Zerega Avenue, Room 24, Bronx, NY 10462",in_person,active,Monday - Thursday: 8 AM - 5 PM; Friday: 8 AM - 3 PM,"Appointments recommended, not required.",Some admissions tasks use MySchools; zoned-school registration is handled at the school. Check which route applies.,,Center jurisdiction depends on school district. This is not a list of all school offices.,,https://portal.311.nyc.gov/article/?kanumber=KA-03128,2026-09-24,"[{""days"": [0, 1, 2, 3], ""start"": ""08:00"", ""end"": ""17:00""}, {""days"": [4], ""start"": ""08:00"", ""end"": ""15:00""}]"
school-enrollment-help-89-street-family-welcome-center,89 Street Family Welcome Center,School enrollment help,NYC Public Schools,Education,Brooklyn,"415 89th Street, 4th Floor, Brooklyn, NY 11209",in_person,active,Monday - Thursday: 8 AM - 5 PM; Friday: 8 AM - 3 PM,"Appointments recommended, not required.",Some admissions tasks use MySchools; zoned-school registration is handled at the school. Check which route applies.,,Center jurisdiction depends on school district. This is not a list of all school offices.,,https://portal.311.nyc.gov/article/?kanumber=KA-03128,2026-09-24,"[{""days"": [0, 1, 2, 3], ""start"": ""08:00"", ""end"": ""17:00""}, {""days"": [4], ""start"": ""08:00"", ""end"": ""15:00""}]"
school-enrollment-help-st-marks-family-welcome-center,St. Marks Family Welcome Center,School enrollment help,NYC Public Schools,Education,Brooklyn,"1665 St. Marks Avenue, Room 116, Brooklyn, NY 11233",in_person,active,Monday - Thursday: 8 AM - 5 PM; Friday: 8 AM - 3 PM,"Appointments recommended, not required.",Some admissions tasks use MySchools; zoned-school registration is handled at the school. Check which route applies.,,Center jurisdiction depends on school district. This is not a list of all school offices.,,https://portal.311.nyc.gov/article/?kanumber=KA-03128,2026-09-24,"[{""days"": [0, 1, 2, 3], ""start"": ""08:00"", ""end"": ""17:00""}, {""days"": [4], ""start"": ""08:00"", ""end"": ""15:00""}]"
school-enrollment-help-ocean-avenue-family-welcome-center,Ocean Avenue Family Welcome Center,School enrollment help,NYC Public Schools,Education,Brooklyn,"1780 Ocean Avenue, 3rd Floor, Brooklyn, NY 11230",in_person,active,Monday - Thursday: 8 AM - 5 PM; Friday: 8 AM - 3 PM,"Appointments recommended, not required.",Some admissions tasks use MySchools; zoned-school registration is handled at the school. Check which route applies.,,Center jurisdiction depends on school district. This is not a list of all school offices.,,https://portal.311.nyc.gov/article/?kanumber=KA-03128,2026-09-24,"[{""days"": [0, 1, 2, 3], ""start"": ""08:00"", ""end"": ""17:00""}, {""days"": [4], ""start"": ""08:00"", ""end"": ""15:00""}]"
school-enrollment-help-333-7th-avenue-family-welcome-center,333 7th Avenue Family Welcome Center,School enrollment help,NYC Public Schools,Education,Manhattan,"333 Seventh Avenue, 12th Floor, Room 1211, New York, NY 10001",in_person,active,Monday - Thursday: 8 AM - 5 PM; Friday: 8 AM - 3 PM,"Appointments recommended, not required.",Some admissions tasks use MySchools; zoned-school registration is handled at the school. Check which route applies.,,Center jurisdiction depends on school district. This is not a list of all school offices.,,https://portal.311.nyc.gov/article/?kanumber=KA-03128,2026-09-24,"[{""days"": [0, 1, 2, 3], ""start"": ""08:00"", ""end"": ""17:00""}, {""days"": [4], ""start"": ""08:00"", ""end"": ""15:00""}]"
school-enrollment-help-morningside-family-welcome-center,Morningside Family Welcome Center,School enrollment help,NYC Public Schools,Education,Manhattan,"123 Morningside Drive, Room 235, New York, NY 10027",in_person,active,Monday - Thursday: 8 AM - 5 PM; Friday: 8 AM - 3 PM; closed 13:00–13:30,"Appointments recommended, not required.",Some admissions tasks use MySchools; zoned-school registration is handled at the school. Check which route applies.,,Center jurisdiction depends on school district. This is not a list of all school offices.,,https://portal.311.nyc.gov/article/?kanumber=KA-03128,2026-09-24,"[{""days"": [0, 1, 2, 3, 4], ""start"": ""08:00"", ""end"": ""13:00""}, {""days"": [0, 1, 2, 3], ""start"": ""13:30"", ""end"": ""17:00""}, {""days"": [4], ""start"": ""13:30"", ""end"": ""15:00""}]"
school-enrollment-help-sutphin-family-welcome-center,Sutphin Family Welcome Center,School enrollment help,NYC Public Schools,Education,Queens,"90-27 Sutphin Boulevard, 1st Floor, Jamaica, NY 11435",in_person,active,Monday - Thursday: 8 AM - 5 PM; Friday: 8 AM - 3 PM,"Appointments recommended, not required.",Some admissions tasks use MySchools; zoned-school registration is handled at the school. Check which route applies.,,Center jurisdiction depends on school district. This is not a list of all school offices.,,https://portal.311.nyc.gov/article/?kanumber=KA-03128,2026-09-24,"[{""days"": [0, 1, 2, 3], ""start"": ""08:00"", ""end"": ""17:00""}, {""days"": [4], ""start"": ""08:00"", ""end"": ""15:00""}]"
school-enrollment-help-linden-family-welcome-center,Linden Family Welcome Center,School enrollment help,NYC Public Schools,Education,Queens,"30-48 Linden Place, Flushing, NY, 11354",in_person,active,Monday - Thursday: 8 AM - 5 PM; Friday: 8 AM - 3 PM,"Appointments recommended, not required.",Some admissions tasks use MySchools; zoned-school registration is handled at the school. Check which route applies.,,Center jurisdiction depends on school district. This is not a list of all school offices.,,https://portal.311.nyc.gov/article/?kanumber=KA-03128,2026-09-24,"[{""days"": [0, 1, 2, 3], ""start"": ""08:00"", ""end"": ""17:00""}, {""days"": [4], ""start"": ""08:00"", ""end"": ""15:00""}]"
school-enrollment-help-queens-plaza-north-family-welcome-center,Queens Plaza North Family Welcome Center,School enrollment help,NYC Public Schools,Education,Queens,"28-11 Queens Plaza North, 3rd Floor, Long Island City, NY 11101",in_person,active,Monday - Thursday: 8 AM - 5 PM; Friday: 8 AM - 3 PM,"Appointments recommended, not required.",Some admissions tasks use MySchools; zoned-school registration is handled at the school. Check which route applies.,,Center jurisdiction depends on school district. This is not a list of all school offices.,,https://portal.311.nyc.gov/article/?kanumber=KA-03128,2026-09-24,"[{""days"": [0, 1, 2, 3], ""start"": ""08:00"", ""end"": ""17:00""}, {""days"": [4], ""start"": ""08:00"", ""end"": ""15:00""}]"
school-enrollment-help-bay-street-welcome-center,Bay Street Welcome Center,School enrollment help,NYC Public Schools,Education,Staten Island,"365 Bay Street, Staten Island, NY, 10301",in_person,active,Monday - Thursday: 8 AM - 5 PM; Friday: 8 AM - 3 PM,"Appointments recommended, not required.",Some admissions tasks use MySchools; zoned-school registration is handled at the school. Check which route applies.,,Center jurisdiction depends on school district. This is not a list of all school offices.,,https://portal.311.nyc.gov/article/?kanumber=KA-03128,2026-09-24,"[{""days"": [0, 1, 2, 3], ""start"": ""08:00"", ""end"": ""17:00""}, {""days"": [4], ""start"": ""08:00"", ""end"": ""15:00""}]"
marriage-license-bronx-city-clerk,Bronx City Clerk,Marriage license,City Clerk,Identity & records,Bronx,"851 Grand Concourse, Room B131",in_person,active,Mon–Fri 08:30–16:00,Appointment required; no walk-ins.,Virtual marriage-license appointments are offered through Project Cupid. Their available times have not been verified.,False,"Both applicants participate. This models the physical office, not virtual appointment supply. A marriage ceremony is a separate transaction.",,https://portal.311.nyc.gov/article/?kanumber=KA-02115,2026-09-24,"[{""days"": [0, 1, 2, 3, 4], ""start"": ""08:30"", ""end"": ""16:00""}]"
marriage-license-brooklyn-city-clerk,Brooklyn City Clerk,Marriage license,City Clerk,Identity & records,Brooklyn,"210 Joralemon Street, Room 205",in_person,active,Mon–Fri 08:30–16:00,Appointment required; no walk-ins.,Virtual marriage-license appointments are offered through Project Cupid. Their available times have not been verified.,False,"Both applicants participate. This models the physical office, not virtual appointment supply. A marriage ceremony is a separate transaction.",,https://portal.311.nyc.gov/article/?kanumber=KA-02115,2026-09-24,"[{""days"": [0, 1, 2, 3, 4], ""start"": ""08:30"", ""end"": ""16:00""}]"
marriage-license-manhattan-city-clerk,Manhattan City Clerk,Marriage license,City Clerk,Identity & records,Manhattan,141 Worth Street,in_person,active,Mon–Fri 08:30–15:45,Appointment required; no walk-ins.,Virtual marriage-license appointments are offered through Project Cupid. Their available times have not been verified.,False,"Both applicants participate. This models the physical office, not virtual appointment supply. A marriage ceremony is a separate transaction.",,https://portal.311.nyc.gov/article/?kanumber=KA-02115,2026-09-24,"[{""days"": [0, 1, 2, 3, 4], ""start"": ""08:30"", ""end"": ""15:45""}]"
marriage-license-queens-city-clerk,Queens City Clerk,Marriage license,City Clerk,Identity & records,Queens,"120-55 Queens Boulevard, Room G-100",in_person,active,Mon–Fri 08:30–16:00,Appointment required; no walk-ins.,Virtual marriage-license appointments are offered through Project Cupid. Their available times have not been verified.,False,"Both applicants participate. This models the physical office, not virtual appointment supply. A marriage ceremony is a separate transaction.",,https://portal.311.nyc.gov/article/?kanumber=KA-02115,2026-09-24,"[{""days"": [0, 1, 2, 3, 4], ""start"": ""08:30"", ""end"": ""16:00""}]"
marriage-license-staten-island-city-clerk,Staten Island City Clerk,Marriage license,City Clerk,Identity & records,Staten Island,"10 Richmond Terrace, Room 311",in_person,active,Mon–Fri 08:30–16:00,Appointment required; no walk-ins.,Virtual marriage-license appointments are offered through Project Cupid. Their available times have not been verified.,False,"Both applicants participate. This models the physical office, not virtual appointment supply. A marriage ceremony is a separate transaction.",,https://portal.311.nyc.gov/article/?kanumber=KA-02115,2026-09-24,"[{""days"": [0, 1, 2, 3, 4], ""start"": ""08:30"", ""end"": ""16:00""}]"
sexual-health-clinic-morrisania-sexual-health-clinic,Morrisania Sexual Health Clinic,Sexual health clinic,NYC Health,Health,Bronx,"1309 Fulton Avenue, 2nd Floor",in_person,active,Mon–Fri 08:30–15:30,Walk-in or appointment depending on the service; check source.,The clinic hotline can advise on services; it does not replace in-person testing.,True,Clinic may close early when capacity is reached. Services differ by clinic. Hours do not guarantee treatment availability.,,https://www.nyc.gov/site/doh/services/sexual-health-clinics.page,2026-09-24,"[{""days"": [0, 1, 2, 3, 4], ""start"": ""08:30"", ""end"": ""15:30""}]"
sexual-health-clinic-jamaica-sexual-health-clinic,Jamaica Sexual Health Clinic,Sexual health clinic,NYC Health,Health,Queens,"90-37 Parsons Boulevard, 1st Floor",in_person,active,Mon–Fri 08:30–15:30,Walk-in or appointment depending on the service; check source.,The clinic hotline can advise on services; it does not replace in-person testing.,True,Clinic may close early when capacity is reached. Services differ by clinic. Hours do not guarantee treatment availability.,,https://www.nyc.gov/site/doh/services/sexual-health-clinics.page,2026-09-24,"[{""days"": [0, 1, 2, 3, 4], ""start"": ""08:30"", ""end"": ""15:30""}]"
sexual-health-clinic-corona-sexual-health-clinic,Corona Sexual Health Clinic,Sexual health clinic,NYC Health,Health,Queens,"34-33 Junction Boulevard, 1st Floor",in_person,active,Mon–Fri 08:30–15:30; Thursday until 19:15,Walk-in or appointment depending on the service; check source.,The clinic hotline can advise on services; it does not replace in-person testing.,True,Clinic may close early when capacity is reached. Services differ by clinic. Hours do not guarantee treatment availability.,,https://www.nyc.gov/site/doh/services/sexual-health-clinics.page,2026-09-24,"[{""days"": [0, 1, 2, 4], ""start"": ""08:30"", ""end"": ""15:30""}, {""days"": [3], ""start"": ""08:30"", ""end"": ""19:15""}]"
sexual-health-clinic-fort-greene-sexual-health-clinic,Fort Greene Sexual Health Clinic,Sexual health clinic,NYC Health,Health,Brooklyn,"295 Flatbush Avenue Extension, 2nd Floor",in_person,active,Mon–Fri 08:30–15:30,Walk-in or appointment depending on the service; check source.,The clinic hotline can advise on services; it does not replace in-person testing.,True,Clinic may close early when capacity is reached. Services differ by clinic. Hours do not guarantee treatment availability.,,https://www.nyc.gov/site/doh/services/sexual-health-clinics.page,2026-09-24,"[{""days"": [0, 1, 2, 3, 4], ""start"": ""08:30"", ""end"": ""15:30""}]"
express-sti-testing-fort-greene-express-clinic,Fort Greene Express Clinic,Express STI testing,NYC Health,Health,Brooklyn,"295 Flatbush Avenue Extension, 1st Floor",in_person,active,Mon–Fri 08:30–15:30; Tuesday until 19:00,Walk-in or appointment depending on the service; check source.,The clinic hotline can advise on services; it does not replace in-person testing.,True,Clinic may close early when capacity is reached. Services differ by clinic. Hours do not guarantee treatment availability.,,https://www.nyc.gov/site/doh/services/sexual-health-clinics.page,2026-09-24,"[{""days"": [0, 2, 3, 4], ""start"": ""08:30"", ""end"": ""15:30""}, {""days"": [1], ""start"": ""08:30"", ""end"": ""19:00""}]"
sexual-health-clinic-chelsea-sexual-health-clinic,Chelsea Sexual Health Clinic,Sexual health clinic,NYC Health,Health,Manhattan,"303 9th Avenue, 1st Floor",in_person,active,Mon–Fri 08:30–15:30,Walk-in or appointment depending on the service; check source.,The clinic hotline can advise on services; it does not replace in-person testing.,True,Clinic may close early when capacity is reached. Services differ by clinic. Hours do not guarantee treatment availability.,,https://www.nyc.gov/site/doh/services/sexual-health-clinics.page,2026-09-24,"[{""days"": [0, 1, 2, 3, 4], ""start"": ""08:30"", ""end"": ""15:30""}]"
express-sti-testing-chelsea-express-clinic,Chelsea Express Clinic,Express STI testing,NYC Health,Health,Manhattan,"303 9th Avenue, 1st Floor",in_person,active,Mon–Fri 08:30–15:30; Tuesday until 19:00,Walk-in or appointment depending on the service; check source.,The clinic hotline can advise on services; it does not replace in-person testing.,True,Clinic may close early when capacity is reached. Services differ by clinic. Hours do not guarantee treatment availability.,,https://www.nyc.gov/site/doh/services/sexual-health-clinics.page,2026-09-24,"[{""days"": [0, 2, 3, 4], ""start"": ""08:30"", ""end"": ""15:30""}, {""days"": [1], ""start"": ""08:30"", ""end"": ""19:00""}]"
sexual-health-clinic-central-harlem-sexual-health-clinic,Central Harlem Sexual Health Clinic,Sexual health clinic,NYC Health,Health,Manhattan,"2238 Fifth Avenue, 1st Floor",in_person,active,Mon–Fri 08:30–15:30,Walk-in or appointment depending on the service; check source.,The clinic hotline can advise on services; it does not replace in-person testing.,True,Clinic may close early when capacity is reached. Services differ by clinic. Hours do not guarantee treatment availability.,,https://www.nyc.gov/site/doh/services/sexual-health-clinics.page,2026-09-24,"[{""days"": [0, 1, 2, 3, 4], ""start"": ""08:30"", ""end"": ""15:30""}]"
sexual-health-clinic-crown-heights-sexual-health-clinic,Crown Heights Sexual Health Clinic,Sexual health clinic,NYC Health,Health,Brooklyn,1218 Prospect Place,in_person,closed,Closed until further notice,Check the official page before visiting.,Remote completion has not been verified for this transaction.,,,,https://www.nyc.gov/site/doh/services/sexual-health-clinics.page,2026-09-24,null
sexual-health-clinic-riverside-sexual-health-clinic,Riverside Sexual Health Clinic,Sexual health clinic,NYC Health,Health,Manhattan,160 West 100th Street,in_person,closed,Closed until further notice,Check the official page before visiting.,Remote completion has not been verified for this transaction.,,,,https://www.nyc.gov/site/doh/services/sexual-health-clinics.page,2026-09-24,null
tb-clinic-visit-morrisania-chest-center,Morrisania Chest Center,TB clinic visit,NYC Health,Health,Bronx,"1309 Fulton Avenue, 1st Floor",in_person,active,Mon–Fri 08:30–16:30,Appointment required.,"Some directly observed therapy can be by video; the modeled transaction is a clinic evaluation, not all TB care.",True,"Regular-week model only. Source has differing descriptions of some closure dates, so no date-specific availability is asserted.",Monthly and date-specific closures apply. Source lists a late opening on third Tuesdays and shortened or closed last Thursdays; confirm your appointment.,https://www.nyc.gov/site/doh/services/tuberculosis-chest-centers.page,2026-09-24,"[{""days"": [0, 1, 2, 3, 4], ""start"": ""08:30"", ""end"": ""16:30""}]"
tb-clinic-visit-fort-greene-chest-center,Fort Greene Chest Center,TB clinic visit,NYC Health,Health,Brooklyn,"295 Flatbush Avenue Extension, 4th Floor",in_person,active,Mon–Fri 08:30–16:30,Appointment required.,"Some directly observed therapy can be by video; the modeled transaction is a clinic evaluation, not all TB care.",True,"Regular-week model only. Source has differing descriptions of some closure dates, so no date-specific availability is asserted.",Monthly and date-specific closures apply. Source lists a late opening on third Tuesdays and shortened or closed last Thursdays; confirm your appointment.,https://www.nyc.gov/site/doh/services/tuberculosis-chest-centers.page,2026-09-24,"[{""days"": [0, 1, 2, 3, 4], ""start"": ""08:30"", ""end"": ""16:30""}]"
tb-clinic-visit-corona-chest-center,Corona Chest Center,TB clinic visit,NYC Health,Health,Queens,34-33 Junction Boulevard,in_person,active,Mon–Fri 08:30–16:30,Appointment required.,"Some directly observed therapy can be by video; the modeled transaction is a clinic evaluation, not all TB care.",True,"Regular-week model only. Source has differing descriptions of some closure dates, so no date-specific availability is asserted.",Monthly and date-specific closures apply. Source lists a late opening on third Tuesdays and shortened or closed last Thursdays; confirm your appointment.,https://www.nyc.gov/site/doh/services/tuberculosis-chest-centers.page,2026-09-24,"[{""days"": [0, 1, 2, 3, 4], ""start"": ""08:30"", ""end"": ""16:30""}]"
tb-clinic-visit-washington-heights-chest-center,Washington Heights Chest Center,TB clinic visit,NYC Health,Health,Manhattan,Not provided in current directory,in_person,closed,Closed at this time,Check the official page before visiting.,Remote completion has not been verified for this transaction.,,,,https://www.nyc.gov/site/doh/services/tuberculosis-chest-centers.page,2026-09-24,null
finance-counter-service-manhattan-business-center,Manhattan Business Center,Finance counter service,Department of Finance,Taxes & payments,Manhattan,"66 John Street, 2nd Floor",in_person,active,Mon–Fri 08:30–16:30,Check the official page before visiting.,"Many payments and parking-ticket disputes can be completed online, by app or by mail. Check the specific transaction.",False,General business-center hours; specialized counters may have narrower schedules. Closed public holidays.,,https://www.nyc.gov/site/finance/about/contact-us-visit-manhattan.page,2026-09-24,"[{""days"": [0, 1, 2, 3, 4], ""start"": ""08:30"", ""end"": ""16:30""}]"
finance-counter-service-bronx-business-center,Bronx Business Center,Finance counter service,Department of Finance,Taxes & payments,Bronx,"3030 Third Avenue, 2nd Floor",in_person,active,Mon–Fri 08:30–16:30,Check the official page before visiting.,"Many payments and parking-ticket disputes can be completed online, by app or by mail. Check the specific transaction.",False,General business-center hours; specialized counters may have narrower schedules. Closed public holidays.,,https://www.nyc.gov/site/finance/about/contact-us-visit-bronx.page,2026-09-24,"[{""days"": [0, 1, 2, 3, 4], ""start"": ""08:30"", ""end"": ""16:30""}]"
finance-counter-service-brooklyn-business-center,Brooklyn Business Center,Finance counter service,Department of Finance,Taxes & payments,Brooklyn,210 Joralemon Street,in_person,active,Mon–Fri 08:30–16:30,Check the official page before visiting.,"Many payments and parking-ticket disputes can be completed online, by app or by mail. Check the specific transaction.",False,General business-center hours; specialized counters may have narrower schedules. Closed public holidays.,,https://www.nyc.gov/site/finance/about/contact-us-visit-brooklyn.page,2026-09-24,"[{""days"": [0, 1, 2, 3, 4], ""start"": ""08:30"", ""end"": ""16:30""}]"
finance-counter-service-queens-business-center,Queens Business Center,Finance counter service,Department of Finance,Taxes & payments,Queens,144-06 94th Avenue,in_person,active,Mon–Fri 08:30–16:30,Check the official page before visiting.,"Many payments and parking-ticket disputes can be completed online, by app or by mail. Check the specific transaction.",False,General business-center hours; specialized counters may have narrower schedules. Closed public holidays.,,https://www.nyc.gov/site/finance/about/contact-us-visit-queens.page,2026-09-24,"[{""days"": [0, 1, 2, 3, 4], ""start"": ""08:30"", ""end"": ""16:30""}]"
finance-counter-service-staten-island-business-center,Staten Island Business Center,Finance counter service,Department of Finance,Taxes & payments,Staten Island,350 St. Marks Place,in_person,active,Mon–Fri 08:30–16:30,Check the official page before visiting.,"Many payments and parking-ticket disputes can be completed online, by app or by mail. Check the specific transaction.",False,General business-center hours; specialized counters may have narrower schedules. Closed public holidays.,,https://www.nyc.gov/site/finance/about/contact-us-visit-statenisland.page,2026-09-24,"[{""days"": [0, 1, 2, 3, 4], ""start"": ""08:30"", ""end"": ""16:30""}]"
cash-bail-court-trust-counter-manhattan-cash-bail-court-and-trust,Manhattan Cash Bail & Court and Trust,Cash bail / court & trust counter,Department of Finance,Taxes & payments,Manhattan,"66 John Street, 2nd Floor",in_person,active,Monday and Tuesday 09:00–16:30,Check the official page before visiting.,Remote completion has not been verified for this transaction.,,Appointments available. Other business-center counters follow different hours.,,https://www.nyc.gov/site/finance/about/contact-us-visit-manhattan.page,2026-09-24,"[{""days"": [0, 1], ""start"": ""09:00"", ""end"": ""16:30""}]"
non-criminal-fingerprints-nypd-certificate-of-conduct-fingerprint-unit,NYPD Certificate of Conduct & Fingerprint Unit,Non-criminal fingerprints,NYPD,Identity & records,Manhattan,"One Police Plaza, Room 152-A",in_person,active,Mon–Fri 09:00–16:00,Appointment required; no walk-ins.,"Scheduling is online, but fingerprinting is in person.",True,Office stays open until 17:00; fingerprinting stops at 16:00.,,https://www.nyc.gov/site/nypd/services/law-enforcement/record-requests.page,2026-09-24,"[{""days"": [0, 1, 2, 3, 4], ""start"": ""09:00"", ""end"": ""16:00""}]"
snap-interview-snap-interview-line,SNAP interview line,SNAP interview,HRA,Benefits,Citywide,By phone,phone,active,Mon–Fri 08:30–17:00,On demand after submitting an application; callback may be offered.,This is the phone alternative to an office interview. Application submission and document upload can be online.,False,Interview duration and queue time are not observed; the explorer uses your selected duration.,,https://www.nyc.gov/site/hra/help/ondemandinfo.page,2026-09-24,"[{""days"": [0, 1, 2, 3, 4], ""start"": ""08:30"", ""end"": ""17:00""}]"
child-support-services-bronx-borough-office,Bronx Borough Office,Child support services,HRA / OCSS,Family & support,Bronx,"894 Garrison Avenue, Bronx, NY 10474",in_person,active,Monday - Friday 8:30am to 5:00pm,Check the official page before visiting.,Email responses and customer-service phone appointments are offered. Court-related tasks may follow different rules.,,Hours are for the listed OCSS service location; they do not describe every court proceeding.,,https://www.nyc.gov/site/hra/locations/ocss-locations.page,2026-09-24,"[{""days"": [0, 1, 2, 3, 4], ""start"": ""08:30"", ""end"": ""17:00""}]"
child-support-services-bronx-family-court,Bronx Family Court,Child support services,HRA / OCSS,Family & support,Bronx,"900 Sheridan Avenue, LM Floor, Bronx, NY 10451",in_person,active,Monday - Friday 9:00am to 5:00pm,Check the official page before visiting.,Email responses and customer-service phone appointments are offered. Court-related tasks may follow different rules.,,Hours are for the listed OCSS service location; they do not describe every court proceeding.,,https://www.nyc.gov/site/hra/locations/ocss-locations.page,2026-09-24,"[{""days"": [0, 1, 2, 3, 4], ""start"": ""09:00"", ""end"": ""17:00""}]"
child-support-services-brooklyn-borough-office,Brooklyn Borough Office,Child support services,HRA / OCSS,Family & support,Brooklyn,"2400 Fulton Street,, 4th Floor, Brooklyn, NY 11233",in_person,active,Monday - Friday 8:30am to 5:00pm,Check the official page before visiting.,Email responses and customer-service phone appointments are offered. Court-related tasks may follow different rules.,,Hours are for the listed OCSS service location; they do not describe every court proceeding.,,https://www.nyc.gov/site/hra/locations/ocss-locations.page,2026-09-24,"[{""days"": [0, 1, 2, 3, 4], ""start"": ""08:30"", ""end"": ""17:00""}]"
child-support-services-kings-county-family-court,Kings County Family Court,Child support services,HRA / OCSS,Family & support,Brooklyn,"330 Jay Street, 12th Floor, Brooklyn, NY 11201",in_person,active,Monday - Friday 9:00am to 5:00pm,Check the official page before visiting.,Email responses and customer-service phone appointments are offered. Court-related tasks may follow different rules.,,Hours are for the listed OCSS service location; they do not describe every court proceeding.,,https://www.nyc.gov/site/hra/locations/ocss-locations.page,2026-09-24,"[{""days"": [0, 1, 2, 3, 4], ""start"": ""09:00"", ""end"": ""17:00""}]"
child-support-services-customer-services-walk-in-center,Customer Services Walk-In Center,Child support services,HRA / OCSS,Family & support,Manhattan,"151 W. Broadway, 4th Floor, New York, NY 10013",in_person,active,Monday - Friday 8:00am to 6:00pm,Check the official page before visiting.,Email responses and customer-service phone appointments are offered. Court-related tasks may follow different rules.,,Hours are for the listed OCSS service location; they do not describe every court proceeding.,,https://www.nyc.gov/site/hra/locations/ocss-locations.page,2026-09-24,"[{""days"": [0, 1, 2, 3, 4], ""start"": ""08:00"", ""end"": ""18:00""}]"
child-support-services-manhattan-staten-island-borough-office,Manhattan/Staten Island Borough Office,Child support services,HRA / OCSS,Family & support,Manhattan,"115 Chrystie Street, 3rd Floor, New York, NY 10002",in_person,active,Monday - Friday 8:30am to 5:00pm,Check the official page before visiting.,Email responses and customer-service phone appointments are offered. Court-related tasks may follow different rules.,,Hours are for the listed OCSS service location; they do not describe every court proceeding.,,https://www.nyc.gov/site/hra/locations/ocss-locations.page,2026-09-24,"[{""days"": [0, 1, 2, 3, 4], ""start"": ""08:30"", ""end"": ""17:00""}]"
child-support-services-manhattan-family-court,Manhattan Family Court,Child support services,HRA / OCSS,Family & support,Manhattan,"60 Lafayette Street, 1st Floor, New York, NY 10013",in_person,active,Monday - Friday 9:00am to 5:00pm,Check the official page before visiting.,Email responses and customer-service phone appointments are offered. Court-related tasks may follow different rules.,,Hours are for the listed OCSS service location; they do not describe every court proceeding.,,https://www.nyc.gov/site/hra/locations/ocss-locations.page,2026-09-24,"[{""days"": [0, 1, 2, 3, 4], ""start"": ""09:00"", ""end"": ""17:00""}]"
child-support-services-queens-borough-office,Queens Borough Office,Child support services,HRA / OCSS,Family & support,Queens,"165-08 88th Avenue, 6th Fl., Jamaica, NY 11432",in_person,active,Monday - Friday 8:30am to 5:00pm,Check the official page before visiting.,Email responses and customer-service phone appointments are offered. Court-related tasks may follow different rules.,,Hours are for the listed OCSS service location; they do not describe every court proceeding.,,https://www.nyc.gov/site/hra/locations/ocss-locations.page,2026-09-24,"[{""days"": [0, 1, 2, 3, 4], ""start"": ""08:30"", ""end"": ""17:00""}]"
child-support-services-queens-family-court,Queens Family Court,Child support services,HRA / OCSS,Family & support,Queens,"151-20 Jamaica Avenue, 4th Floor, Queens, NY 11432",in_person,active,Monday - Friday 9:00am to 5:00pm,Check the official page before visiting.,Email responses and customer-service phone appointments are offered. Court-related tasks may follow different rules.,,Hours are for the listed OCSS service location; they do not describe every court proceeding.,,https://www.nyc.gov/site/hra/locations/ocss-locations.page,2026-09-24,"[{""days"": [0, 1, 2, 3, 4], ""start"": ""09:00"", ""end"": ""17:00""}]"
child-support-services-richmond-county-family-court,Richmond County Family Court,Child support services,HRA / OCSS,Family & support,Staten Island,"18 Richmond Terrace, Staten Island, NY 10301",in_person,active,Monday - Friday 9:00am to 5:00pm,Check the official page before visiting.,Email responses and customer-service phone appointments are offered. Court-related tasks may follow different rules.,,Hours are for the listed OCSS service location; they do not describe every court proceeding.,,https://www.nyc.gov/site/hra/locations/ocss-locations.page,2026-09-24,"[{""days"": [0, 1, 2, 3, 4], ""start"": ""09:00"", ""end"": ""17:00""}]"
marriage-license-project-cupid-virtual-appointments,Project Cupid virtual appointments,Marriage license,City Clerk,Identity & records,Citywide,Online appointment,video,active,Virtual appointment times not verified,Appointment required.,A virtual appointment can replace the office visit; available slots have not been collected.,False,Online does not imply availability outside working hours.,,https://portal.311.nyc.gov/article/?kanumber=KA-02115,2026-09-24,null
homebase-housing-support-mott-haven-630-jackson-avenue,Mott Haven — 630 Jackson Avenue,Homebase housing support,HRA / Homebase providers,Housing,Bronx,630 Jackson Avenue,in_person,active,Location-specific hours not published in this directory,Call the provider before visiting. Catchment areas apply.,Call to ask about a suitable appointment and Saturday options. Remote completion is not established.,,Bronxworks. The general FAQ mentions Saturday options; no precise recurring hours are assumed.,,https://www.nyc.gov/site/hra/help/homebase-locations.page,2026-09-24,null
homebase-housing-support-grand-concourse-1130-grand-concourse,Grand Concourse — 1130 Grand Concourse,Homebase housing support,HRA / Homebase providers,Housing,Bronx,1130 Grand Concourse,in_person,active,Location-specific hours not published in this directory,Call the provider before visiting. Catchment areas apply.,Call to ask about a suitable appointment and Saturday options. Remote completion is not established.,,Bronxworks. The general FAQ mentions Saturday options; no precise recurring hours are assumed.,,https://www.nyc.gov/site/hra/help/homebase-locations.page,2026-09-24,null
homebase-housing-support-unionport-2155-blackrock-avenue,Unionport — 2155 Blackrock Avenue,Homebase housing support,HRA / Homebase providers,Housing,Bronx,2155 Blackrock Avenue,in_person,active,Location-specific hours not published in this directory,Call the provider before visiting. Catchment areas apply.,Call to ask about a suitable appointment and Saturday options. Remote completion is not established.,,Catholic Charities Community Services. The general FAQ mentions Saturday options; no precise recurring hours are assumed.,,https://www.nyc.gov/site/hra/help/homebase-locations.page,2026-09-24,null
homebase-housing-support-hunts-point-890-garrison-avenue,Hunts Point — 890 Garrison Avenue,Homebase housing support,HRA / Homebase providers,Housing,Bronx,890 Garrison Avenue,in_person,active,Location-specific hours not published in this directory,Call the provider before visiting. Catchment areas apply.,Call to ask about a suitable appointment and Saturday options. Remote completion is not established.,,Catholic Charities Community Services. The general FAQ mentions Saturday options; no precise recurring hours are assumed.,,https://www.nyc.gov/site/hra/help/homebase-locations.page,2026-09-24,null
homebase-housing-support-bronxdale-2901-whiteplains-road,Bronxdale — 2901 Whiteplains Road,Homebase housing support,HRA / Homebase providers,Housing,Bronx,2901 Whiteplains Road,in_person,active,Location-specific hours not published in this directory,Call the provider before visiting. Catchment areas apply.,Call to ask about a suitable appointment and Saturday options. Remote completion is not established.,,Catholic Charities Community Services. The general FAQ mentions Saturday options; no precise recurring hours are assumed.,,https://www.nyc.gov/site/hra/help/homebase-locations.page,2026-09-24,null
homebase-housing-support-woodlawn-4377-bronx-boulevard,Woodlawn — 4377 Bronx Boulevard,Homebase housing support,HRA / Homebase providers,Housing,Bronx,4377 Bronx Boulevard,in_person,active,Location-specific hours not published in this directory,Call the provider before visiting. Catchment areas apply.,Call to ask about a suitable appointment and Saturday options. Remote completion is not established.,,Catholic Charities Community Services. The general FAQ mentions Saturday options; no precise recurring hours are assumed.,,https://www.nyc.gov/site/hra/help/homebase-locations.page,2026-09-24,null
homebase-housing-support-williamsbridge-815-burke-avenue,Williamsbridge — 815 Burke Avenue,Homebase housing support,HRA / Homebase providers,Housing,Bronx,"815 Burke Avenue, Bronx NY 10467",in_person,active,Location-specific hours not published in this directory,Call the provider before visiting. Catchment areas apply.,Call to ask about a suitable appointment and Saturday options. Remote completion is not established.,,Help USA. The general FAQ mentions Saturday options; no precise recurring hours are assumed.,,https://www.nyc.gov/site/hra/help/homebase-locations.page,2026-09-24,null
homebase-housing-support-mount-hope-1780-grand-concourse,Mount Hope — 1780 Grand Concourse,Homebase housing support,HRA / Homebase providers,Housing,Bronx,1780 Grand Concourse,in_person,active,Location-specific hours not published in this directory,Call the provider before visiting. Catchment areas apply.,Call to ask about a suitable appointment and Saturday options. Remote completion is not established.,,Help USA. The general FAQ mentions Saturday options; no precise recurring hours are assumed.,,https://www.nyc.gov/site/hra/help/homebase-locations.page,2026-09-24,null
homebase-housing-support-parkchester-1860-east-tremont-avenue,Parkchester — 1860 East Tremont Avenue,Homebase housing support,HRA / Homebase providers,Housing,Bronx,1860 East Tremont Avenue,in_person,active,Location-specific hours not published in this directory,Call the provider before visiting. Catchment areas apply.,Call to ask about a suitable appointment and Saturday options. Remote completion is not established.,,Help USA. The general FAQ mentions Saturday options; no precise recurring hours are assumed.,,https://www.nyc.gov/site/hra/help/homebase-locations.page,2026-09-24,null
homebase-housing-support-bedford-stuyvesant-1958-fulton-street,Bedford-Stuyvesant — 1958 Fulton Street,Homebase housing support,HRA / Homebase providers,Housing,Brooklyn,1958 Fulton Street,in_person,active,Location-specific hours not published in this directory,Call the provider before visiting. Catchment areas apply.,Call to ask about a suitable appointment and Saturday options. Remote completion is not established.,,CAMBA. The general FAQ mentions Saturday options; no precise recurring hours are assumed.,,https://www.nyc.gov/site/hra/help/homebase-locations.page,2026-09-24,null
homebase-housing-support-crown-heights-1117-eastern-parkway,Crown Heights — 1117 Eastern Parkway,Homebase housing support,HRA / Homebase providers,Housing,Brooklyn,1117 Eastern Parkway,in_person,active,Location-specific hours not published in this directory,Call the provider before visiting. Catchment areas apply.,Call to ask about a suitable appointment and Saturday options. Remote completion is not established.,,CAMBA. The general FAQ mentions Saturday options; no precise recurring hours are assumed.,,https://www.nyc.gov/site/hra/help/homebase-locations.page,2026-09-24,null
homebase-housing-support-flatbush-2244-church-avenue,Flatbush — 2244 Church Avenue,Homebase housing support,HRA / Homebase providers,Housing,Brooklyn,2244 Church Avenue,in_person,active,Location-specific hours not published in this directory,Call the provider before visiting. Catchment areas apply.,Call to ask about a suitable appointment and Saturday options. Remote completion is not established.,,CAMBA. The general FAQ mentions Saturday options; no precise recurring hours are assumed.,,https://www.nyc.gov/site/hra/help/homebase-locations.page,2026-09-24,null
homebase-housing-support-east-flatbush-1900a-ralph-avenue,East Flatbush — 1900A Ralph Avenue,Homebase housing support,HRA / Homebase providers,Housing,Brooklyn,1900A Ralph Avenue,in_person,active,Location-specific hours not published in this directory,Call the provider before visiting. Catchment areas apply.,Call to ask about a suitable appointment and Saturday options. Remote completion is not established.,,Catholic Charities Neighborhood Services. The general FAQ mentions Saturday options; no precise recurring hours are assumed.,,https://www.nyc.gov/site/hra/help/homebase-locations.page,2026-09-24,null
homebase-housing-support-east-new-york-3060-fulton-street,East New York — 3060 Fulton Street,Homebase housing support,HRA / Homebase providers,Housing,Brooklyn,3060 Fulton Street,in_person,active,Location-specific hours not published in this directory,Call the provider before visiting. Catchment areas apply.,Call to ask about a suitable appointment and Saturday options. Remote completion is not established.,,Catholic Charities Neighborhood Services. The general FAQ mentions Saturday options; no precise recurring hours are assumed.,,https://www.nyc.gov/site/hra/help/homebase-locations.page,2026-09-24,null
homebase-housing-support-east-new-york-560-livonia-avenue,East New York — 560 Livonia Avenue,Homebase housing support,HRA / Homebase providers,Housing,Brooklyn,560 Livonia Avenue,in_person,active,Location-specific hours not published in this directory,Call the provider before visiting. Catchment areas apply.,Call to ask about a suitable appointment and Saturday options. Remote completion is not established.,,Catholic Charities Neighborhood Services. The general FAQ mentions Saturday options; no precise recurring hours are assumed.,,https://www.nyc.gov/site/hra/help/homebase-locations.page,2026-09-24,null
homebase-housing-support-bushwick-535-bushwick-avenue,Bushwick — 535 Bushwick Avenue,Homebase housing support,HRA / Homebase providers,Housing,Brooklyn,535 Bushwick Avenue,in_person,active,Location-specific hours not published in this directory,Call the provider before visiting. Catchment areas apply.,Call to ask about a suitable appointment and Saturday options. Remote completion is not established.,,RiseBoro Community Partnership. The general FAQ mentions Saturday options; no precise recurring hours are assumed.,,https://www.nyc.gov/site/hra/help/homebase-locations.page,2026-09-24,null
homebase-housing-support-bushwick-north-380-grove-street,Bushwick North — 380 Grove Street,Homebase housing support,HRA / Homebase providers,Housing,Brooklyn,"380 Grove Street, 1st Floor",in_person,active,Location-specific hours not published in this directory,Call the provider before visiting. Catchment areas apply.,Call to ask about a suitable appointment and Saturday options. Remote completion is not established.,,RiseBoro Community Partnership. The general FAQ mentions Saturday options; no precise recurring hours are assumed.,,https://www.nyc.gov/site/hra/help/homebase-locations.page,2026-09-24,null
homebase-housing-support-brownsville-145-east-98th-street,Brownsville — 145 East 98th Street,Homebase housing support,HRA / Homebase providers,Housing,Brooklyn,145 East 98th Street,in_person,active,Location-specific hours not published in this directory,Call the provider before visiting. Catchment areas apply.,Call to ask about a suitable appointment and Saturday options. Remote completion is not established.,,RiseBoro Community Partnership. The general FAQ mentions Saturday options; no precise recurring hours are assumed.,,https://www.nyc.gov/site/hra/help/homebase-locations.page,2026-09-24,null
homebase-housing-support-brownsville-1875-broadway,Brownsville — 1875 Broadway,Homebase housing support,HRA / Homebase providers,Housing,Brooklyn,"1875 Broadway, 1st fl",in_person,active,Location-specific hours not published in this directory,Call the provider before visiting. Catchment areas apply.,Call to ask about a suitable appointment and Saturday options. Remote completion is not established.,,RiseBoro Community Partnership. The general FAQ mentions Saturday options; no precise recurring hours are assumed.,,https://www.nyc.gov/site/hra/help/homebase-locations.page,2026-09-24,null
homebase-housing-support-washington-heights-516-west-181st-st,Washington Heights — 516 West 181st St,Homebase housing support,HRA / Homebase providers,Housing,Manhattan,"516 West 181st St, 4th Floor",in_person,active,Location-specific hours not published in this directory,Call the provider before visiting. Catchment areas apply.,Call to ask about a suitable appointment and Saturday options. Remote completion is not established.,,"SUS - Urgent Housing Programs, Inc.. The general FAQ mentions Saturday options; no precise recurring hours are assumed.",,https://www.nyc.gov/site/hra/help/homebase-locations.page,2026-09-24,null
homebase-housing-support-east-harlem-2322-3rd-avenue,East Harlem — 2322 3rd Avenue,Homebase housing support,HRA / Homebase providers,Housing,Manhattan,"2322 3rd Avenue, 3rd Floor",in_person,active,Location-specific hours not published in this directory,Call the provider before visiting. Catchment areas apply.,Call to ask about a suitable appointment and Saturday options. Remote completion is not established.,,"SUS - Urgent Housing Programs, Inc.. The general FAQ mentions Saturday options; no precise recurring hours are assumed.",,https://www.nyc.gov/site/hra/help/homebase-locations.page,2026-09-24,null
homebase-housing-support-jamaica-161-10-jamaica-avenue,Jamaica — 161-10 Jamaica Avenue,Homebase housing support,HRA / Homebase providers,Housing,Queens,"161-10 Jamaica Avenue, 5th Floor",in_person,active,Location-specific hours not published in this directory,Call the provider before visiting. Catchment areas apply.,Call to ask about a suitable appointment and Saturday options. Remote completion is not established.,,Catholic Charities Neighborhood Services. The general FAQ mentions Saturday options; no precise recurring hours are assumed.,,https://www.nyc.gov/site/hra/help/homebase-locations.page,2026-09-24,null
homebase-housing-support-rockaways-1847-mott-avenue-temporarily-closed,Rockaways — 1847 Mott Avenue (temporarily closed),Homebase housing support,HRA / Homebase providers,Housing,Queens,1847 Mott Avenue (temporarily closed),in_person,closed,Location-specific hours not published in this directory,Call the provider before visiting. Catchment areas apply.,Call to ask about a suitable appointment and Saturday options. Remote completion is not established.,,Catholic Charities Neighborhood Services. The general FAQ mentions Saturday options; no precise recurring hours are assumed.,,https://www.nyc.gov/site/hra/help/homebase-locations.page,2026-09-24,null
homebase-housing-support-st-george-120-stuyvesant-place,St. George — 120 Stuyvesant Place,Homebase housing support,HRA / Homebase providers,Housing,Staten Island,"120 Stuyvesant Place, 4th Floor, Suite 413",in_person,active,Location-specific hours not published in this directory,Call the provider before visiting. Catchment areas apply.,Call to ask about a suitable appointment and Saturday options. Remote completion is not established.,,CAMBA. The general FAQ mentions Saturday options; no precise recurring hours are assumed.,,https://www.nyc.gov/site/hra/help/homebase-locations.page,2026-09-24,null
homebase-housing-support-tompkinsville-209-bay-street,Tompkinsville — 209 Bay Street,Homebase housing support,HRA / Homebase providers,Housing,Staten Island,209 Bay Street,in_person,active,Location-specific hours not published in this directory,Call the provider before visiting. Catchment areas apply.,Call to ask about a suitable appointment and Saturday options. Remote completion is not established.,,CAMBA. The general FAQ mentions Saturday options; no precise recurring hours are assumed.,,https://www.nyc.gov/site/hra/help/homebase-locations.page,2026-09-24,null
workforce1-career-help-bronx-workforce1-career-center,Bronx Workforce1 Career Center,Workforce1 career help,SBS / Workforce1,Employment,Bronx,"400 East Fordham Road, 8th Floor (entrance on Webster Avenue), Bronx, NY 10458",in_person,active,Center-specific hours not published in this directory,Connect with the Workforce1 team to arrange services.,Online and phone services are offered. Actual appointment schedules vary by center.,False,"The program describes usual weekday hours, not a verified schedule for each location. This row stays unverified.",,https://www.nyc.gov/site/sbs/careers/wf1-career-centers.page,2026-09-24,null
workforce1-career-help-hunts-point-workforce1-career-center,Hunts Point Workforce1 Career Center,Workforce1 career help,SBS / Workforce1,Employment,Bronx,"1029 East 163rd Street, 3rd Floor, Bronx, NY 10459",in_person,active,Center-specific hours not published in this directory,Connect with the Workforce1 team to arrange services.,Online and phone services are offered. Actual appointment schedules vary by center.,False,"The program describes usual weekday hours, not a verified schedule for each location. This row stays unverified.",,https://www.nyc.gov/site/sbs/careers/wf1-career-centers.page,2026-09-24,null
workforce1-career-help-west-farms-workforce1-career-center,West Farms Workforce1 Career Center,Workforce1 career help,SBS / Workforce1,Employment,Bronx,"901 East Tremont Avenue, 2nd Floor, Bronx, NY 10460",in_person,active,Center-specific hours not published in this directory,Connect with the Workforce1 team to arrange services.,Online and phone services are offered. Actual appointment schedules vary by center.,False,"The program describes usual weekday hours, not a verified schedule for each location. This row stays unverified.",,https://www.nyc.gov/site/sbs/careers/wf1-career-centers.page,2026-09-24,null
workforce1-career-help-bronx-workforce1-industrial-transportation-career-center,Bronx Workforce1 Industrial & Transportation Career Center,Workforce1 career help,SBS / Workforce1,Employment,Bronx,"14 Bruckner Boulevard, 3rd Floor, Bronx, NY 10454",in_person,active,Center-specific hours not published in this directory,Connect with the Workforce1 team to arrange services.,Online and phone services are offered. Actual appointment schedules vary by center.,False,"The program describes usual weekday hours, not a verified schedule for each location. This row stays unverified.",,https://www.nyc.gov/site/sbs/careers/wf1-career-centers.page,2026-09-24,null
workforce1-career-help-brooklyn-workforce1-career-center,Brooklyn Workforce1 Career Center,Workforce1 career help,SBS / Workforce1,Employment,Brooklyn,"9 Bond Street, 5th Floor, Brooklyn, NY 11201",in_person,active,Center-specific hours not published in this directory,Connect with the Workforce1 team to arrange services.,Online and phone services are offered. Actual appointment schedules vary by center.,False,"The program describes usual weekday hours, not a verified schedule for each location. This row stays unverified.",,https://www.nyc.gov/site/sbs/careers/wf1-career-centers.page,2026-09-24,null
workforce1-career-help-coney-island-workforce1-career-center,Coney Island Workforce1 Career Center,Workforce1 career help,SBS / Workforce1,Employment,Brooklyn,"[Operating Virtually], Brooklyn, NY 11224",video,active,Center-specific hours not published in this directory,Connect with the Workforce1 team to arrange services.,Online and phone services are offered. Actual appointment schedules vary by center.,False,"The program describes usual weekday hours, not a verified schedule for each location. This row stays unverified.",,https://www.nyc.gov/site/sbs/careers/wf1-career-centers.page,2026-09-24,null
workforce1-career-help-east-new-york-workforce1-career-center,East New York Workforce1 Career Center,Workforce1 career help,SBS / Workforce1,Employment,Brooklyn,"2617 Atlantic Avenue, Brooklyn, NY 11207",in_person,active,Center-specific hours not published in this directory,Connect with the Workforce1 team to arrange services.,Online and phone services are offered. Actual appointment schedules vary by center.,False,"The program describes usual weekday hours, not a verified schedule for each location. This row stays unverified.",,https://www.nyc.gov/site/sbs/careers/wf1-career-centers.page,2026-09-24,null
workforce1-career-help-brooklyn-workforce1-industrial-transportation-career-center,Brooklyn Workforce1 Industrial & Transportation Career Center,Workforce1 career help,SBS / Workforce1,Employment,Brooklyn,"Brooklyn Army Terminal, 140 58th Street, Building B Lobby, Brooklyn, NY 11220",in_person,active,Center-specific hours not published in this directory,Connect with the Workforce1 team to arrange services.,Online and phone services are offered. Actual appointment schedules vary by center.,False,"The program describes usual weekday hours, not a verified schedule for each location. This row stays unverified.",,https://www.nyc.gov/site/sbs/careers/wf1-career-centers.page,2026-09-24,null
workforce1-career-help-upper-manhattan-workforce1-career-center,Upper Manhattan Workforce1 Career Center,Workforce1 career help,SBS / Workforce1,Employment,Manhattan,"215 West 125th Street, 6th Floor, New York, NY 10027",in_person,active,Center-specific hours not published in this directory,Connect with the Workforce1 team to arrange services.,Online and phone services are offered. Actual appointment schedules vary by center.,False,"The program describes usual weekday hours, not a verified schedule for each location. This row stays unverified.",,https://www.nyc.gov/site/sbs/careers/wf1-career-centers.page,2026-09-24,null
workforce1-career-help-washington-heights-workforce1-career-center,Washington Heights Workforce1 Career Center,Workforce1 career help,SBS / Workforce1,Employment,Manhattan,"516 West 181st Street, 5th Floor, New York, NY 10033",in_person,active,Center-specific hours not published in this directory,Connect with the Workforce1 team to arrange services.,Online and phone services are offered. Actual appointment schedules vary by center.,False,"The program describes usual weekday hours, not a verified schedule for each location. This row stays unverified.",,https://www.nyc.gov/site/sbs/careers/wf1-career-centers.page,2026-09-24,null
workforce1-career-help-healthcare-workforce1-career-center,Healthcare Workforce1 Career Center,Workforce1 career help,SBS / Workforce1,Employment,Manhattan,"14 Wall Street, 17th Floor, New York, NY 10005",in_person,active,Center-specific hours not published in this directory,Connect with the Workforce1 team to arrange services.,Online and phone services are offered. Actual appointment schedules vary by center.,False,"The program describes usual weekday hours, not a verified schedule for each location. This row stays unverified.",,https://www.nyc.gov/site/sbs/careers/wf1-career-centers.page,2026-09-24,null
workforce1-career-help-queens-workforce1-career-center,Queens Workforce1 Career Center,Workforce1 career help,SBS / Workforce1,Employment,Queens,"168-25 Jamaica Avenue, 2nd Floor, Jamaica, NY 11432",in_person,active,Center-specific hours not published in this directory,Connect with the Workforce1 team to arrange services.,Online and phone services are offered. Actual appointment schedules vary by center.,False,"The program describes usual weekday hours, not a verified schedule for each location. This row stays unverified.",,https://www.nyc.gov/site/sbs/careers/wf1-career-centers.page,2026-09-24,null
workforce1-career-help-far-rockaway-workforce1-career-center,Far Rockaway Workforce1 Career Center,Workforce1 career help,SBS / Workforce1,Employment,Queens,"57-17 Rockaway Beach Boulevard, Arvene, NY 11692",in_person,active,Center-specific hours not published in this directory,Connect with the Workforce1 team to arrange services.,Online and phone services are offered. Actual appointment schedules vary by center.,False,"The program describes usual weekday hours, not a verified schedule for each location. This row stays unverified.",,https://www.nyc.gov/site/sbs/careers/wf1-career-centers.page,2026-09-24,null
workforce1-career-help-flushing-workforce1-career-center,Flushing Workforce1 Career Center,Workforce1 career help,SBS / Workforce1,Employment,Queens,"41-17 Main Street, 3rd Floor, Flushing, NY 11355",in_person,active,Center-specific hours not published in this directory,Connect with the Workforce1 team to arrange services.,Online and phone services are offered. Actual appointment schedules vary by center.,False,"The program describes usual weekday hours, not a verified schedule for each location. This row stays unverified.",,https://www.nyc.gov/site/sbs/careers/wf1-career-centers.page,2026-09-24,null
workforce1-career-help-workforce1-industrial-transportation-career-center,Workforce1 Industrial & Transportation Career Center,Workforce1 career help,SBS / Workforce1,Employment,Queens,"168-46 91 Avenue, 2nd Floor, Jamaica, NY 11432",in_person,active,Center-specific hours not published in this directory,Connect with the Workforce1 team to arrange services.,Online and phone services are offered. Actual appointment schedules vary by center.,False,"The program describes usual weekday hours, not a verified schedule for each location. This row stays unverified.",,https://www.nyc.gov/site/sbs/careers/wf1-career-centers.page,2026-09-24,null
workforce1-career-help-long-island-city-workforce1-industrial-transportation-career-center,Long Island City Workforce1 Industrial & Transportation Career Center,Workforce1 career help,SBS / Workforce1,Employment,Queens,"47-10 Austell Place, Long Island City, NY 11101",in_person,active,Center-specific hours not published in this directory,Connect with the Workforce1 team to arrange services.,Online and phone services are offered. Actual appointment schedules vary by center.,False,"The program describes usual weekday hours, not a verified schedule for each location. This row stays unverified.",,https://www.nyc.gov/site/sbs/careers/wf1-career-centers.page,2026-09-24,null
workforce1-career-help-staten-island-workforce1-career-center,Staten Island Workforce1 Career Center,Workforce1 career help,SBS / Workforce1,Employment,Staten Island,"120 Stuyvesant Place, 3rd Floor, Staten Island, NY 10301",in_person,active,Center-specific hours not published in this directory,Connect with the Workforce1 team to arrange services.,Online and phone services are offered. Actual appointment schedules vary by center.,False,"The program describes usual weekday hours, not a verified schedule for each location. This row stays unverified.",,https://www.nyc.gov/site/sbs/careers/wf1-career-centers.page,2026-09-24,null
workforce1-career-help-staten-island-workforce1-industrial-transportation-career-center,Staten Island Workforce1 Industrial & Transportation Career Center,Workforce1 career help,SBS / Workforce1,Employment,Staten Island,"120 Stuyvesant Place, 3rd Floor, Staten Island, NY 10301",in_person,active,Center-specific hours not published in this directory,Connect with the Workforce1 team to arrange services.,Online and phone services are offered. Actual appointment schedules vary by center.,False,"The program describes usual weekday hours, not a verified schedule for each location. This row stays unverified.",,https://www.nyc.gov/site/sbs/careers/wf1-career-centers.page,2026-09-24,null
fjc-manhattan,Manhattan Family Justice Center,Family Justice Center support,Mayor’s Office to End Domestic and Gender-Based Violence,Justice & safety,Manhattan,"80 Centre Street, 5th Floor, New York, NY 10013",in_person,active,"Monday–Friday, 9 AM–5 PM",No appointment needed,Remote services also available during center hours. Separate 24-hour Hope Hotline: 1-800-621-4673.,False,"Published center hours, not availability of every specialist. Hotline offers immediate safety planning and shelter assistance; not identical to the full center service menu. July 2025 flyer. All centers wheelchair accessible; call ahead for accommodations. Accessible entrance: 10 Hogan Place.",,https://www.nyc.gov/assets/ocdv/downloads/pdf/Accessible_2025-ENDGBDV-FJC-One-Pager_5-9-25-EDIT-FINAL_071725.pdf,2026-09-24,"[{""days"": [0, 1, 2, 3, 4], ""start"": ""09:00"", ""end"": ""17:00""}]"
fjc-brooklyn,Brooklyn Family Justice Center,Family Justice Center support,Mayor’s Office to End Domestic and Gender-Based Violence,Justice & safety,Brooklyn,"350 Jay Street, 15th Floor, Brooklyn, NY 11201",in_person,active,"Monday–Friday, 9 AM–5 PM",No appointment needed,Remote services also available during center hours. Separate 24-hour Hope Hotline: 1-800-621-4673.,False,"Published center hours, not availability of every specialist. Hotline offers immediate safety planning and shelter assistance; not identical to the full center service menu. July 2025 flyer. All centers wheelchair accessible; call ahead for accommodations.",,https://www.nyc.gov/assets/ocdv/downloads/pdf/Accessible_2025-ENDGBDV-FJC-One-Pager_5-9-25-EDIT-FINAL_071725.pdf,2026-09-24,"[{""days"": [0, 1, 2, 3, 4], ""start"": ""09:00"", ""end"": ""17:00""}]"
fjc-queens,Queens Family Justice Center,Family Justice Center support,Mayor’s Office to End Domestic and Gender-Based Violence,Justice & safety,Queens,"126-02 82nd Avenue, Kew Gardens, NY 11415",in_person,active,"Monday–Friday, 9 AM–5 PM",No appointment needed,Remote services also available during center hours. Separate 24-hour Hope Hotline: 1-800-621-4673.,False,"Published center hours, not availability of every specialist. Hotline offers immediate safety planning and shelter assistance; not identical to the full center service menu. July 2025 flyer. All centers wheelchair accessible; call ahead for accommodations.",,https://www.nyc.gov/assets/ocdv/downloads/pdf/Accessible_2025-ENDGBDV-FJC-One-Pager_5-9-25-EDIT-FINAL_071725.pdf,2026-09-24,"[{""days"": [0, 1, 2, 3, 4], ""start"": ""09:00"", ""end"": ""17:00""}]"
fjc-bronx,Bronx Family Justice Center,Family Justice Center support,Mayor’s Office to End Domestic and Gender-Based Violence,Justice & safety,Bronx,"198 E. 161st Street, 2nd Floor, Bronx, NY 10451",in_person,active,"Monday–Friday, 9 AM–5 PM",No appointment needed,Remote services also available during center hours. Separate 24-hour Hope Hotline: 1-800-621-4673.,False,"Published center hours, not availability of every specialist. Hotline offers immediate safety planning and shelter assistance; not identical to the full center service menu. July 2025 flyer. All centers wheelchair accessible; call ahead for accommodations.",,https://www.nyc.gov/assets/ocdv/downloads/pdf/Accessible_2025-ENDGBDV-FJC-One-Pager_5-9-25-EDIT-FINAL_071725.pdf,2026-09-24,"[{""days"": [0, 1, 2, 3, 4], ""start"": ""09:00"", ""end"": ""17:00""}]"
fjc-staten-island,Staten Island Family Justice Center,Family Justice Center support,Mayor’s Office to End Domestic and Gender-Based Violence,Justice & safety,Staten Island,"126 Stuyvesant Place, Staten Island, NY 10301",in_person,active,"Monday–Friday, 9 AM–5 PM",No appointment needed,Remote services also available during center hours. Separate 24-hour Hope Hotline: 1-800-621-4673.,False,"Published center hours, not availability of every specialist. Hotline offers immediate safety planning and shelter assistance; not identical to the full center service menu. July 2025 flyer. All centers wheelchair accessible; call ahead for accommodations.",,https://www.nyc.gov/assets/ocdv/downloads/pdf/Accessible_2025-ENDGBDV-FJC-One-Pager_5-9-25-EDIT-FINAL_071725.pdf,2026-09-24,"[{""days"": [0, 1, 2, 3, 4], ""start"": ""09:00"", ""end"": ""17:00""}]"
dob-bronx,Bronx Buildings Borough Office,Building and property customer service,Department of Buildings,Buildings & permits,Bronx,"1775 Grand Concourse, 5th Floor, Bronx, NY 10453",in_person,active,Weekdays 8:30 AM–4 PM; cashier/record-room tickets stop 3:45 PM. First and third Tuesday: Buildings After Hours 4–7 PM (limited services).,Depends on transaction; check with borough office,Borough phone lines Monday–Friday 8:30 AM–4:30 PM. DOB NOW/eFiling for applicable transactions.,,Weekly schedule excludes twice-monthly extended hours; must not classify as having no after-work access. Buildings After Hours offers guidance and pickup of records already requested and confirmed available. Not all transactions available. Contact office for borough where property is located. Homepage independently confirms 2026 extended-hours program.,"First and third Tuesday each month, 4–7 PM: Buildings After Hours offers limited services. These extra windows are not included in the regular weekly schedule.",https://www.nyc.gov/site/buildings/dob/office-locations.page,2026-09-24,"[{""days"": [0, 1, 2, 3, 4], ""start"": ""08:30"", ""end"": ""16:00""}]"
dob-brooklyn,Brooklyn Buildings Borough Office,Building and property customer service,Department of Buildings,Buildings & permits,Brooklyn,"345 Adams Street, 3rd Floor, Brooklyn, NY 11201",in_person,active,Weekdays 8:30 AM–4 PM; cashier/record-room tickets stop 3:45 PM. First and third Tuesday: Buildings After Hours 4–7 PM (limited services).,Depends on transaction; check with borough office,Borough phone lines Monday–Friday 8:30 AM–4:30 PM. DOB NOW/eFiling for applicable transactions.,,Weekly schedule excludes twice-monthly extended hours; must not classify as having no after-work access. Buildings After Hours offers guidance and pickup of records already requested and confirmed available. Not all transactions available. Contact office for borough where property is located. Homepage independently confirms 2026 extended-hours program.,"First and third Tuesday each month, 4–7 PM: Buildings After Hours offers limited services. These extra windows are not included in the regular weekly schedule.",https://www.nyc.gov/site/buildings/dob/office-locations.page,2026-09-24,"[{""days"": [0, 1, 2, 3, 4], ""start"": ""08:30"", ""end"": ""16:00""}]"
dob-manhattan,Manhattan Buildings Borough Office,Building and property customer service,Department of Buildings,Buildings & permits,Manhattan,"280 Broadway, 1st Floor Customer Service, New York, NY 10007",in_person,active,Weekdays 8:30 AM–4 PM; cashier/record-room tickets stop 3:45 PM. First and third Tuesday: Buildings After Hours 4–7 PM (limited services).,Depends on transaction; check with borough office,Borough phone lines Monday–Friday 8:30 AM–4:30 PM. DOB NOW/eFiling for applicable transactions.,,Weekly schedule excludes twice-monthly extended hours; must not classify as having no after-work access. Buildings After Hours offers guidance and pickup of records already requested and confirmed available. Not all transactions available. Contact office for borough where property is located. Homepage independently confirms 2026 extended-hours program.,"First and third Tuesday each month, 4–7 PM: Buildings After Hours offers limited services. These extra windows are not included in the regular weekly schedule.",https://www.nyc.gov/site/buildings/dob/office-locations.page,2026-09-24,"[{""days"": [0, 1, 2, 3, 4], ""start"": ""08:30"", ""end"": ""16:00""}]"
dob-queens,Queens Buildings Borough Office,Building and property customer service,Department of Buildings,Buildings & permits,Queens,"120-55 Queens Boulevard, Kew Gardens, NY 11424",in_person,active,Weekdays 8:30 AM–4 PM; cashier/record-room tickets stop 3:45 PM. First and third Tuesday: Buildings After Hours 4–7 PM (limited services).,Depends on transaction; check with borough office,Borough phone lines Monday–Friday 8:30 AM–4:30 PM. DOB NOW/eFiling for applicable transactions.,,Weekly schedule excludes twice-monthly extended hours; must not classify as having no after-work access. Buildings After Hours offers guidance and pickup of records already requested and confirmed available. Not all transactions available. Contact office for borough where property is located. Homepage independently confirms 2026 extended-hours program.,"First and third Tuesday each month, 4–7 PM: Buildings After Hours offers limited services. These extra windows are not included in the regular weekly schedule.",https://www.nyc.gov/site/buildings/dob/office-locations.page,2026-09-24,"[{""days"": [0, 1, 2, 3, 4], ""start"": ""08:30"", ""end"": ""16:00""}]"
dob-staten-island,Staten Island Buildings Borough Office,Building and property customer service,Department of Buildings,Buildings & permits,Staten Island,"10 Richmond Terrace, 2nd Floor, Staten Island, NY 10301",in_person,active,Weekdays 8:30 AM–4 PM; cashier/record-room tickets stop 3:45 PM. First and third Tuesday: Buildings After Hours 4–7 PM (limited services).,Depends on transaction; check with borough office,Borough phone lines Monday–Friday 8:30 AM–4:30 PM. DOB NOW/eFiling for applicable transactions.,,Weekly schedule excludes twice-monthly extended hours; must not classify as having no after-work access. Buildings After Hours offers guidance and pickup of records already requested and confirmed available. Not all transactions available. Contact office for borough where property is located. Homepage independently confirms 2026 extended-hours program.,"First and third Tuesday each month, 4–7 PM: Buildings After Hours offers limited services. These extra windows are not included in the regular weekly schedule.",https://www.nyc.gov/site/buildings/dob/office-locations.page,2026-09-24,"[{""days"": [0, 1, 2, 3, 4], ""start"": ""08:30"", ""end"": ""16:00""}]"
oath-manhattan,Manhattan OATH Hearings Division,Administrative summons hearing,Office of Administrative Trials and Hearings,Justice & safety,Manhattan,"66 John Street, 10th and 11th Floors, New York, NY 10038",in_person,active,"Monday–Friday, 8 AM–5 PM (office hours; hearing time assigned)",Hearings must be requested and prescheduled. Email in-person request at least five business days before hearing date.,"Phone hearings available; remote hearings, conferences and Help Center sessions offered.",False,"Office hours are not a menu of selectable hearing appointments. Agency assigns date/time after request. These rows describe hearings, not general Help Center walk-ins.",,https://www.nyc.gov/site/oath/hearings/hearing-in-person.page,2026-09-24,"[{""days"": [0, 1, 2, 3, 4], ""start"": ""08:00"", ""end"": ""17:00""}]"
oath-brooklyn,Brooklyn OATH Hearings Division,Administrative summons hearing,Office of Administrative Trials and Hearings,Justice & safety,Brooklyn,"9 Bond Street, 6th and 7th Floors, Brooklyn, NY 11201",in_person,active,"Monday–Friday, 8 AM–5 PM (office hours; hearing time assigned)",Hearings must be requested and prescheduled. Email in-person request at least five business days before hearing date.,"Phone hearings available; remote hearings, conferences and Help Center sessions offered.",False,"Office hours are not a menu of selectable hearing appointments. Agency assigns date/time after request. These rows describe hearings, not general Help Center walk-ins.",,https://www.nyc.gov/site/oath/hearings/hearing-in-person.page,2026-09-24,"[{""days"": [0, 1, 2, 3, 4], ""start"": ""08:00"", ""end"": ""17:00""}]"
oath-bronx,Bronx OATH Hearings Division,Administrative summons hearing,Office of Administrative Trials and Hearings,Justice & safety,Bronx,"260 E. 161 Street, 6th Floor, Bronx, NY 10451",in_person,active,"Monday–Friday, 8 AM–5 PM (office hours; hearing time assigned)",Hearings must be requested and prescheduled. Email in-person request at least five business days before hearing date.,"Phone hearings available; remote hearings, conferences and Help Center sessions offered.",False,"Office hours are not a menu of selectable hearing appointments. Agency assigns date/time after request. These rows describe hearings, not general Help Center walk-ins. No in-person payments at this location.",,https://www.nyc.gov/site/oath/hearings/hearing-in-person.page,2026-09-24,"[{""days"": [0, 1, 2, 3, 4], ""start"": ""08:00"", ""end"": ""17:00""}]"
oath-queens,Queens OATH Hearings Division,Administrative summons hearing,Office of Administrative Trials and Hearings,Justice & safety,Queens,"31-00 47 Avenue, 3rd and 4th Floors, Long Island City, NY 11101",in_person,active,"Monday–Friday, 8 AM–5 PM (office hours; hearing time assigned)",Hearings must be requested and prescheduled. Email in-person request at least five business days before hearing date.,"Phone hearings available; remote hearings, conferences and Help Center sessions offered.",False,"Office hours are not a menu of selectable hearing appointments. Agency assigns date/time after request. These rows describe hearings, not general Help Center walk-ins.",,https://www.nyc.gov/site/oath/hearings/hearing-in-person.page,2026-09-24,"[{""days"": [0, 1, 2, 3, 4], ""start"": ""08:00"", ""end"": ""17:00""}]"
oath-staten-island,Staten Island OATH Hearings Division,Administrative summons hearing,Office of Administrative Trials and Hearings,Justice & safety,Staten Island,"350 St. Marks Place, Main Floor, Staten Island, NY 10301",in_person,active,"Monday–Friday, 8 AM–5 PM (office hours; hearing time assigned)",Hearings must be requested and prescheduled. Email in-person request at least five business days before hearing date.,"Phone hearings available; remote hearings, conferences and Help Center sessions offered.",False,"Office hours are not a menu of selectable hearing appointments. Agency assigns date/time after request. These rows describe hearings, not general Help Center walk-ins. In-person payments at Department of Finance windows.",,https://www.nyc.gov/site/oath/hearings/hearing-in-person.page,2026-09-24,"[{""days"": [0, 1, 2, 3, 4], ""start"": ""08:00"", ""end"": ""17:00""}]"
dcwp-licensing,DCWP Licensing Center,Business licensing appointment,Department of Consumer and Worker Protection,Business,Manhattan,"42 Broadway, Manhattan",in_person,active,"Monday–Thursday, 8 AM–4 PM",Required; DCWP licensing appointments for hardship cases requiring an in-person visit. Request by email or voicemail.,Many applications and renewals available online 24/7 via Business Toolbox.,,"July 22, 2025 flyer also covers DOHMH licensing at the same center. Not every licensing transaction requires a visit. Callback to schedule within two business days; no live operator on licensing appointment line.",,https://www.nyc.gov/assets/dca/downloads/pdf/businesses/DCWP-Reopening-Flyer-In-Person-Service-By-Appointment.pdf,2026-09-24,"[{""days"": [0, 1, 2, 3], ""start"": ""08:00"", ""end"": ""16:00""}]"
dcwp-collections,DCWP Collections at Licensing Center,Pay DCWP fines and fees in person,Department of Consumer and Worker Protection,Business,Manhattan,"42 Broadway, Manhattan",in_person,active,"Friday only, 9 AM–4 PM",Required; email Collections or call Monday–Friday 9 AM–4 PM.,DCWP fines and fees can be paid online via Business Toolbox.,False,"Same physical office as licensing, different transaction and days. Published July 22, 2025.",,https://www.nyc.gov/assets/dca/downloads/pdf/businesses/DCWP-Reopening-Flyer-In-Person-Service-By-Appointment.pdf,2026-09-24,"[{""days"": [4], ""start"": ""09:00"", ""end"": ""16:00""}]"
sbs-bronx,Bronx NYC Business Solutions Center,Small-business and street-vendor application support,Department of Small Business Services,Business,Bronx,"400 East Fordham Road, 7th Floor, Bronx, NY 10458",in_person,active,"Monday–Friday, 9 AM–5 PM",Not specified,"Business help available online or by phone. SBS hotline 888-727-4692, Monday–Friday 9 AM–5 PM.",False,"Complete seven-center list in DCWP July 31, 2026 General Vendor FAQ. Hours refer to centers, not individual courses or appointment availability. Phone and online service corroborated by NYC311.",,https://www.nyc.gov/site/dca/businesses/faq-general-vendor-licenses.page,2026-09-24,"[{""days"": [0, 1, 2, 3, 4], ""start"": ""09:00"", ""end"": ""17:00""}]"
sbs-brooklyn,Brooklyn NYC Business Solutions Center,Small-business and street-vendor application support,Department of Small Business Services,Business,Brooklyn,"9 Bond Street, 5th Floor, Brooklyn, NY 11201",in_person,active,"Monday–Friday, 9 AM–5 PM",Not specified,"Business help available online or by phone. SBS hotline 888-727-4692, Monday–Friday 9 AM–5 PM.",False,"Complete seven-center list in DCWP July 31, 2026 General Vendor FAQ. Hours refer to centers, not individual courses or appointment availability. Phone and online service corroborated by NYC311.",,https://www.nyc.gov/site/dca/businesses/faq-general-vendor-licenses.page,2026-09-24,"[{""days"": [0, 1, 2, 3, 4], ""start"": ""09:00"", ""end"": ""17:00""}]"
sbs-lower-manhattan,Lower Manhattan NYC Business Solutions Center,Small-business and street-vendor application support,Department of Small Business Services,Business,Manhattan,"14 Wall Street, 17th Floor, New York, NY 10005",in_person,active,"Monday–Friday, 9 AM–5 PM",Not specified,"Business help available online or by phone. SBS hotline 888-727-4692, Monday–Friday 9 AM–5 PM.",False,"Complete seven-center list in DCWP July 31, 2026 General Vendor FAQ. Hours refer to centers, not individual courses or appointment availability. Phone and online service corroborated by NYC311.",,https://www.nyc.gov/site/dca/businesses/faq-general-vendor-licenses.page,2026-09-24,"[{""days"": [0, 1, 2, 3, 4], ""start"": ""09:00"", ""end"": ""17:00""}]"
sbs-upper-manhattan,Upper Manhattan NYC Business Solutions Center,Small-business and street-vendor application support,Department of Small Business Services,Business,Manhattan,"361 West 125th Street, 2nd Floor, New York, NY 10027",in_person,active,"Monday–Friday, 9 AM–5 PM",Not specified,"Business help available online or by phone. SBS hotline 888-727-4692, Monday–Friday 9 AM–5 PM.",False,"Complete seven-center list in DCWP July 31, 2026 General Vendor FAQ. Hours refer to centers, not individual courses or appointment availability. Phone and online service corroborated by NYC311.",,https://www.nyc.gov/site/dca/businesses/faq-general-vendor-licenses.page,2026-09-24,"[{""days"": [0, 1, 2, 3, 4], ""start"": ""09:00"", ""end"": ""17:00""}]"
sbs-washington-heights,Washington Heights NYC Business Solutions Center,Small-business and street-vendor application support,Department of Small Business Services,Business,Manhattan,"560 West 181st Street, 2nd Floor, New York, NY 10033",in_person,active,"Monday–Friday, 9 AM–5 PM",Not specified,"Business help available online or by phone. SBS hotline 888-727-4692, Monday–Friday 9 AM–5 PM.",False,"Complete seven-center list in DCWP July 31, 2026 General Vendor FAQ. Hours refer to centers, not individual courses or appointment availability. Phone and online service corroborated by NYC311.",,https://www.nyc.gov/site/dca/businesses/faq-general-vendor-licenses.page,2026-09-24,"[{""days"": [0, 1, 2, 3, 4], ""start"": ""09:00"", ""end"": ""17:00""}]"
sbs-queens,Queens NYC Business Solutions Center,Small-business and street-vendor application support,Department of Small Business Services,Business,Queens,"90-27 Sutphin Boulevard, 4th Floor, Jamaica, NY 11435",in_person,active,"Monday–Friday, 9 AM–5 PM",Not specified,"Business help available online or by phone. SBS hotline 888-727-4692, Monday–Friday 9 AM–5 PM.",False,"Complete seven-center list in DCWP July 31, 2026 General Vendor FAQ. Hours refer to centers, not individual courses or appointment availability. Phone and online service corroborated by NYC311.",,https://www.nyc.gov/site/dca/businesses/faq-general-vendor-licenses.page,2026-09-24,"[{""days"": [0, 1, 2, 3, 4], ""start"": ""09:00"", ""end"": ""17:00""}]"
sbs-staten-island,Staten Island NYC Business Solutions Center,Small-business and street-vendor application support,Department of Small Business Services,Business,Staten Island,"120 Stuyvesant Place, 3rd Floor, Staten Island, NY 10301",in_person,active,"Monday–Friday, 9 AM–5 PM",Not specified,"Business help available online or by phone. SBS hotline 888-727-4692, Monday–Friday 9 AM–5 PM.",False,"Complete seven-center list in DCWP July 31, 2026 General Vendor FAQ. Hours refer to centers, not individual courses or appointment availability. Phone and online service corroborated by NYC311.",,https://www.nyc.gov/site/dca/businesses/faq-general-vendor-licenses.page,2026-09-24,"[{""days"": [0, 1, 2, 3, 4], ""start"": ""09:00"", ""end"": ""17:00""}]"
dmv-springfield-gardens,Springfield Gardens DMV,"Driver license, ID and vehicle transactions",New York State Department of Motor Vehicles,Driving & ID,Queens,"168-35 ROCKAWAY BLVD, JAMAICA, NY 11434",in_person,active,"Monday–Friday, 7:30 AM–5 PM; Saturday closed","Reservations strongly encouraged. During long waits, only customers with reservations may enter. Transaction-specific requirements apply.",Some transactions available online; eligibility depends on transaction. A generic DMV visit is not universally required.,,Office-level published hours; not guaranteed booking inventory or completion window. State office-specific service notice: Upgrade to Real ID or EDL Renew Photo Document -- New Photo/No Upgrade Renewal Photo Document (No Photo) Exchange Out-of-State License Take a Car or Motorcycle Permit Test Restore a Revoked or Suspended License Apply for Restricted or Conditional License Change Name on a Photo Document Change Information on a Photo Document Get a non-Driver ID After Passing A CDL Road Test-Get a CDL License Register/Get Plates for My Vehicle,State holidays and short-notice closures not modeled.,https://data.ny.gov/resource/9upz-c7xg.json,2026-09-24,"[{""days"": [0], ""start"": ""07:30"", ""end"": ""17:00""}, {""days"": [1], ""start"": ""07:30"", ""end"": ""17:00""}, {""days"": [2], ""start"": ""07:30"", ""end"": ""17:00""}, {""days"": [3], ""start"": ""07:30"", ""end"": ""17:00""}, {""days"": [4], ""start"": ""07:30"", ""end"": ""17:00""}]"
dmv-richmond,Richmond DMV,"Driver license, ID and vehicle transactions",New York State Department of Motor Vehicles,Driving & ID,Staten Island,"1775 SOUTH AVE, WEST SHORE SHOPPING PLAZA, STATEN ISLAND, NY 10314",in_person,active,"Monday–Friday, 7:30 AM–5 PM; Saturday closed","Reservations strongly encouraged. During long waits, only customers with reservations may enter. Transaction-specific requirements apply.",Some transactions available online; eligibility depends on transaction. A generic DMV visit is not universally required.,,Office-level published hours; not guaranteed booking inventory or completion window. State office-specific service notice: Upgrade to Real ID or EDL Renew Photo Document -- New Photo/No Upgrade Renewal Photo Document (No Photo) Exchange Out-of-State License Take a Car or Motorcycle Permit Test Restore a Revoked or Suspended License Apply for Restricted or Conditional License Change Name on a Photo Document Change Information on a Photo Document Get a non-Driver ID After Passing A CDL Road Test-Get a CDL License Register/Get Plates for My Vehicle,State holidays and short-notice closures not modeled.,https://data.ny.gov/resource/9upz-c7xg.json,2026-09-24,"[{""days"": [0], ""start"": ""07:30"", ""end"": ""17:00""}, {""days"": [1], ""start"": ""07:30"", ""end"": ""17:00""}, {""days"": [2], ""start"": ""07:30"", ""end"": ""17:00""}, {""days"": [3], ""start"": ""07:30"", ""end"": ""17:00""}, {""days"": [4], ""start"": ""07:30"", ""end"": ""17:00""}]"
dmv-jamaica,Jamaica DMV,"Driver license, ID and vehicle transactions",New York State Department of Motor Vehicles,Driving & ID,Queens,"168-46 91ST AVE, JAMAICA, NY 11432",in_person,active,"Monday–Friday, 7:30 AM–5 PM; Saturday closed","Reservations strongly encouraged. During long waits, only customers with reservations may enter. Transaction-specific requirements apply.",Some transactions available online; eligibility depends on transaction. A generic DMV visit is not universally required.,,Office-level published hours; not guaranteed booking inventory or completion window. State office-specific service notice: Upgrade to Real ID or EDL Renew Photo Document -- New Photo/No Upgrade Renewal Photo Document (No Photo) Exchange Out-of-State License Take a Car or Motorcycle Permit Test Restore a Revoked or Suspended License Apply for Restricted or Conditional License Change Name on a Photo Document Change Information on a Photo Document Get a non-Driver ID After Passing A CDL Road Test-Get a CDL License Register/Get Plates for My Vehicle,State holidays and short-notice closures not modeled.,https://data.ny.gov/resource/9upz-c7xg.json,2026-09-24,"[{""days"": [0], ""start"": ""07:30"", ""end"": ""17:00""}, {""days"": [1], ""start"": ""07:30"", ""end"": ""17:00""}, {""days"": [2], ""start"": ""07:30"", ""end"": ""17:00""}, {""days"": [3], ""start"": ""07:30"", ""end"": ""17:00""}, {""days"": [4], ""start"": ""07:30"", ""end"": ""17:00""}]"
dmv-lower-manhattan-greenwich-st,Lower Manhattan - Greenwich St. DMV,"Driver license, ID and vehicle transactions",New York State Department of Motor Vehicles,Driving & ID,Manhattan,"11 GREENWICH ST, NEW YORK, NY 10004",in_person,active,"Monday–Friday, 7:30 AM–5 PM; Saturday closed","Reservations strongly encouraged. During long waits, only customers with reservations may enter. Transaction-specific requirements apply.",Some transactions available online; eligibility depends on transaction. A generic DMV visit is not universally required.,,Office-level published hours; not guaranteed booking inventory or completion window. State office-specific service notice: Upgrade to Real ID or EDL Renew Photo Document -- New Photo/No Upgrade Renewal Photo Document (No Photo) Exchange Out-of-State License Take a Car or Motorcycle Permit Test Restore a Revoked or Suspended License Apply for Restricted or Conditional License Change Name on a Photo Document Change Information on a Photo Document Get a non-Driver ID After Passing A CDL Road Test-Get a CDL License Register/Get Plates for My Vehicle,State holidays and short-notice closures not modeled.,https://data.ny.gov/resource/9upz-c7xg.json,2026-09-24,"[{""days"": [0], ""start"": ""07:30"", ""end"": ""17:00""}, {""days"": [1], ""start"": ""07:30"", ""end"": ""17:00""}, {""days"": [2], ""start"": ""07:30"", ""end"": ""17:00""}, {""days"": [3], ""start"": ""07:30"", ""end"": ""17:00""}, {""days"": [4], ""start"": ""07:30"", ""end"": ""17:00""}]"
dmv-college-point,College Point DMV,"Driver license, ID and vehicle transactions",New York State Department of Motor Vehicles,Driving & ID,Queens,"30-56 WHITESTONE EXPY, FLUSHING, NY 11354",in_person,active,"Monday–Friday, 7:30 AM–5 PM; Saturday closed","Reservations strongly encouraged. During long waits, only customers with reservations may enter. Transaction-specific requirements apply.",Some transactions available online; eligibility depends on transaction. A generic DMV visit is not universally required.,,Office-level published hours; not guaranteed booking inventory or completion window. State office-specific service notice: Upgrade to Real ID or EDL Renew Photo Document -- New Photo/No Upgrade Renewal Photo Document (No Photo) Exchange Out-of-State License Take a Car or Motorcycle Permit Test Restore a Revoked or Suspended License Apply for Restricted or Conditional License Change Name on a Photo Document Change Information on a Photo Document Get a non-Driver ID After Passing A CDL Road Test-Get a CDL License Register/Get Plates for My Vehicle,State holidays and short-notice closures not modeled.,https://data.ny.gov/resource/9upz-c7xg.json,2026-09-24,"[{""days"": [0], ""start"": ""07:30"", ""end"": ""17:00""}, {""days"": [1], ""start"": ""07:30"", ""end"": ""17:00""}, {""days"": [2], ""start"": ""07:30"", ""end"": ""17:00""}, {""days"": [3], ""start"": ""07:30"", ""end"": ""17:00""}, {""days"": [4], ""start"": ""07:30"", ""end"": ""17:00""}]"
dmv-midtown-manhattan,Midtown Manhattan DMV,"Driver license, ID and vehicle transactions",New York State Department of Motor Vehicles,Driving & ID,Manhattan,"366 WEST 31ST ST, NEW YORK, NY 10001",in_person,active,"Monday–Friday, 7:30 AM–5 PM; Saturday closed","Reservations strongly encouraged. During long waits, only customers with reservations may enter. Transaction-specific requirements apply.",Some transactions available online; eligibility depends on transaction. A generic DMV visit is not universally required.,,Office-level published hours; not guaranteed booking inventory or completion window. State office-specific service notice: Upgrade to Real ID or EDL Renew Photo Document -- New Photo/No Upgrade Renewal Photo Document (No Photo) Exchange Out-of-State License Take a Car or Motorcycle Permit Test Restore a Revoked or Suspended License Apply for Restricted or Conditional License Change Name on a Photo Document Change Information on a Photo Document Get a non-Driver ID After Passing A CDL Road Test-Get a CDL License Register/Get Plates for My Vehicle,State holidays and short-notice closures not modeled.,https://data.ny.gov/resource/9upz-c7xg.json,2026-09-24,"[{""days"": [0], ""start"": ""07:30"", ""end"": ""17:00""}, {""days"": [1], ""start"": ""07:30"", ""end"": ""17:00""}, {""days"": [2], ""start"": ""07:30"", ""end"": ""17:00""}, {""days"": [3], ""start"": ""07:30"", ""end"": ""17:00""}, {""days"": [4], ""start"": ""07:30"", ""end"": ""17:00""}]"
dmv-license-express,License Express DMV,"Driver license, ID and vehicle transactions",New York State Department of Motor Vehicles,Driving & ID,Manhattan,"145 WEST 30TH ST, NEW YORK, NY 10001",in_person,active,Verification conflict: NYC311 says closed until further notice; state feed lists weekday hours.,"Reservations strongly encouraged. During long waits, only customers with reservations may enter. Transaction-specific requirements apply.",Some transactions available online; eligibility depends on transaction. A generic DMV visit is not universally required.,,Office-level published hours; not guaranteed booking inventory or completion window. Official-source closure conflict: do not use listed state hours for access calculations. State office-specific service notice: Upgrade to Real ID or EDL Renew Photo Document -- New Photo/No Upgrade Renewal Photo Document (No Photo) Exchange Out-of-State License Take a Car or Motorcycle Permit Test Restore a Revoked or Suspended License Apply for Restricted or Conditional License Change Name on a Photo Document Change Information on a Photo Document Get a non-Driver ID After Passing A CDL Road Test-Get a CDL License Register/Get Plates for My Vehicle,Source conflict: closure status must be confirmed before visiting.,https://data.ny.gov/resource/9upz-c7xg.json,2026-09-24,null
dmv-bronx-district-office,Bronx District Office DMV,"Driver license, ID and vehicle transactions",New York State Department of Motor Vehicles,Driving & ID,Bronx,"610 EXTERIOR STREET SUITE B3-02, LEVEL 6, BRONX, NY 10451",in_person,active,"Monday–Friday, 7:30 AM–5 PM; Saturday closed","Reservations strongly encouraged. During long waits, only customers with reservations may enter. Transaction-specific requirements apply.",Some transactions available online; eligibility depends on transaction. A generic DMV visit is not universally required.,,Office-level published hours; not guaranteed booking inventory or completion window. NYC311 labels Bronx locations limited-services offices. State office-specific service notice: Upgrade to Real ID or EDL Renew Photo Document -- New Photo/No Upgrade Renewal Photo Document (No Photo) Exchange Out-of-State License Take a Car or Motorcycle Permit Test Restore a Revoked or Suspended License Apply for Restricted or Conditional License Change Name on a Photo Document Change Information on a Photo Document Get a non-Driver ID After Passing A CDL Road Test-Get a CDL License Register/Get Plates for My Vehicle,State holidays and short-notice closures not modeled.,https://data.ny.gov/resource/9upz-c7xg.json,2026-09-24,"[{""days"": [0], ""start"": ""07:30"", ""end"": ""17:00""}, {""days"": [1], ""start"": ""07:30"", ""end"": ""17:00""}, {""days"": [2], ""start"": ""07:30"", ""end"": ""17:00""}, {""days"": [3], ""start"": ""07:30"", ""end"": ""17:00""}, {""days"": [4], ""start"": ""07:30"", ""end"": ""17:00""}]"
dmv-brooklyn-atlantic-center,Brooklyn - Atlantic Center DMV,"Driver license, ID and vehicle transactions",New York State Department of Motor Vehicles,Driving & ID,Brooklyn,"625 ATLANTIC AVE, BROOKLYN, NY 11217",in_person,active,"Monday–Friday, 7:30 AM–5 PM; Saturday closed","Reservations strongly encouraged. During long waits, only customers with reservations may enter. Transaction-specific requirements apply.",Some transactions available online; eligibility depends on transaction. A generic DMV visit is not universally required.,,Office-level published hours; not guaranteed booking inventory or completion window. State office-specific service notice: Upgrade to Real ID or EDL Renew Photo Document -- New Photo/No Upgrade Renewal Photo Document (No Photo) Exchange Out-of-State License Take a Car or Motorcycle Permit Test Restore a Revoked or Suspended License Apply for Restricted or Conditional License Change Name on a Photo Document Change Information on a Photo Document Get a non-Driver ID After Passing A CDL Road Test-Get a CDL License Register/Get Plates for My Vehicle,State holidays and short-notice closures not modeled.,https://data.ny.gov/resource/9upz-c7xg.json,2026-09-24,"[{""days"": [0], ""start"": ""07:30"", ""end"": ""17:00""}, {""days"": [1], ""start"": ""07:30"", ""end"": ""17:00""}, {""days"": [2], ""start"": ""07:30"", ""end"": ""17:00""}, {""days"": [3], ""start"": ""07:30"", ""end"": ""17:00""}, {""days"": [4], ""start"": ""07:30"", ""end"": ""17:00""}]"
dmv-brooklyn-coney-island,Brooklyn - Coney Island DMV,"Driver license, ID and vehicle transactions",New York State Department of Motor Vehicles,Driving & ID,Brooklyn,"2875 W. 8TH ST, BROOKLYN, NY 11224",in_person,active,"Monday–Friday, 7:30 AM–5 PM; Saturday closed","Reservations strongly encouraged. During long waits, only customers with reservations may enter. Transaction-specific requirements apply.",Some transactions available online; eligibility depends on transaction. A generic DMV visit is not universally required.,,Office-level published hours; not guaranteed booking inventory or completion window. State office-specific service notice: Upgrade to Real ID or EDL Renew Photo Document -- New Photo/No Upgrade Renewal Photo Document (No Photo) Exchange Out-of-State License Take a Car or Motorcycle Permit Test Restore a Revoked or Suspended License Apply for Restricted or Conditional License Change Name on a Photo Document Change Information on a Photo Document Get a non-Driver ID After Passing A CDL Road Test-Get a CDL License Register/Get Plates for My Vehicle,State holidays and short-notice closures not modeled.,https://data.ny.gov/resource/9upz-c7xg.json,2026-09-24,"[{""days"": [0], ""start"": ""07:30"", ""end"": ""17:00""}, {""days"": [1], ""start"": ""07:30"", ""end"": ""17:00""}, {""days"": [2], ""start"": ""07:30"", ""end"": ""17:00""}, {""days"": [3], ""start"": ""07:30"", ""end"": ""17:00""}, {""days"": [4], ""start"": ""07:30"", ""end"": ""17:00""}]"
dmv-bronx-license-center,Bronx License Center DMV,"Driver license, ID and vehicle transactions",New York State Department of Motor Vehicles,Driving & ID,Bronx,"1350 COMMERCE AVE, BRONX, NY 10461",in_person,active,"Monday–Friday, 7:30 AM–5 PM; Saturday closed","Reservations strongly encouraged. During long waits, only customers with reservations may enter. Transaction-specific requirements apply.",Some transactions available online; eligibility depends on transaction. A generic DMV visit is not universally required.,,Office-level published hours; not guaranteed booking inventory or completion window. NYC311 labels Bronx locations limited-services offices. State office-specific service notice: Upgrade to Real ID or EDL Renew Photo Document -- New Photo/No Upgrade Renewal Photo Document (No Photo) Exchange Out-of-State License Take a Car or Motorcycle Permit Test Restore a Revoked or Suspended License Apply for Restricted or Conditional License Change Name on a Photo Document Change Information on a Photo Document Get a non-Driver ID After Passing A CDL Road Test-Get a CDL License Register/Get Plates for My Vehicle,State holidays and short-notice closures not modeled.,https://data.ny.gov/resource/9upz-c7xg.json,2026-09-24,"[{""days"": [0], ""start"": ""07:30"", ""end"": ""17:00""}, {""days"": [1], ""start"": ""07:30"", ""end"": ""17:00""}, {""days"": [2], ""start"": ""07:30"", ""end"": ""17:00""}, {""days"": [3], ""start"": ""07:30"", ""end"": ""17:00""}, {""days"": [4], ""start"": ""07:30"", ""end"": ""17:00""}]"
dmv-harlem,Harlem DMV,"Driver license, ID and vehicle transactions",New York State Department of Motor Vehicles,Driving & ID,Manhattan,"5 WEST 125TH ST, 2ND FLOOR, NEW YORK, NY 10027",in_person,active,"Monday–Friday, 7:30 AM–5 PM; Saturday closed","Reservations strongly encouraged. During long waits, only customers with reservations may enter. Transaction-specific requirements apply.",Some transactions available online; eligibility depends on transaction. A generic DMV visit is not universally required.,,Office-level published hours; not guaranteed booking inventory or completion window. State office-specific service notice: Upgrade to Real ID or EDL Renew Photo Document -- New Photo/No Upgrade Renewal Photo Document (No Photo) Exchange Out-of-State License Take a Car or Motorcycle Permit Test Restore a Revoked or Suspended License Apply for Restricted or Conditional License Change Name on a Photo Document Change Information on a Photo Document Get a non-Driver ID After Passing A CDL Road Test-Get a CDL License Register/Get Plates for My Vehicle,State holidays and short-notice closures not modeled.,https://data.ny.gov/resource/9upz-c7xg.json,2026-09-24,"[{""days"": [0], ""start"": ""07:30"", ""end"": ""17:00""}, {""days"": [1], ""start"": ""07:30"", ""end"": ""17:00""}, {""days"": [2], ""start"": ""07:30"", ""end"": ""17:00""}, {""days"": [3], ""start"": ""07:30"", ""end"": ""17:00""}, {""days"": [4], ""start"": ""07:30"", ""end"": ""17:00""}]"
dmv-queens-hall-unverified,Queens Hall License Express DMV,Driver license and ID transactions (verify current service),New York State Department of Motor Vehicles,Driving & ID,Queens,"65-21 Main Street, Room 130, Queens",in_person,active,"NYC311 lists Monday–Friday 7:30 AM–5 PM, but office absent from both downloaded state feeds; current status unverified.",Verify current office status before booking or visiting.,Transaction-specific online options may exist.,,Not counted as verified open. City directory and current state inventory could not be reconciled.,Current office status unverified.,https://portal.311.nyc.gov/article/?kanumber=KA-02056,2026-09-24,null
nycha-ccc-bronx,NYCHA Bronx Customer Contact Center,Public housing / Section 8 customer assistance,NYCHA,Housing,Bronx,"478 East Fordham Road (1 Fordham Plaza), 2nd Floor, Bronx, NY 10458",in_person,active,Monday–Friday 8 AM–5 PM,Appointments available online,CCC telephone and MyNYCHA online repair tools; task-specific alternatives vary,,Office service envelope; do not apply repair hotline hours to all application tasks.,,https://www.nyc.gov/site/nycha/residents/customer-contact-center.page,2026-09-24,"[{""days"": [0, 1, 2, 3, 4], ""start"": ""08:00"", ""end"": ""17:00""}]"
nycha-ccc-brooklyn,NYCHA Brooklyn Customer Contact Center,Public housing / Section 8 customer assistance,NYCHA,Housing,Brooklyn,"787 Atlantic Avenue, 2nd Floor, Brooklyn, NY 11238",in_person,active,Monday–Friday 8 AM–5 PM,Appointments available online,CCC telephone and MyNYCHA online repair tools; task-specific alternatives vary,,Office service envelope; do not apply repair hotline hours to all application tasks.,,https://www.nyc.gov/site/nycha/residents/customer-contact-center.page,2026-09-24,"[{""days"": [0, 1, 2, 3, 4], ""start"": ""08:00"", ""end"": ""17:00""}]"
boe-executive,Board of Elections Executive Office,Election administration office,NYC Board of Elections,Voting,Manhattan,"32–42 Broadway, 7th Floor, New York, NY 10004",in_person,active,Monday–Friday 9 AM–5 PM,Not specified,Not verified for this task,,Published office envelope. Election-specific extended hours and polling hours are different; executive office transaction availability needs verification.,,https://vote.nyc/page/contact-us,2026-09-24,"[{""days"": [0, 1, 2, 3, 4], ""start"": ""09:00"", ""end"": ""17:00""}]"
boe-bronx,Board of Elections Bronx Office,Election administration office,NYC Board of Elections,Voting,Bronx,"1780 Grand Concourse, 5th Floor, Bronx, NY 10457",in_person,active,Monday–Friday 9 AM–5 PM,Not specified,Not verified for this task,,Published office envelope. Election-specific extended hours and polling hours are different; executive office transaction availability needs verification.,,https://vote.nyc/page/contact-us,2026-09-24,"[{""days"": [0, 1, 2, 3, 4], ""start"": ""09:00"", ""end"": ""17:00""}]"
boe-brooklyn,Board of Elections Brooklyn Office,Election administration office,NYC Board of Elections,Voting,Brooklyn,"345 Adams Street, 4th Floor, Brooklyn, NY 11201",in_person,active,Monday–Friday 9 AM–5 PM,Not specified,Not verified for this task,,Published office envelope. Election-specific extended hours and polling hours are different; executive office transaction availability needs verification.,,https://vote.nyc/page/contact-us,2026-09-24,"[{""days"": [0, 1, 2, 3, 4], ""start"": ""09:00"", ""end"": ""17:00""}]"
boe-queens,Board of Elections Queens Office,Election administration office,NYC Board of Elections,Voting,Queens,"118–35 Queens Boulevard, 11th Floor, Forest Hills, NY 11375",in_person,active,Monday–Friday 9 AM–5 PM,Not specified,Not verified for this task,,Published office envelope. Election-specific extended hours and polling hours are different; executive office transaction availability needs verification.,,https://vote.nyc/page/contact-us,2026-09-24,"[{""days"": [0, 1, 2, 3, 4], ""start"": ""09:00"", ""end"": ""17:00""}]"
boe-manhattan,Board of Elections Manhattan Office,Election administration office,NYC Board of Elections,Voting,Manhattan,"200 Varick Street, 10th Floor, New York, NY 10014",in_person,active,Monday–Friday 9 AM–5 PM,Not specified,Not verified for this task,,Published office envelope. Election-specific extended hours and polling hours are different; executive office transaction availability needs verification.,,https://vote.nyc/page/contact-us,2026-09-24,"[{""days"": [0, 1, 2, 3, 4], ""start"": ""09:00"", ""end"": ""17:00""}]"
boe-staten-island,Board of Elections Staten Island Office,Election administration office,NYC Board of Elections,Voting,Staten Island,"1 Edgewater Plaza, 4th Floor, Staten Island, NY 10305",in_person,active,Monday–Friday 9 AM–5 PM,Not specified,Not verified for this task,,Published office envelope. Election-specific extended hours and polling hours are different; executive office transaction availability needs verification.,,https://vote.nyc/page/contact-us,2026-09-24,"[{""days"": [0, 1, 2, 3, 4], ""start"": ""09:00"", ""end"": ""17:00""}]"
dcas-ctac-bronx,DCAS Bronx CTAC,Civil-service examination application assistance,DCAS,Employment,Bronx,"1932 Arthur Avenue, 2nd Floor, Bronx, NY 10457",in_person,active,"Monday–Friday 9 AM–5 PM, except City holidays",Not specified,OASys online application; oasys@dcas.nyc.gov for questions,,Center opening hours; actual exam attendance follows exam admission notice.,,https://www.nyc.gov/site/dcas/employment/travel-directions-to-the-ctacs.page,2026-09-24,"[{""days"": [0, 1, 2, 3, 4], ""start"": ""09:00"", ""end"": ""17:00""}]"
dcas-ctac-brooklyn,DCAS Brooklyn CTAC,Civil-service examination application assistance,DCAS,Employment,Brooklyn,"210 Joralemon Street, 4th Floor, Brooklyn, NY 11201",in_person,active,"Monday–Friday 9 AM–5 PM, except City holidays",Not specified,OASys online application; oasys@dcas.nyc.gov for questions,,Center opening hours; actual exam attendance follows exam admission notice.,,https://www.nyc.gov/site/dcas/employment/travel-directions-to-the-ctacs.page,2026-09-24,"[{""days"": [0, 1, 2, 3, 4], ""start"": ""09:00"", ""end"": ""17:00""}]"
dcas-ctac-manhattan,DCAS Manhattan CTAC,Civil-service examination application assistance,DCAS,Employment,Manhattan,"2 Lafayette Street, 17th Floor, New York, NY 10007",in_person,active,"Monday–Friday 9 AM–5 PM, except City holidays",Not specified,OASys online application; oasys@dcas.nyc.gov for questions,,Center opening hours; actual exam attendance follows exam admission notice.,,https://www.nyc.gov/site/dcas/employment/travel-directions-to-the-ctacs.page,2026-09-24,"[{""days"": [0, 1, 2, 3, 4], ""start"": ""09:00"", ""end"": ""17:00""}]"
dcas-ctac-queens,DCAS Queens CTAC,Civil-service examination application assistance,DCAS,Employment,Queens,"118–35 Queens Boulevard, 5th Floor, Forest Hills, NY 11375",in_person,active,"Monday–Friday 9 AM–5 PM, except City holidays",Not specified,OASys online application; oasys@dcas.nyc.gov for questions,,Center opening hours; actual exam attendance follows exam admission notice.,,https://www.nyc.gov/site/dcas/employment/travel-directions-to-the-ctacs.page,2026-09-24,"[{""days"": [0, 1, 2, 3, 4], ""start"": ""09:00"", ""end"": ""17:00""}]"
dcas-ctac-staten-island,DCAS Staten Island CTAC,Civil-service examination application assistance,DCAS,Employment,Staten Island,"135 Canal Street, 3rd Floor, Staten Island, NY 10304",in_person,active,"Monday–Friday 9 AM–5 PM, except City holidays",Not specified,OASys online application; oasys@dcas.nyc.gov for questions,,Center opening hours; actual exam attendance follows exam admission notice.,,https://www.nyc.gov/site/dcas/employment/travel-directions-to-the-ctacs.page,2026-09-24,"[{""days"": [0, 1, 2, 3, 4], ""start"": ""09:00"", ""end"": ""17:00""}]"
dvs-bronx-va,DVS at James J. Peters VA Medical Center,Veteran benefits and service navigation,NYC Department of Veterans Services,Veterans,Bronx,"130 West Kingsbridge Road, 4th Floor, Room 4B-06, Bronx, NY 10468-3904",in_person,active,Tuesday 10 AM–4 PM; Thursday 9 AM–noon,Walk-ins welcome,connect@veterans.nyc.gov or 212-416-5250,,DVS satellite staffing only; not hours of host building or VA medical services. Live page differs from cached search results; live page used.,,https://www.nyc.gov/site/veterans/contact/veteran-resource-centers.page,2026-09-24,"[{""days"": [1], ""start"": ""10:00"", ""end"": ""16:00""}, {""days"": [3], ""start"": ""09:00"", ""end"": ""12:00""}]"
dvs-brooklyn-va,DVS at Brooklyn VA Medical Center,Veteran benefits and service navigation,NYC Department of Veterans Services,Veterans,Brooklyn,"800 Poly Place, Room 5-213, Brooklyn, NY 11209",in_person,active,Tuesday & Thursday 10 AM–4 PM,Walk-ins welcome,connect@veterans.nyc.gov or 212-416-5250,,DVS satellite staffing only; not hours of host building or VA medical services. Live page differs from cached search results; live page used.,,https://www.nyc.gov/site/veterans/contact/veteran-resource-centers.page,2026-09-24,"[{""days"": [1, 3], ""start"": ""10:00"", ""end"": ""16:00""}]"
dvs-brooklyn-hra,DVS at Brooklyn HRA Office,Veteran benefits and service navigation,NYC Department of Veterans Services,Veterans,Brooklyn,"25 Chapel Street, Brooklyn, NY 11201",in_person,active,Monday & Tuesday 10 AM–4 PM,Walk-ins welcome,connect@veterans.nyc.gov or 212-416-5250,,DVS satellite staffing only; not hours of host building or VA medical services. Live page differs from cached search results; live page used.,,https://www.nyc.gov/site/veterans/contact/veteran-resource-centers.page,2026-09-24,"[{""days"": [0, 1], ""start"": ""10:00"", ""end"": ""16:00""}]"
dvs-municipal,DVS at Municipal Building,Veteran benefits and service navigation,NYC Department of Veterans Services,Veterans,Manhattan,"1 Centre Street, 22nd Floor, Suite 2213, New York, NY 10007",in_person,active,Monday 11 AM–5 PM; Wednesday & Friday 9 AM–noon,Walk-ins welcome,connect@veterans.nyc.gov or 212-416-5250,,DVS satellite staffing only; not hours of host building or VA medical services. Live page differs from cached search results; live page used.,,https://www.nyc.gov/site/veterans/contact/veteran-resource-centers.page,2026-09-24,"[{""days"": [0], ""start"": ""11:00"", ""end"": ""17:00""}, {""days"": [2, 4], ""start"": ""09:00"", ""end"": ""12:00""}]"
dvs-harlem,DVS at Harlem Vet Center,Veteran benefits and service navigation,NYC Department of Veterans Services,Veterans,Manhattan,"55 W 125th Street, 9th Floor, New York, NY 10027",in_person,active,Wednesday 9 AM–noon,Walk-ins welcome,connect@veterans.nyc.gov or 212-416-5250,,DVS satellite staffing only; not hours of host building or VA medical services. Live page differs from cached search results; live page used.,,https://www.nyc.gov/site/veterans/contact/veteran-resource-centers.page,2026-09-24,"[{""days"": [2], ""start"": ""09:00"", ""end"": ""12:00""}]"
dvs-queens,DVS at Queens Borough Hall,Veteran benefits and service navigation,NYC Department of Veterans Services,Veterans,Queens,"120–55 Queens Boulevard, Kew Gardens, NY 11423",in_person,active,Monday & Thursday 10 AM–4 PM,Walk-ins welcome,connect@veterans.nyc.gov or 212-416-5250,,DVS satellite staffing only; not hours of host building or VA medical services. Live page differs from cached search results; live page used.,,https://www.nyc.gov/site/veterans/contact/veteran-resource-centers.page,2026-09-24,"[{""days"": [0, 3], ""start"": ""10:00"", ""end"": ""16:00""}]"
dvs-staten-island,DVS at Staten Island Borough Hall,Veteran benefits and service navigation,NYC Department of Veterans Services,Veterans,Staten Island,"10 Richmond Terrace, Staten Island, NY 10301",in_person,active,Tuesday 9 AM–5 PM; Thursday 9 AM–noon,Walk-ins welcome,connect@veterans.nyc.gov or 212-416-5250,,DVS satellite staffing only; not hours of host building or VA medical services. Live page differs from cached search results; live page used.,,https://www.nyc.gov/site/veterans/contact/veteran-resource-centers.page,2026-09-24,"[{""days"": [1], ""start"": ""09:00"", ""end"": ""17:00""}, {""days"": [3], ""start"": ""09:00"", ""end"": ""12:00""}]"
doh-vital-records,Office of Vital Records,Birth certificate order,NYC Health Department,Records,Manhattan,"125 Worth Street, CN-4, Room 119 (45 Lafayette Street entrance), New York, NY 10013",in_person,active,Monday–Friday 9 AM–3:30 PM,Appointment required; emergency request process available,Online and mail orders available subject to eligibility,False,"Some eligible in-person orders can receive record same day; not all types. Birth ordering verified, not all vital-record tasks.",,https://portal.311.nyc.gov/article/?kanumber=KA-01012,2026-09-24,"[{""days"": [0, 1, 2, 3, 4], ""start"": ""09:00"", ""end"": ""15:30""}]"
passport-agency-ny,New York Passport Agency,Urgent travel passport appointment,U.S. Department of State,Passport,Manhattan,"Greater New York Federal Building, 376 Hudson Street, New York, NY 10014-3621",in_person,active,Monday–Friday 7:30 AM–4 PM; closed federal holidays,Appointment only,Online appointment booking; this is not online passport issuance,,Urgent international travel within 14 calendar days or foreign visa within 28 days. Not the ordinary passport acceptance-facility network.,,https://travel.state.gov/en/passports/apply/get-fast/make-appointment/new-york.html,2026-09-24,"[{""days"": [0, 1, 2, 3, 4], ""start"": ""07:30"", ""end"": ""16:00""}]"
ssa-card-brooklyn,Social Security Brooklyn Card Center,Social Security number and card assistance,Social Security Administration,Identity,Brooklyn,"154 Pierrepont Street, Sixth Floor, Brooklyn, NY 11201",in_person,active,Hours not verified,Not specified,Some eligible replacement cards and other services available online or by telephone,,Official regional page verifies location; hours and current appointment procedure require office-locator verification. This is not a complete NYC field-office inventory.,,https://www.ssa.gov/ny/services-fo.htm,2026-09-24,null
ssa-card-queens,Social Security Queens Card Center,Social Security number and card assistance,Social Security Administration,Identity,Queens,"155–10 Jamaica Avenue, Second Floor, Jamaica, NY 11432",in_person,active,Hours not verified,Not specified,Some eligible replacement cards and other services available online or by telephone,,Official regional page verifies location; hours and current appointment procedure require office-locator verification. This is not a complete NYC field-office inventory.,,https://www.ssa.gov/ny/services-fo.htm,2026-09-24,null
ssa-card-bronx,Social Security Bronx Card Center,Social Security number and card assistance,Social Security Administration,Identity,Bronx,"820 Concourse Village West, Second Floor, Bronx, NY 10451",in_person,active,Hours not verified,Not specified,Some eligible replacement cards and other services available online or by telephone,,Official regional page verifies location; hours and current appointment procedure require office-locator verification. This is not a complete NYC field-office inventory.,,https://www.ssa.gov/ny/services-fo.htm,2026-09-24,null
ssa-card-manhattan,Social Security Manhattan Card Center,Social Security number and card assistance,Social Security Administration,Identity,Manhattan,"123 William Street, Third Floor, New York, NY 10038",in_person,active,Hours not verified,Not specified,Some eligible replacement cards and other services available online or by telephone,,Official regional page verifies location; hours and current appointment procedure require office-locator verification. This is not a complete NYC field-office inventory.,,https://www.ssa.gov/ny/services-fo.htm,2026-09-24,null
